  ⚠ --only: run SCOPED to 49 of 442 cohort symbols (ledger ./_f1-ledger.json)

╔═══════════════════════════════════════════════════════════════════════════╗
║ R2 — THE 442 RUN · ⚠ WRITES DATA · run #1                               ║
╚═══════════════════════════════════════════════════════════════════════════╝
  started (local) 2026-08-17T07:25:59.431Z
  window: fromDate=2017-04-01  toDate=2025-01-31   ⚠ toDate is the only v3 protection
  spacing: BATCH_SIZE=3 · SESSION_RESET_EVERY_N=3 · 1500ms between batches (production values, unchanged)
  fence baseline: 439 symbols carry v3-era rows · 6572 rows watched
  cohort 49 · already done 0 · to do 49 in 5 chunk(s) of 10 (of 5 for the full cohort)
  ✓ background_jobs running/pending = 0 at start
  ⚠ holds DROPPED (13:00-14:10 · 15:50-16:40 · job gate). Only stop-for-day at 21:10 UTC stands (RETENTION_PRUNE 21:30 is destructive).
  ⚠ throttle watch ARMED: stop at >=5 throttle-shaped failures in one chunk, or >=3 in two consecutive.

  ── chunk 1/5: ABB ANANDRATHI ASIANPAINT ATGL BEL BLUESTARCO BRITANNIA BSE BSOFT CAMS
[NseClient] Session reset (forced)
[NseClient] Initialising session…
[NseClient] Session ready
[legacy-backfill] ABB Quarterly: discovered 31 raw filings
[legacy-backfill] ABB Quarterly: first filing: {
  "symbol": "ABB",
  "companyName": "ABB India Limited",
  "relatingTo": "Fourth Quarter",
  "financialYear": "01-Jan-2024 To 31-Dec-2024",
  "fromDate": "01-Oct-2024",
  "toDate": "31-Dec-2024",
  "filingDate": "17-Feb-2025 22:31",
  "xbrl": "https://nsearchives.nseindia.com/corporate/xbrl/INDAS_120943_1386884_17022025103150.xml",
  "consolidated": "Non-Consolidated",
  "bank": "N",
  "audited": "Audited",
  "indAs": "Ind-AS New",
  "isin": "INE117A01022",
  "seqNumber": "1197046",
  "_raw": {
    "audited": "Audited",
    "bank": "N",
    "broadCastDate": "17-Feb-2025 22:31:51",
    "companyName": "ABB India Limited",
    "consolidated": "Non-Consolidated",
    "cumulative": "Non-cumulative",
    "difference": "00:00:22",
    "exchdisstime": "17-Feb-2025 22:32:13",
    "filingDate": "17-Feb-2025 22:31",
    "financialYear": "01-Jan-2024 To 31-Dec-2024",
    "format": "New",
    "fromDate": "01-Oct-2024",
    "indAs": "Ind-AS New",
    "industry": "-",
    "isin": "INE117A01022",
    "oldNewFlag": "N",
    "params": "01-Oct-202431-Dec-2024Q4ANNNNEABB",
    "period": "Quarterly",
    "reInd": "N",
    "relatingTo": "Fourth Quarter",
    "resultDescription": null,
    "resultDetailedDataLink": null,
    "seqNumber": "1197046",
    "symbol": "ABB",
    "toDate": "31-Dec-2024",
    "xbrl": "https://nsearchives.nseindia.com/corporate/xbrl/INDAS_120943_1386884_17022025103150.xml"
  }
}
[legacy-backfill] ABB Quarterly: 31 discovered → 31 after filter on period-end [2017-04-01..2025-01-31]
[legacy-backfill] ABB Quarterly: 31 after date filter, 28 groups
[legacy-backfill] ABB Annual: discovered 7 raw filings
[legacy-backfill] ABB Annual: first filing: {
  "symbol": "ABB",
  "companyName": "ABB India Limited",
  "relatingTo": "Annual",
  "financialYear": "01-Jan-2024 To 31-Dec-2024",
  "fromDate": "01-Jan-2024",
  "toDate": "31-Dec-2024",
  "filingDate": "17-Feb-2025 22:31",
  "xbrl": "https://nsearchives.nseindia.com/corporate/xbrl/INDAS_120943_1386884_17022025103150.xml",
  "consolidated": "Non-Consolidated",
  "bank": "N",
  "audited": "Audited",
  "indAs": "Ind-AS New",
  "isin": "INE117A01022",
  "seqNumber": "1197047",
  "_raw": {
    "audited": "Audited",
    "bank": "N",
    "broadCastDate": "17-Feb-2025 22:31:52",
    "companyName": "ABB India Limited",
    "consolidated": "Non-Consolidated",
    "cumulative": "Cumulative",
    "difference": "00:00:32",
    "exchdisstime": "17-Feb-2025 22:32:24",
    "filingDate": "17-Feb-2025 22:31",
    "financialYear": "01-Jan-2024 To 31-Dec-2024",
    "format": "New",
    "fromDate": "01-Jan-2024",
    "indAs": "Ind-AS New",
    "industry": "-",
    "isin": "INE117A01022",
    "oldNewFlag": "N",
    "params": "01-Jan-202431-Dec-2024ANANCNNEABB",
    "period": "Annual",
    "reInd": "N",
    "relatingTo": "Annual",
    "resultDescription": null,
    "resultDetailedDataLink": null,
    "seqNumber": "1197047",
    "symbol": "ABB",
    "toDate": "31-Dec-2024",
    "xbrl": "https://nsearchives.nseindia.com/corporate/xbrl/INDAS_120943_1386884_17022025103150.xml"
  }
}
[legacy-backfill] ABB Annual: 7 discovered → 7 after filter on period-end [2017-04-01..2025-01-31]
[legacy-backfill] ABB Annual: 7 after date filter, 7 groups
     ABB            filings=  38 ingested=  38 failed=  0   28.4s
[legacy-backfill] ANANDRATHI Quarterly: discovered 25 raw filings
[legacy-backfill] ANANDRATHI Quarterly: first filing: {
  "symbol": "ANANDRATHI",
  "companyName": "Anand Rathi Wealth Limited",
  "relatingTo": "Third Quarter",
  "financialYear": "01-Apr-2024 To 31-Mar-2025",
  "fromDate": "01-Oct-2024",
  "toDate": "31-Dec-2024",
  "filingDate": "14-Jan-2025 15:36",
  "xbrl": "https://nsearchives.nseindia.com/corporate/xbrl/INDAS_117219_1344926_14012025033644.xml",
  "consolidated": "Consolidated",
  "bank": "N",
  "audited": "Un-Audited",
  "indAs": "Ind-AS New",
  "isin": "INE463V01026",
  "seqNumber": "1189671",
  "_raw": {
    "audited": "Un-Audited",
    "bank": "N",
    "broadCastDate": "14-Jan-2025 15:36:45",
    "companyName": "Anand Rathi Wealth Limited",
    "consolidated": "Consolidated",
    "cumulative": "Non-cumulative",
    "difference": "00:00:17",
    "exchdisstime": "14-Jan-2025 15:37:02",
    "filingDate": "14-Jan-2025 15:36",
    "financialYear": "01-Apr-2024 To 31-Mar-2025",
    "format": "New",
    "fromDate": "01-Oct-2024",
    "indAs": "Ind-AS New",
    "industry": "-",
    "isin": "INE463V01026",
    "oldNewFlag": "N",
    "params": "01-Oct-202431-Dec-2024Q3UNNCNEANANDRATHI",
    "period": "Quarterly",
    "reInd": "N",
    "relatingTo": "Third Quarter",
    "resultDescription": null,
    "resultDetailedDataLink": null,
    "seqNumber": "1189671",
    "symbol": "ANANDRATHI",
    "toDate": "31-Dec-2024",
    "xbrl": "https://nsearchives.nseindia.com/corporate/xbrl/INDAS_117219_1344926_14012025033644.xml"
  }
}
[legacy-backfill] ANANDRATHI Quarterly: 25 discovered → 25 after filter on period-end [2017-04-01..2025-01-31]
[legacy-backfill] ANANDRATHI Quarterly: 25 after date filter, 13 groups
[legacy-backfill] ANANDRATHI Annual: discovered 6 raw filings
[legacy-backfill] ANANDRATHI Annual: first filing: {
  "symbol": "ANANDRATHI",
  "companyName": "Anand Rathi Wealth Limited",
  "relatingTo": "Annual",
  "financialYear": "01-Apr-2023 To 31-Mar-2024",
  "fromDate": "01-Apr-2023",
  "toDate": "31-Mar-2024",
  "filingDate": "12-Apr-2024 20:19",
  "xbrl": "https://nsearchives.nseindia.com/corporate/xbrl/INDAS_104548_1090491_12042024081957.xml",
  "consolidated": "Consolidated",
  "bank": "N",
  "audited": "Audited",
  "indAs": "Ind-AS New",
  "isin": "INE463V01026",
  "seqNumber": "1169051",
  "_raw": {
    "audited": "Audited",
    "bank": "N",
    "broadCastDate": "12-Apr-2024 20:19:58",
    "companyName": "Anand Rathi Wealth Limited",
    "consolidated": "Consolidated",
    "cumulative": "Cumulative",
    "difference": "00:02:18",
    "exchdisstime": "12-Apr-2024 20:22:16",
    "filingDate": "12-Apr-2024 20:19",
    "financialYear": "01-Apr-2023 To 31-Mar-2024",
    "format": "New",
    "fromDate": "01-Apr-2023",
    "indAs": "Ind-AS New",
    "industry": "-",
    "isin": "INE463V01026",
    "oldNewFlag": "N",
    "params": "01-Apr-202331-Mar-2024ANANCCNEANANDRATHI",
    "period": "Annual",
    "reInd": "N",
    "relatingTo": "Annual",
    "resultDescription": null,
    "resultDetailedDataLink": null,
    "seqNumber": "1169051",
    "symbol": "ANANDRATHI",
    "toDate": "31-Mar-2024",
    "xbrl": "https://nsearchives.nseindia.com/corporate/xbrl/INDAS_104548_1090491_12042024081957.xml"
  }
}
[legacy-backfill] ANANDRATHI Annual: 6 discovered → 6 after filter on period-end [2017-04-01..2025-01-31]
[legacy-backfill] ANANDRATHI Annual: 6 after date filter, 3 groups
     ANANDRATHI     filings=  30 ingested=  30 failed=  0   19.6s
[legacy-backfill] ASIANPAINT Quarterly: discovered 55 raw filings
[legacy-backfill] ASIANPAINT Quarterly: first filing: {
  "symbol": "ASIANPAINT",
  "companyName": "Asian Paints Limited",
  "relatingTo": "Third Quarter",
  "financialYear": "01-Apr-2024 To 31-Mar-2025",
  "fromDate": "01-Oct-2024",
  "toDate": "31-Dec-2024",
  "filingDate": "04-Feb-2025 20:06",
  "xbrl": "https://nsearchives.nseindia.com/corporate/xbrl/INDAS_118658_1370927_04022025080634.xml",
  "consolidated": "Consolidated",
  "bank": "N",
  "audited": "Un-Audited",
  "indAs": "Ind-AS New",
  "isin": "INE021A01018",
  "seqNumber": "1192489",
  "_raw": {
    "audited": "Un-Audited",
    "bank": "N",
    "broadCastDate": "04-Feb-2025 20:06:34",
    "companyName": "Asian Paints Limited",
    "consolidated": "Consolidated",
    "cumulative": "Non-cumulative",
    "difference": "00:00:30",
    "exchdisstime": "04-Feb-2025 20:07:04",
    "filingDate": "04-Feb-2025 20:06",
    "financialYear": "01-Apr-2024 To 31-Mar-2025",
    "format": "New",
    "fromDate": "01-Oct-2024",
    "indAs": "Ind-AS New",
    "industry": "-",
    "isin": "INE021A01018",
    "oldNewFlag": "N",
    "params": "01-Oct-202431-Dec-2024Q3UNNCNEASIANPAINT",
    "period": "Quarterly",
    "reInd": "N",
    "relatingTo": "Third Quarter",
    "resultDescription": null,
    "resultDetailedDataLink": null,
    "seqNumber": "1192489",
    "symbol": "ASIANPAINT",
    "toDate": "31-Dec-2024",
    "xbrl": "https://nsearchives.nseindia.com/corporate/xbrl/INDAS_118658_1370927_04022025080634.xml"
  }
}
[legacy-backfill] ASIANPAINT Quarterly: 55 discovered → 55 after filter on period-end [2017-04-01..2025-01-31]
[legacy-backfill] ASIANPAINT Quarterly: 55 after date filter, 28 groups
[NseClient] Request failed (read ECONNRESET), re-establishing session and retrying…
[NseClient] Initialising session…
[NseClient] Session ready
[legacy-backfill] ASIANPAINT Annual: discovered 14 raw filings
[legacy-backfill] ASIANPAINT Annual: first filing: {
  "symbol": "ASIANPAINT",
  "companyName": "Asian Paints Limited",
  "relatingTo": "Annual",
  "financialYear": "01-Apr-2023 To 31-Mar-2024",
  "fromDate": "01-Apr-2023",
  "toDate": "31-Mar-2024",
  "filingDate": "09-May-2024 19:55",
  "xbrl": "https://nsearchives.nseindia.com/corporate/xbrl/INDAS_105555_1119419_09052024075545.xml",
  "consolidated": "Consolidated",
  "bank": "N",
  "audited": "Audited",
  "indAs": "Ind-AS New",
  "isin": "INE021A01018",
  "seqNumber": "1170865",
  "_raw": {
    "audited": "Audited",
    "bank": "N",
    "broadCastDate": "09-May-2024 19:55:47",
    "companyName": "Asian Paints Limited",
    "consolidated": "Consolidated",
    "cumulative": "Cumulative",
    "difference": "00:00:28",
    "exchdisstime": "09-May-2024 19:56:15",
    "filingDate": "09-May-2024 19:55",
    "financialYear": "01-Apr-2023 To 31-Mar-2024",
    "format": "New",
    "fromDate": "01-Apr-2023",
    "indAs": "Ind-AS New",
    "industry": "-",
    "isin": "INE021A01018",
    "oldNewFlag": "N",
    "params": "01-Apr-202331-Mar-2024ANANCCNEASIANPAINT",
    "period": "Annual",
    "reInd": "N",
    "relatingTo": "Annual",
    "resultDescription": null,
    "resultDetailedDataLink": null,
    "seqNumber": "1170865",
    "symbol": "ASIANPAINT",
    "toDate": "31-Mar-2024",
    "xbrl": "https://nsearchives.nseindia.com/corporate/xbrl/INDAS_105555_1119419_09052024075545.xml"
  }
}
[legacy-backfill] ASIANPAINT Annual: 14 discovered → 14 after filter on period-end [2017-04-01..2025-01-31]
[legacy-backfill] ASIANPAINT Annual: 14 after date filter, 7 groups
     ASIANPAINT     filings=  69 ingested=  69 failed=  0   54.7s
[legacy-backfill] ATGL Quarterly: discovered 49 raw filings
[legacy-backfill] ATGL Quarterly: first filing: {
  "symbol": "ATGL",
  "companyName": "Adani Total Gas Limited",
  "relatingTo": "Third Quarter",
  "financialYear": "01-Apr-2024 To 31-Mar-2025",
  "fromDate": "01-Oct-2024",
  "toDate": "31-Dec-2024",
  "filingDate": "27-Jan-2025 20:47",
  "xbrl": "https://nsearchives.nseindia.com/corporate/xbrl/INDAS_117797_1362433_27012025084716.xml",
  "consolidated": "Consolidated",
  "bank": "N",
  "audited": "Un-Audited",
  "indAs": "Ind-AS New",
  "isin": "INE399L01023",
  "seqNumber": "1190803",
  "_raw": {
    "audited": "Un-Audited",
    "bank": "N",
    "broadCastDate": "27-Jan-2025 20:47:16",
    "companyName": "Adani Total Gas Limited",
    "consolidated": "Consolidated",
    "cumulative": "Non-cumulative",
    "difference": "00:00:44",
    "exchdisstime": "27-Jan-2025 20:48:00",
    "filingDate": "27-Jan-2025 20:47",
    "financialYear": "01-Apr-2024 To 31-Mar-2025",
    "format": "New",
    "fromDate": "01-Oct-2024",
    "indAs": "Ind-AS New",
    "industry": "-",
    "isin": "INE399L01023",
    "oldNewFlag": "N",
    "params": "01-Oct-202431-Dec-2024Q3UNNCNEATGL",
    "period": "Quarterly",
    "reInd": "N",
    "relatingTo": "Third Quarter",
    "resultDescription": null,
    "resultDetailedDataLink": null,
    "seqNumber": "1190803",
    "symbol": "ATGL",
    "toDate": "31-Dec-2024",
    "xbrl": "https://nsearchives.nseindia.com/corporate/xbrl/INDAS_117797_1362433_27012025084716.xml"
  }
}
[legacy-backfill] ATGL Quarterly: 49 discovered → 49 after filter on period-end [2017-04-01..2025-01-31]
[legacy-backfill] ATGL Quarterly: 49 after date filter, 25 groups
[legacy-backfill] ATGL Annual: discovered 12 raw filings
[legacy-backfill] ATGL Annual: first filing: {
  "symbol": "ATGL",
  "companyName": "Adani Total Gas Limited",
  "relatingTo": "Annual",
  "financialYear": "01-Apr-2023 To 31-Mar-2024",
  "fromDate": "01-Apr-2023",
  "toDate": "31-Mar-2024",
  "filingDate": "01-May-2024 13:46",
  "xbrl": "https://nsearchives.nseindia.com/corporate/xbrl/INDAS_105100_1113092_01052024014634.xml",
  "consolidated": "Consolidated",
  "bank": "N",
  "audited": "Audited",
  "indAs": "Ind-AS New",
  "isin": "INE399L01023",
  "seqNumber": "1169986",
  "_raw": {
    "audited": "Audited",
    "bank": "N",
    "broadCastDate": "01-May-2024 13:46:35",
    "companyName": "Adani Total Gas Limited",
    "consolidated": "Consolidated",
    "cumulative": "Cumulative",
    "difference": "00:00:19",
    "exchdisstime": "01-May-2024 13:46:54",
    "filingDate": "01-May-2024 13:46",
    "financialYear": "01-Apr-2023 To 31-Mar-2024",
    "format": "New",
    "fromDate": "01-Apr-2023",
    "indAs": "Ind-AS New",
    "industry": "-",
    "isin": "INE399L01023",
    "oldNewFlag": "N",
    "params": "01-Apr-202331-Mar-2024ANANCCNEATGL",
    "period": "Annual",
    "reInd": "N",
    "relatingTo": "Annual",
    "resultDescription": null,
    "resultDetailedDataLink": null,
    "seqNumber": "1169986",
    "symbol": "ATGL",
    "toDate": "31-Mar-2024",
    "xbrl": "https://nsearchives.nseindia.com/corporate/xbrl/INDAS_105100_1113092_01052024014634.xml"
  }
}
[legacy-backfill] ATGL Annual: 12 discovered → 12 after filter on period-end [2017-04-01..2025-01-31]
[legacy-backfill] ATGL Annual: 12 after date filter, 6 groups
     ATGL           filings=  61 ingested=  61 failed=  0   33.8s
[legacy-backfill] BEL Quarterly: discovered 51 raw filings
[legacy-backfill] BEL Quarterly: first filing: {
  "symbol": "BEL",
  "companyName": "Bharat Electronics Limited",
  "relatingTo": "Third Quarter",
  "financialYear": "01-Apr-2024 To 31-Mar-2025",
  "fromDate": "01-Oct-2024",
  "toDate": "31-Dec-2024",
  "filingDate": "30-Jan-2025 15:37",
  "xbrl": "https://nsearchives.nseindia.com/corporate/xbrl/INDAS_118133_1365796_30012025033716.xml",
  "consolidated": "Consolidated",
  "bank": "N",
  "audited": "Un-Audited",
  "indAs": "Ind-AS New",
  "isin": "INE263A01016",
  "seqNumber": "1191461",
  "_raw": {
    "audited": "Un-Audited",
    "bank": "N",
    "broadCastDate": "30-Jan-2025 15:37:17",
    "companyName": "Bharat Electronics Limited",
    "consolidated": "Consolidated",
    "cumulative": "Non-cumulative",
    "difference": "00:00:30",
    "exchdisstime": "30-Jan-2025 15:37:47",
    "filingDate": "30-Jan-2025 15:37",
    "financialYear": "01-Apr-2024 To 31-Mar-2025",
    "format": "New",
    "fromDate": "01-Oct-2024",
    "indAs": "Ind-AS New",
    "industry": "-",
    "isin": "INE263A01016",
    "oldNewFlag": "N",
    "params": "01-Oct-202431-Dec-2024Q3UNNCNEBEL",
    "period": "Quarterly",
    "reInd": "N",
    "relatingTo": "Third Quarter",
    "resultDescription": null,
    "resultDetailedDataLink": null,
    "seqNumber": "1191461",
    "symbol": "BEL",
    "toDate": "31-Dec-2024",
    "xbrl": "https://nsearchives.nseindia.com/corporate/xbrl/INDAS_118133_1365796_30012025033716.xml"
  }
}
[legacy-backfill] BEL Quarterly: 51 discovered → 51 after filter on period-end [2017-04-01..2025-01-31]
[legacy-backfill] BEL Quarterly: 51 after date filter, 28 groups
[NseClient] Request failed (read ECONNRESET), re-establishing session and retrying…
[NseClient] Initialising session…
[NseClient] Session ready
[legacy-backfill] BEL Annual: discovered 14 raw filings
[legacy-backfill] BEL Annual: first filing: {
  "symbol": "BEL",
  "companyName": "Bharat Electronics Limited",
  "relatingTo": "Annual",
  "financialYear": "01-Apr-2023 To 31-Mar-2024",
  "fromDate": "01-Apr-2023",
  "toDate": "31-Mar-2024",
  "filingDate": "20-May-2024 18:29",
  "xbrl": "https://nsearchives.nseindia.com/corporate/xbrl/INDAS_106454_1130734_20052024062945.xml",
  "consolidated": "Consolidated",
  "bank": "N",
  "audited": "Audited",
  "indAs": "Ind-AS New",
  "isin": "INE263A01016",
  "seqNumber": "1172617",
  "_raw": {
    "audited": "Audited",
    "bank": "N",
    "broadCastDate": "20-May-2024 18:29:47",
    "companyName": "Bharat Electronics Limited",
    "consolidated": "Consolidated",
    "cumulative": "Cumulative",
    "difference": "00:00:33",
    "exchdisstime": "20-May-2024 18:30:20",
    "filingDate": "20-May-2024 18:29",
    "financialYear": "01-Apr-2023 To 31-Mar-2024",
    "format": "New",
    "fromDate": "01-Apr-2023",
    "indAs": "Ind-AS New",
    "industry": "-",
    "isin": "INE263A01016",
    "oldNewFlag": "N",
    "params": "01-Apr-202331-Mar-2024ANANCCNEBEL",
    "period": "Annual",
    "reInd": "N",
    "relatingTo": "Annual",
    "resultDescription": null,
    "resultDetailedDataLink": null,
    "seqNumber": "1172617",
    "symbol": "BEL",
    "toDate": "31-Mar-2024",
    "xbrl": "https://nsearchives.nseindia.com/corporate/xbrl/INDAS_106454_1130734_20052024062945.xml"
  }
}
[legacy-backfill] BEL Annual: 14 discovered → 14 after filter on period-end [2017-04-01..2025-01-31]
[legacy-backfill] BEL Annual: 14 after date filter, 7 groups
     BEL            filings=  64 ingested=  64 failed=  0   51.5s
[legacy-backfill] BLUESTARCO Quarterly: discovered 55 raw filings
[legacy-backfill] BLUESTARCO Quarterly: first filing: {
  "symbol": "BLUESTARCO",
  "companyName": "Blue Star Limited",
  "relatingTo": "Third Quarter",
  "financialYear": "01-Apr-2024 To 31-Mar-2025",
  "fromDate": "01-Oct-2024",
  "toDate": "31-Dec-2024",
  "filingDate": "29-Jan-2025 16:27",
  "xbrl": "https://nsearchives.nseindia.com/corporate/xbrl/INDAS_118005_1364561_29012025042748.xml",
  "consolidated": "Consolidated",
  "bank": "N",
  "audited": "Un-Audited",
  "indAs": "Ind-AS New",
  "isin": "INE472A01039",
  "seqNumber": "1191211",
  "_raw": {
    "audited": "Un-Audited",
    "bank": "N",
    "broadCastDate": "29-Jan-2025 16:27:49",
    "companyName": "Blue Star Limited",
    "consolidated": "Consolidated",
    "cumulative": "Non-cumulative",
    "difference": "00:01:20",
    "exchdisstime": "29-Jan-2025 16:29:09",
    "filingDate": "29-Jan-2025 16:27",
    "financialYear": "01-Apr-2024 To 31-Mar-2025",
    "format": "New",
    "fromDate": "01-Oct-2024",
    "indAs": "Ind-AS New",
    "industry": "-",
    "isin": "INE472A01039",
    "oldNewFlag": "N",
    "params": "01-Oct-202431-Dec-2024Q3UNNCNEBLUESTARCO",
    "period": "Quarterly",
    "reInd": "N",
    "relatingTo": "Third Quarter",
    "resultDescription": null,
    "resultDetailedDataLink": null,
    "seqNumber": "1191211",
    "symbol": "BLUESTARCO",
    "toDate": "31-Dec-2024",
    "xbrl": "https://nsearchives.nseindia.com/corporate/xbrl/INDAS_118005_1364561_29012025042748.xml"
  }
}
[legacy-backfill] BLUESTARCO Quarterly: 55 discovered → 55 after filter on period-end [2017-04-01..2025-01-31]
[legacy-backfill] BLUESTARCO Quarterly: 55 after date filter, 28 groups
[legacy-backfill] BLUESTARCO Annual: discovered 13 raw filings
[legacy-backfill] BLUESTARCO Annual: first filing: {
  "symbol": "BLUESTARCO",
  "companyName": "Blue Star Limited",
  "relatingTo": "Annual",
  "financialYear": "01-Apr-2023 To 31-Mar-2024",
  "fromDate": "01-Apr-2023",
  "toDate": "31-Mar-2024",
  "filingDate": "02-May-2024 17:45",
  "xbrl": "https://nsearchives.nseindia.com/corporate/xbrl/INDAS_105159_1113825_02052024054518.xml",
  "consolidated": "Consolidated",
  "bank": "N",
  "audited": "Audited",
  "indAs": "Ind-AS New",
  "isin": "INE472A01039",
  "seqNumber": "1170091",
  "_raw": {
    "audited": "Audited",
    "bank": "N",
    "broadCastDate": "02-May-2024 17:45:19",
    "companyName": "Blue Star Limited",
    "consolidated": "Consolidated",
    "cumulative": "Cumulative",
    "difference": "00:00:18",
    "exchdisstime": "02-May-2024 17:45:37",
    "filingDate": "02-May-2024 17:45",
    "financialYear": "01-Apr-2023 To 31-Mar-2024",
    "format": "New",
    "fromDate": "01-Apr-2023",
    "indAs": "Ind-AS New",
    "industry": "-",
    "isin": "INE472A01039",
    "oldNewFlag": "N",
    "params": "01-Apr-202331-Mar-2024ANANCCNEBLUESTARCO",
    "period": "Annual",
    "reInd": "N",
    "relatingTo": "Annual",
    "resultDescription": null,
    "resultDetailedDataLink": null,
    "seqNumber": "1170091",
    "symbol": "BLUESTARCO",
    "toDate": "31-Mar-2024",
    "xbrl": "https://nsearchives.nseindia.com/corporate/xbrl/INDAS_105159_1113825_02052024054518.xml"
  }
}
[legacy-backfill] BLUESTARCO Annual: 13 discovered → 13 after filter on period-end [2017-04-01..2025-01-31]
[legacy-backfill] BLUESTARCO Annual: 13 after date filter, 7 groups
     BLUESTARCO     filings=  68 ingested=  68 failed=  0   37.3s
[legacy-backfill] BRITANNIA Quarterly: discovered 54 raw filings
[legacy-backfill] BRITANNIA Quarterly: first filing: {
  "symbol": "BRITANNIA",
  "companyName": "Britannia Industries Limited",
  "relatingTo": "Third Quarter",
  "financialYear": "01-Apr-2024 To 31-Mar-2025",
  "fromDate": "01-Oct-2024",
  "toDate": "31-Dec-2024",
  "filingDate": "06-Feb-2025 21:43",
  "xbrl": "https://nsearchives.nseindia.com/corporate/xbrl/INDAS_118969_1373806_06022025094319.xml",
  "consolidated": "Non-Consolidated",
  "bank": "N",
  "audited": "Un-Audited",
  "indAs": "Ind-AS New",
  "isin": "INE216A01014",
  "seqNumber": "1193107",
  "_raw": {
    "audited": "Un-Audited",
    "bank": "N",
    "broadCastDate": "06-Feb-2025 21:43:20",
    "companyName": "Britannia Industries Limited",
    "consolidated": "Non-Consolidated",
    "cumulative": "Non-cumulative",
    "difference": "00:00:39",
    "exchdisstime": "06-Feb-2025 21:43:59",
    "filingDate": "06-Feb-2025 21:43",
    "financialYear": "01-Apr-2024 To 31-Mar-2025",
    "format": "New",
    "fromDate": "01-Oct-2024",
    "indAs": "Ind-AS New",
    "industry": "-",
    "isin": "INE216A01014",
    "oldNewFlag": "N",
    "params": "01-Oct-202431-Dec-2024Q3UNNNNEBRITANNIA",
    "period": "Quarterly",
    "reInd": "N",
    "relatingTo": "Third Quarter",
    "resultDescription": null,
    "resultDetailedDataLink": null,
    "seqNumber": "1193107",
    "symbol": "BRITANNIA",
    "toDate": "31-Dec-2024",
    "xbrl": "https://nsearchives.nseindia.com/corporate/xbrl/INDAS_118969_1373806_06022025094319.xml"
  }
}
[legacy-backfill] BRITANNIA Quarterly: 54 discovered → 54 after filter on period-end [2017-04-01..2025-01-31]
[legacy-backfill] BRITANNIA Quarterly: 54 after date filter, 28 groups
[NseClient] Request failed (read ECONNRESET), re-establishing session and retrying…
[NseClient] Initialising session…
[NseClient] Session ready
[legacy-backfill] BRITANNIA Annual: discovered 13 raw filings
[legacy-backfill] BRITANNIA Annual: first filing: {
  "symbol": "BRITANNIA",
  "companyName": "Britannia Industries Limited",
  "relatingTo": "Annual",
  "financialYear": "01-Apr-2023 To 31-Mar-2024",
  "fromDate": "01-Apr-2023",
  "toDate": "31-Mar-2024",
  "filingDate": "04-May-2024 17:11",
  "xbrl": "https://nsearchives.nseindia.com/corporate/xbrl/INDAS_105294_1115521_04052024051110.xml",
  "consolidated": "Non-Consolidated",
  "bank": "N",
  "audited": "Audited",
  "indAs": "Ind-AS New",
  "isin": "INE216A01014",
  "seqNumber": "1170350",
  "_raw": {
    "audited": "Audited",
    "bank": "N",
    "broadCastDate": "04-May-2024 17:11:11",
    "companyName": "Britannia Industries Limited",
    "consolidated": "Non-Consolidated",
    "cumulative": "Cumulative",
    "difference": "::",
    "exchdisstime": null,
    "filingDate": "04-May-2024 17:11",
    "financialYear": "01-Apr-2023 To 31-Mar-2024",
    "format": "New",
    "fromDate": "01-Apr-2023",
    "indAs": "Ind-AS New",
    "industry": "-",
    "isin": "INE216A01014",
    "oldNewFlag": "N",
    "params": "01-Apr-202331-Mar-2024ANANCNNEBRITANNIA",
    "period": "Annual",
    "reInd": "N",
    "relatingTo": "Annual",
    "resultDescription": null,
    "resultDetailedDataLink": null,
    "seqNumber": "1170350",
    "symbol": "BRITANNIA",
    "toDate": "31-Mar-2024",
    "xbrl": "https://nsearchives.nseindia.com/corporate/xbrl/INDAS_105294_1115521_04052024051110.xml"
  }
}
[legacy-backfill] BRITANNIA Annual: 13 discovered → 13 after filter on period-end [2017-04-01..2025-01-31]
[legacy-backfill] BRITANNIA Annual: 13 after date filter, 7 groups
     BRITANNIA      filings=  67 ingested=  67 failed=  0   52.8s
[legacy-backfill] BSE Quarterly: discovered 55 raw filings
[legacy-backfill] BSE Quarterly: first filing: {
  "symbol": "BSE",
  "companyName": "BSE Limited",
  "relatingTo": "Third Quarter",
  "financialYear": "01-Apr-2024 To 31-Mar-2025",
  "fromDate": "01-Oct-2024",
  "toDate": "31-Dec-2024",
  "filingDate": "06-Feb-2025 18:55",
  "xbrl": "https://nsearchives.nseindia.com/corporate/xbrl/INDAS_118932_1373545_06022025065508.xml",
  "consolidated": "Consolidated",
  "bank": "N",
  "audited": "Un-Audited",
  "indAs": "Ind-AS New",
  "isin": "INE118H01025",
  "seqNumber": "1193033",
  "_raw": {
    "audited": "Un-Audited",
    "bank": "N",
    "broadCastDate": "06-Feb-2025 18:55:08",
    "companyName": "BSE Limited",
    "consolidated": "Consolidated",
    "cumulative": "Non-cumulative",
    "difference": "00:00:56",
    "exchdisstime": "06-Feb-2025 18:56:04",
    "filingDate": "06-Feb-2025 18:55",
    "financialYear": "01-Apr-2024 To 31-Mar-2025",
    "format": "New",
    "fromDate": "01-Oct-2024",
    "indAs": "Ind-AS New",
    "industry": "-",
    "isin": "INE118H01025",
    "oldNewFlag": "N",
    "params": "01-Oct-202431-Dec-2024Q3UNNCNEBSE",
    "period": "Quarterly",
    "reInd": "N",
    "relatingTo": "Third Quarter",
    "resultDescription": null,
    "resultDetailedDataLink": null,
    "seqNumber": "1193033",
    "symbol": "BSE",
    "toDate": "31-Dec-2024",
    "xbrl": "https://nsearchives.nseindia.com/corporate/xbrl/INDAS_118932_1373545_06022025065508.xml"
  }
}
[legacy-backfill] BSE Quarterly: 55 discovered → 55 after filter on period-end [2017-04-01..2025-01-31]
[legacy-backfill] BSE Quarterly: 55 after date filter, 28 groups
[legacy-backfill] BSE Annual: discovered 14 raw filings
[legacy-backfill] BSE Annual: first filing: {
  "symbol": "BSE",
  "companyName": "BSE Limited",
  "relatingTo": "Annual",
  "financialYear": "01-Apr-2023 To 31-Mar-2024",
  "fromDate": "01-Apr-2023",
  "toDate": "31-Mar-2024",
  "filingDate": "08-May-2024 20:46",
  "xbrl": "https://nsearchives.nseindia.com/corporate/xbrl/INDAS_105489_1118485_08052024084651.xml",
  "consolidated": "Consolidated",
  "bank": "N",
  "audited": "Audited",
  "indAs": "Ind-AS New",
  "isin": "INE118H01025",
  "seqNumber": "1170733",
  "_raw": {
    "audited": "Audited",
    "bank": "N",
    "broadCastDate": "08-May-2024 20:46:52",
    "companyName": "BSE Limited",
    "consolidated": "Consolidated",
    "cumulative": "Cumulative",
    "difference": "00:00:28",
    "exchdisstime": "08-May-2024 20:47:20",
    "filingDate": "08-May-2024 20:46",
    "financialYear": "01-Apr-2023 To 31-Mar-2024",
    "format": "New",
    "fromDate": "01-Apr-2023",
    "indAs": "Ind-AS New",
    "industry": "-",
    "isin": "INE118H01025",
    "oldNewFlag": "N",
    "params": "01-Apr-202331-Mar-2024ANANCCNEBSE",
    "period": "Annual",
    "reInd": "N",
    "relatingTo": "Annual",
    "resultDescription": null,
    "resultDetailedDataLink": null,
    "seqNumber": "1170733",
    "symbol": "BSE",
    "toDate": "31-Mar-2024",
    "xbrl": "https://nsearchives.nseindia.com/corporate/xbrl/INDAS_105489_1118485_08052024084651.xml"
  }
}
[legacy-backfill] BSE Annual: 14 discovered → 14 after filter on period-end [2017-04-01..2025-01-31]
[legacy-backfill] BSE Annual: 14 after date filter, 7 groups
     BSE            filings=  69 ingested=  69 failed=  0   36.8s
[legacy-backfill] BSOFT Quarterly: discovered 55 raw filings
[legacy-backfill] BSOFT Quarterly: first filing: {
  "symbol": "BSOFT",
  "companyName": "BIRLASOFT LIMITED",
  "relatingTo": "Third Quarter",
  "financialYear": "01-Apr-2024 To 31-Mar-2025",
  "fromDate": "01-Oct-2024",
  "toDate": "31-Dec-2024",
  "filingDate": "11-Feb-2025 22:55",
  "xbrl": "https://nsearchives.nseindia.com/corporate/xbrl/INDAS_119758_1378950_11022025105543.xml",
  "consolidated": "Consolidated",
  "bank": "N",
  "audited": "Un-Audited",
  "indAs": "Ind-AS New",
  "isin": "INE836A01035",
  "seqNumber": "1194679",
  "_raw": {
    "audited": "Un-Audited",
    "bank": "N",
    "broadCastDate": "11-Feb-2025 22:55:43",
    "companyName": "BIRLASOFT LIMITED",
    "consolidated": "Consolidated",
    "cumulative": "Non-cumulative",
    "difference": "00:00:48",
    "exchdisstime": "11-Feb-2025 22:56:31",
    "filingDate": "11-Feb-2025 22:55",
    "financialYear": "01-Apr-2024 To 31-Mar-2025",
    "format": "New",
    "fromDate": "01-Oct-2024",
    "indAs": "Ind-AS New",
    "industry": "-",
    "isin": "INE836A01035",
    "oldNewFlag": "N",
    "params": "01-Oct-202431-Dec-2024Q3UNNCNEBSOFT",
    "period": "Quarterly",
    "reInd": "N",
    "relatingTo": "Third Quarter",
    "resultDescription": null,
    "resultDetailedDataLink": null,
    "seqNumber": "1194679",
    "symbol": "BSOFT",
    "toDate": "31-Dec-2024",
    "xbrl": "https://nsearchives.nseindia.com/corporate/xbrl/INDAS_119758_1378950_11022025105543.xml"
  }
}
[legacy-backfill] BSOFT Quarterly: 55 discovered → 55 after filter on period-end [2017-04-01..2025-01-31]
[legacy-backfill] BSOFT Quarterly: 55 after date filter, 28 groups
[NseClient] Request failed (read ECONNRESET), re-establishing session and retrying…
[NseClient] Initialising session…
[NseClient] Session ready
[legacy-backfill] BSOFT Annual: discovered 14 raw filings
[legacy-backfill] BSOFT Annual: first filing: {
  "symbol": "BSOFT",
  "companyName": "BIRLASOFT LIMITED",
  "relatingTo": "Annual",
  "financialYear": "01-Apr-2023 To 31-Mar-2024",
  "fromDate": "01-Apr-2023",
  "toDate": "31-Mar-2024",
  "filingDate": "29-Apr-2024 19:15",
  "xbrl": "https://nsearchives.nseindia.com/corporate/xbrl/INDAS_104945_1111183_29042024071508.xml",
  "consolidated": "Consolidated",
  "bank": "N",
  "audited": "Audited",
  "indAs": "Ind-AS New",
  "isin": "INE836A01035",
  "seqNumber": "1169738",
  "_raw": {
    "audited": "Audited",
    "bank": "N",
    "broadCastDate": "29-Apr-2024 19:15:36",
    "companyName": "BIRLASOFT LIMITED",
    "consolidated": "Consolidated",
    "cumulative": "Cumulative",
    "difference": "00:00:14",
    "exchdisstime": "29-Apr-2024 19:15:50",
    "filingDate": "29-Apr-2024 19:15",
    "financialYear": "01-Apr-2023 To 31-Mar-2024",
    "format": "New",
    "fromDate": "01-Apr-2023",
    "indAs": "Ind-AS New",
    "industry": "-",
    "isin": "INE836A01035",
    "oldNewFlag": "N",
    "params": "01-Apr-202331-Mar-2024ANANCCNEBSOFT",
    "period": "Annual",
    "reInd": "N",
    "relatingTo": "Annual",
    "resultDescription": null,
    "resultDetailedDataLink": null,
    "seqNumber": "1169738",
    "symbol": "BSOFT",
    "toDate": "31-Mar-2024",
    "xbrl": "https://nsearchives.nseindia.com/corporate/xbrl/INDAS_104945_1111183_29042024071508.xml"
  }
}
[legacy-backfill] BSOFT Annual: 14 discovered → 14 after filter on period-end [2017-04-01..2025-01-31]
[legacy-backfill] BSOFT Annual: 14 after date filter, 7 groups
     BSOFT          filings=  69 ingested=  69 failed=  0   52.9s
[NseClient] Session reset (forced)
[NseClient] Initialising session…
[NseClient] Session ready
[legacy-backfill] CAMS Quarterly: discovered 29 raw filings
[legacy-backfill] CAMS Quarterly: first filing: {
  "symbol": "CAMS",
  "companyName": "Computer Age Management Services Limited",
  "relatingTo": "Third Quarter",
  "financialYear": "01-Apr-2024 To 31-Mar-2025",
  "fromDate": "01-Oct-2024",
  "toDate": "31-Dec-2024",
  "filingDate": "29-Jan-2025 14:36",
  "xbrl": "https://nsearchives.nseindia.com/corporate/xbrl/INDAS_117968_1364281_29012025023635.xml",
  "consolidated": "Consolidated",
  "bank": "N",
  "audited": "Un-Audited",
  "indAs": "Ind-AS New",
  "isin": "INE596I01012",
  "seqNumber": "1191137",
  "_raw": {
    "audited": "Un-Audited",
    "bank": "N",
    "broadCastDate": "29-Jan-2025 14:36:36",
    "companyName": "Computer Age Management Services Limited",
    "consolidated": "Consolidated",
    "cumulative": "Non-cumulative",
    "difference": "00:00:42",
    "exchdisstime": "29-Jan-2025 14:37:18",
    "filingDate": "29-Jan-2025 14:36",
    "financialYear": "01-Apr-2024 To 31-Mar-2025",
    "format": "New",
    "fromDate": "01-Oct-2024",
    "indAs": "Ind-AS New",
    "industry": "-",
    "isin": "INE596I01012",
    "oldNewFlag": "N",
    "params": "01-Oct-202431-Dec-2024Q3UNNCNECAMS",
    "period": "Quarterly",
    "reInd": "N",
    "relatingTo": "Third Quarter",
    "resultDescription": null,
    "resultDetailedDataLink": null,
    "seqNumber": "1191137",
    "symbol": "CAMS",
    "toDate": "31-Dec-2024",
    "xbrl": "https://nsearchives.nseindia.com/corporate/xbrl/INDAS_117968_1364281_29012025023635.xml"
  }
}
[legacy-backfill] CAMS Quarterly: 29 discovered → 29 after filter on period-end [2017-04-01..2025-01-31]
[legacy-backfill] CAMS Quarterly: 29 after date filter, 15 groups
[legacy-backfill] CAMS Annual: discovered 6 raw filings
[legacy-backfill] CAMS Annual: first filing: {
  "symbol": "CAMS",
  "companyName": "Computer Age Management Services Limited",
  "relatingTo": "Annual",
  "financialYear": "01-Apr-2023 To 31-Mar-2024",
  "fromDate": "01-Apr-2023",
  "toDate": "31-Mar-2024",
  "filingDate": "09-May-2024 13:57",
  "xbrl": "https://nsearchives.nseindia.com/corporate/xbrl/INDAS_105512_1118753_09052024015719.xml",
  "consolidated": "Consolidated",
  "bank": "N",
  "audited": "Audited",
  "indAs": "Ind-AS New",
  "isin": "INE596I01012",
  "seqNumber": "1170779",
  "_raw": {
    "audited": "Audited",
    "bank": "N",
    "broadCastDate": "09-May-2024 13:57:23",
    "companyName": "Computer Age Management Services Limited",
    "consolidated": "Consolidated",
    "cumulative": "Cumulative",
    "difference": "00:00:26",
    "exchdisstime": "09-May-2024 13:57:49",
    "filingDate": "09-May-2024 13:57",
    "financialYear": "01-Apr-2023 To 31-Mar-2024",
    "format": "New",
    "fromDate": "01-Apr-2023",
    "indAs": "Ind-AS New",
    "industry": "-",
    "isin": "INE596I01012",
    "oldNewFlag": "N",
    "params": "01-Apr-202331-Mar-2024ANANCCNECAMS",
    "period": "Annual",
    "reInd": "N",
    "relatingTo": "Annual",
    "resultDescription": null,
    "resultDetailedDataLink": null,
    "seqNumber": "1170779",
    "symbol": "CAMS",
    "toDate": "31-Mar-2024",
    "xbrl": "https://nsearchives.nseindia.com/corporate/xbrl/INDAS_105512_1118753_09052024015719.xml"
  }
}
[legacy-backfill] CAMS Annual: 6 discovered → 6 after filter on period-end [2017-04-01..2025-01-31]
[legacy-backfill] CAMS Annual: 6 after date filter, 3 groups
     CAMS           filings=  35 ingested=  35 failed=  0   24.5s
     chunk  1/5 · done  10/49 · chunk 6.6min · elapsed 6.6min · filings  570 ingested  570 failed   0 (0%) · cumulative 0 · fence ✓ · 07:32 UTC
       MIX: none   (no throttle signature)

  ── chunk 2/5: CROMPTON ERIS GALLANTT GESHIP GMRAIRPORT GODFRYPHLP GPIL GRAPHITE HBLENGINE ICICIBANK
[NseClient] Session reset (forced)
[NseClient] Initialising session…
[NseClient] Session ready
[legacy-backfill] CROMPTON Quarterly: discovered 51 raw filings
[legacy-backfill] CROMPTON Quarterly: first filing: {
  "symbol": "CROMPTON",
  "companyName": "Crompton Greaves Consumer Electricals Limited",
  "relatingTo": "Third Quarter",
  "financialYear": "01-Apr-2024 To 31-Mar-2025",
  "fromDate": "01-Oct-2024",
  "toDate": "31-Dec-2024",
  "filingDate": "12-Feb-2025 17:45",
  "xbrl": "https://nsearchives.nseindia.com/corporate/xbrl/INDAS_119959_1380166_12022025054524.xml",
  "consolidated": "Consolidated",
  "bank": "N",
  "audited": "Un-Audited",
  "indAs": "Ind-AS New",
  "isin": "INE299U01018",
  "seqNumber": "1195080",
  "_raw": {
    "audited": "Un-Audited",
    "bank": "N",
    "broadCastDate": "12-Feb-2025 17:45:25",
    "companyName": "Crompton Greaves Consumer Electricals Limited",
    "consolidated": "Consolidated",
    "cumulative": "Non-cumulative",
    "difference": "00:00:36",
    "exchdisstime": "12-Feb-2025 17:46:01",
    "filingDate": "12-Feb-2025 17:45",
    "financialYear": "01-Apr-2024 To 31-Mar-2025",
    "format": "New",
    "fromDate": "01-Oct-2024",
    "indAs": "Ind-AS New",
    "industry": "-",
    "isin": "INE299U01018",
    "oldNewFlag": "N",
    "params": "01-Oct-202431-Dec-2024Q3UNNCNECROMPTON",
    "period": "Quarterly",
    "reInd": "N",
    "relatingTo": "Third Quarter",
    "resultDescription": null,
    "resultDetailedDataLink": null,
    "seqNumber": "1195080",
    "symbol": "CROMPTON",
    "toDate": "31-Dec-2024",
    "xbrl": "https://nsearchives.nseindia.com/corporate/xbrl/INDAS_119959_1380166_12022025054524.xml"
  }
}
[legacy-backfill] CROMPTON Quarterly: 51 discovered → 51 after filter on period-end [2017-04-01..2025-01-31]
[legacy-backfill] CROMPTON Quarterly: 51 after date filter, 28 groups
[legacy-backfill] CROMPTON Annual: discovered 13 raw filings
[legacy-backfill] CROMPTON Annual: first filing: {
  "symbol": "CROMPTON",
  "companyName": "Crompton Greaves Consumer Electricals Limited",
  "relatingTo": "Annual",
  "financialYear": "01-Apr-2023 To 31-Mar-2024",
  "fromDate": "01-Apr-2023",
  "toDate": "31-Mar-2024",
  "filingDate": "16-May-2024 17:55",
  "xbrl": "https://nsearchives.nseindia.com/corporate/xbrl/INDAS_106113_1126960_16052024055509.xml",
  "consolidated": "Consolidated",
  "bank": "N",
  "audited": "Audited",
  "indAs": "Ind-AS New",
  "isin": "INE299U01018",
  "seqNumber": "1171950",
  "_raw": {
    "audited": "Audited",
    "bank": "N",
    "broadCastDate": "16-May-2024 17:55:12",
    "companyName": "Crompton Greaves Consumer Electricals Limited",
    "consolidated": "Consolidated",
    "cumulative": "Cumulative",
    "difference": "00:00:46",
    "exchdisstime": "16-May-2024 17:55:58",
    "filingDate": "16-May-2024 17:55",
    "financialYear": "01-Apr-2023 To 31-Mar-2024",
    "format": "New",
    "fromDate": "01-Apr-2023",
    "indAs": "Ind-AS New",
    "industry": "-",
    "isin": "INE299U01018",
    "oldNewFlag": "N",
    "params": "01-Apr-202331-Mar-2024ANANCCNECROMPTON",
    "period": "Annual",
    "reInd": "N",
    "relatingTo": "Annual",
    "resultDescription": null,
    "resultDetailedDataLink": null,
    "seqNumber": "1171950",
    "symbol": "CROMPTON",
    "toDate": "31-Mar-2024",
    "xbrl": "https://nsearchives.nseindia.com/corporate/xbrl/INDAS_106113_1126960_16052024055509.xml"
  }
}
[legacy-backfill] CROMPTON Annual: 13 discovered → 13 after filter on period-end [2017-04-01..2025-01-31]
[legacy-backfill] CROMPTON Annual: 13 after date filter, 7 groups
     CROMPTON       filings=  64 ingested=  64 failed=  0   37.7s
[legacy-backfill] ERIS Quarterly: discovered 55 raw filings
[legacy-backfill] ERIS Quarterly: first filing: {
  "symbol": "ERIS",
  "companyName": "Eris Lifesciences Limited",
  "relatingTo": "Third Quarter",
  "financialYear": "01-Apr-2024 To 31-Mar-2025",
  "fromDate": "01-Oct-2024",
  "toDate": "31-Dec-2024",
  "filingDate": "05-Feb-2025 12:02",
  "xbrl": "https://nsearchives.nseindia.com/corporate/xbrl/INDAS_118681_1371158_05022025120159.xml",
  "consolidated": "Consolidated",
  "bank": "N",
  "audited": "Un-Audited",
  "indAs": "Ind-AS New",
  "isin": "INE406M01024",
  "seqNumber": "1192535",
  "_raw": {
    "audited": "Un-Audited",
    "bank": "N",
    "broadCastDate": "05-Feb-2025 12:02:00",
    "companyName": "Eris Lifesciences Limited",
    "consolidated": "Consolidated",
    "cumulative": "Non-cumulative",
    "difference": "00:00:27",
    "exchdisstime": "05-Feb-2025 12:02:27",
    "filingDate": "05-Feb-2025 12:02",
    "financialYear": "01-Apr-2024 To 31-Mar-2025",
    "format": "New",
    "fromDate": "01-Oct-2024",
    "indAs": "Ind-AS New",
    "industry": "-",
    "isin": "INE406M01024",
    "oldNewFlag": "N",
    "params": "01-Oct-202431-Dec-2024Q3UNNCNEERIS",
    "period": "Quarterly",
    "reInd": "N",
    "relatingTo": "Third Quarter",
    "resultDescription": null,
    "resultDetailedDataLink": null,
    "seqNumber": "1192535",
    "symbol": "ERIS",
    "toDate": "31-Dec-2024",
    "xbrl": "https://nsearchives.nseindia.com/corporate/xbrl/INDAS_118681_1371158_05022025120159.xml"
  }
}
[legacy-backfill] ERIS Quarterly: 55 discovered → 55 after filter on period-end [2017-04-01..2025-01-31]
[legacy-backfill] ERIS Quarterly: 55 after date filter, 28 groups
[NseClient] Request failed (read ECONNRESET), re-establishing session and retrying…
[NseClient] Initialising session…
[NseClient] Session ready
[legacy-backfill] ERIS Annual: discovered 14 raw filings
[legacy-backfill] ERIS Annual: first filing: {
  "symbol": "ERIS",
  "companyName": "Eris Lifesciences Limited",
  "relatingTo": "Annual",
  "financialYear": "01-Apr-2023 To 31-Mar-2024",
  "fromDate": "01-Apr-2023",
  "toDate": "31-Mar-2024",
  "filingDate": "22-May-2024 16:52",
  "xbrl": "https://nsearchives.nseindia.com/corporate/xbrl/INDAS_106682_1133687_22052024045217.xml",
  "consolidated": "Consolidated",
  "bank": "N",
  "audited": "Audited",
  "indAs": "Ind-AS New",
  "isin": "INE406M01024",
  "seqNumber": "1173071",
  "_raw": {
    "audited": "Audited",
    "bank": "N",
    "broadCastDate": "22-May-2024 16:52:18",
    "companyName": "Eris Lifesciences Limited",
    "consolidated": "Consolidated",
    "cumulative": "Cumulative",
    "difference": "00:00:22",
    "exchdisstime": "22-May-2024 16:52:40",
    "filingDate": "22-May-2024 16:52",
    "financialYear": "01-Apr-2023 To 31-Mar-2024",
    "format": "New",
    "fromDate": "01-Apr-2023",
    "indAs": "Ind-AS New",
    "industry": "-",
    "isin": "INE406M01024",
    "oldNewFlag": "N",
    "params": "01-Apr-202331-Mar-2024ANANCCNEERIS",
    "period": "Annual",
    "reInd": "N",
    "relatingTo": "Annual",
    "resultDescription": null,
    "resultDetailedDataLink": null,
    "seqNumber": "1173071",
    "symbol": "ERIS",
    "toDate": "31-Mar-2024",
    "xbrl": "https://nsearchives.nseindia.com/corporate/xbrl/INDAS_106682_1133687_22052024045217.xml"
  }
}
[legacy-backfill] ERIS Annual: 14 discovered → 14 after filter on period-end [2017-04-01..2025-01-31]
[legacy-backfill] ERIS Annual: 14 after date filter, 7 groups
     ERIS           filings=  69 ingested=  69 failed=  0   50.2s
[legacy-backfill] GALLANTT Quarterly: discovered 49 raw filings
[legacy-backfill] GALLANTT Quarterly: first filing: {
  "symbol": "GALLANTT",
  "companyName": "Gallantt Ispat Limited",
  "relatingTo": "Third Quarter",
  "financialYear": "01-Apr-2024 To 31-Mar-2025",
  "fromDate": "01-Oct-2024",
  "toDate": "31-Dec-2024",
  "filingDate": "05-Feb-2025 15:13",
  "xbrl": "https://nsearchives.nseindia.com/corporate/xbrl/INDAS_118720_1371492_05022025031306.xml",
  "consolidated": "Consolidated",
  "bank": "N",
  "audited": "Un-Audited",
  "indAs": "Ind-AS New",
  "isin": "INE297H01019",
  "seqNumber": "1192613",
  "_raw": {
    "audited": "Un-Audited",
    "bank": "N",
    "broadCastDate": "05-Feb-2025 15:13:07",
    "companyName": "Gallantt Ispat Limited",
    "consolidated": "Consolidated",
    "cumulative": "Non-cumulative",
    "difference": "00:00:07",
    "exchdisstime": "05-Feb-2025 15:13:14",
    "filingDate": "05-Feb-2025 15:13",
    "financialYear": "01-Apr-2024 To 31-Mar-2025",
    "format": "New",
    "fromDate": "01-Oct-2024",
    "indAs": "Ind-AS New",
    "industry": "-",
    "isin": "INE297H01019",
    "oldNewFlag": "N",
    "params": "01-Oct-202431-Dec-2024Q3UNNCNEGALLANTT",
    "period": "Quarterly",
    "reInd": "N",
    "relatingTo": "Third Quarter",
    "resultDescription": null,
    "resultDetailedDataLink": null,
    "seqNumber": "1192613",
    "symbol": "GALLANTT",
    "toDate": "31-Dec-2024",
    "xbrl": "https://nsearchives.nseindia.com/corporate/xbrl/INDAS_118720_1371492_05022025031306.xml"
  }
}
[legacy-backfill] GALLANTT Quarterly: 49 discovered → 48 after filter on period-end [2017-04-01..2025-01-31]
[legacy-backfill] GALLANTT Quarterly: 48 after date filter, 28 groups
[boundDerived] indas-quarterly: derived profitYoy=12508.875 out of column range (|v|≥10000) → stored null (display field; scoring reads raw lines, not this column).
[legacy-backfill] GALLANTT Annual: discovered 12 raw filings
[legacy-backfill] GALLANTT Annual: first filing: {
  "symbol": "GALLANTT",
  "companyName": "Gallantt Ispat Limited",
  "relatingTo": "Annual",
  "financialYear": "01-Apr-2023 To 31-Mar-2024",
  "fromDate": "01-Apr-2023",
  "toDate": "31-Mar-2024",
  "filingDate": "02-May-2024 11:15",
  "xbrl": "https://nsearchives.nseindia.com/corporate/xbrl/INDAS_105132_1113396_02052024111536.xml",
  "consolidated": "Consolidated",
  "bank": "N",
  "audited": "Audited",
  "indAs": "Ind-AS New",
  "isin": "INE297H01019",
  "seqNumber": "1170045",
  "_raw": {
    "audited": "Audited",
    "bank": "N",
    "broadCastDate": "02-May-2024 11:15:37",
    "companyName": "Gallantt Ispat Limited",
    "consolidated": "Consolidated",
    "cumulative": "Cumulative",
    "difference": "00:00:19",
    "exchdisstime": "02-May-2024 11:15:56",
    "filingDate": "02-May-2024 11:15",
    "financialYear": "01-Apr-2023 To 31-Mar-2024",
    "format": "New",
    "fromDate": "01-Apr-2023",
    "indAs": "Ind-AS New",
    "industry": "-",
    "isin": "INE297H01019",
    "oldNewFlag": "N",
    "params": "01-Apr-202331-Mar-2024ANANCCNEGALLANTT",
    "period": "Annual",
    "reInd": "N",
    "relatingTo": "Annual",
    "resultDescription": null,
    "resultDetailedDataLink": null,
    "seqNumber": "1170045",
    "symbol": "GALLANTT",
    "toDate": "31-Mar-2024",
    "xbrl": "https://nsearchives.nseindia.com/corporate/xbrl/INDAS_105132_1113396_02052024111536.xml"
  }
}
[legacy-backfill] GALLANTT Annual: 12 discovered → 11 after filter on period-end [2017-04-01..2025-01-31]
[legacy-backfill] GALLANTT Annual: 11 after date filter, 7 groups
     GALLANTT       filings=  59 ingested=  59 failed=  0   33.0s
[legacy-backfill] GESHIP Quarterly: discovered 56 raw filings
[legacy-backfill] GESHIP Quarterly: first filing: {
  "symbol": "GESHIP",
  "companyName": "The Great Eastern Shipping Company Limited",
  "relatingTo": "Third Quarter",
  "financialYear": "01-Apr-2024 To 31-Mar-2025",
  "fromDate": "01-Oct-2024",
  "toDate": "31-Dec-2024",
  "filingDate": "28-Jan-2025 16:54",
  "xbrl": "https://nsearchives.nseindia.com/corporate/xbrl/INDAS_117863_1363180_28012025045454.xml",
  "consolidated": "Non-Consolidated",
  "bank": "N",
  "audited": "Un-Audited",
  "indAs": "Ind-AS New",
  "isin": "INE017A01032",
  "seqNumber": "1190931",
  "_raw": {
    "audited": "Un-Audited",
    "bank": "N",
    "broadCastDate": "28-Jan-2025 16:54:54",
    "companyName": "The Great Eastern Shipping Company Limited",
    "consolidated": "Non-Consolidated",
    "cumulative": "Non-cumulative",
    "difference": "00:00:59",
    "exchdisstime": "28-Jan-2025 16:55:53",
    "filingDate": "28-Jan-2025 16:54",
    "financialYear": "01-Apr-2024 To 31-Mar-2025",
    "format": "New",
    "fromDate": "01-Oct-2024",
    "indAs": "Ind-AS New",
    "industry": "-",
    "isin": "INE017A01032",
    "oldNewFlag": "N",
    "params": "01-Oct-202431-Dec-2024Q3UNNNNEGESHIP",
    "period": "Quarterly",
    "reInd": "N",
    "relatingTo": "Third Quarter",
    "resultDescription": null,
    "resultDetailedDataLink": null,
    "seqNumber": "1190931",
    "symbol": "GESHIP",
    "toDate": "31-Dec-2024",
    "xbrl": "https://nsearchives.nseindia.com/corporate/xbrl/INDAS_117863_1363180_28012025045454.xml"
  }
}
[legacy-backfill] GESHIP Quarterly: 56 discovered → 56 after filter on period-end [2017-04-01..2025-01-31]
[legacy-backfill] GESHIP Quarterly: 56 after date filter, 28 groups
[legacy-backfill] GESHIP Quarterly 01-Apr-2022..30-Jun-2022 [standalone] failed: Impossible declared fiscal year: end 2022-03-31 is not after start 2022-04-01. Refusing to derive a period label from a fiscal-year end this filing contradicts.
[boundDerived] indas-quarterly: derived revenueQoq=11430.4625 out of column range (|v|≥10000) → stored null (display field; scoring reads raw lines, not this column).
[boundDerived] indas-quarterly: derived profitQoq=27501.0101 out of column range (|v|≥10000) → stored null (display field; scoring reads raw lines, not this column).
[NseClient] Request failed (read ECONNRESET), re-establishing session and retrying…
[NseClient] Initialising session…
[NseClient] Session ready
[legacy-backfill] GESHIP Annual: discovered 14 raw filings
[legacy-backfill] GESHIP Annual: first filing: {
  "symbol": "GESHIP",
  "companyName": "The Great Eastern Shipping Company Limited",
  "relatingTo": "Annual",
  "financialYear": "01-Apr-2023 To 31-Mar-2024",
  "fromDate": "01-Apr-2023",
  "toDate": "31-Mar-2024",
  "filingDate": "10-May-2024 17:18",
  "xbrl": "https://nsearchives.nseindia.com/corporate/xbrl/INDAS_105615_1120175_10052024051837.xml",
  "consolidated": "Non-Consolidated",
  "bank": "N",
  "audited": "Audited",
  "indAs": "Ind-AS New",
  "isin": "INE017A01032",
  "seqNumber": "1170978",
  "_raw": {
    "audited": "Audited",
    "bank": "N",
    "broadCastDate": "10-May-2024 17:18:38",
    "companyName": "The Great Eastern Shipping Company Limited",
    "consolidated": "Non-Consolidated",
    "cumulative": "Cumulative",
    "difference": "00:00:31",
    "exchdisstime": "10-May-2024 17:19:09",
    "filingDate": "10-May-2024 17:18",
    "financialYear": "01-Apr-2023 To 31-Mar-2024",
    "format": "New",
    "fromDate": "01-Apr-2023",
    "indAs": "Ind-AS New",
    "industry": "-",
    "isin": "INE017A01032",
    "oldNewFlag": "N",
    "params": "01-Apr-202331-Mar-2024ANANCNNEGESHIP",
    "period": "Annual",
    "reInd": "N",
    "relatingTo": "Annual",
    "resultDescription": null,
    "resultDetailedDataLink": null,
    "seqNumber": "1170978",
    "symbol": "GESHIP",
    "toDate": "31-Mar-2024",
    "xbrl": "https://nsearchives.nseindia.com/corporate/xbrl/INDAS_105615_1120175_10052024051837.xml"
  }
}
[legacy-backfill] GESHIP Annual: 14 discovered → 14 after filter on period-end [2017-04-01..2025-01-31]
[legacy-backfill] GESHIP Annual: 14 after date filter, 7 groups
     GESHIP         filings=  70 ingested=  69 failed=  1   51.8s
[legacy-backfill] GMRAIRPORT Quarterly: discovered 53 raw filings
[legacy-backfill] GMRAIRPORT Quarterly: first filing: {
  "symbol": "GMRAIRPORT",
  "companyName": "GMR AIRPORTS LIMITED",
  "relatingTo": "Third Quarter",
  "financialYear": "01-Apr-2024 To 31-Mar-2025",
  "fromDate": "01-Oct-2024",
  "toDate": "31-Dec-2024",
  "filingDate": "29-Jan-2025 17:43",
  "xbrl": "https://nsearchives.nseindia.com/corporate/xbrl/INDAS_118037_1364844_29012025054341.xml",
  "consolidated": "Consolidated",
  "bank": "N",
  "audited": "Un-Audited",
  "indAs": "Ind-AS New",
  "isin": "INE776C01039",
  "seqNumber": "1191275",
  "_raw": {
    "audited": "Un-Audited",
    "bank": "N",
    "broadCastDate": "29-Jan-2025 17:43:42",
    "companyName": "GMR AIRPORTS LIMITED",
    "consolidated": "Consolidated",
    "cumulative": "Non-cumulative",
    "difference": "00:00:38",
    "exchdisstime": "29-Jan-2025 17:44:20",
    "filingDate": "29-Jan-2025 17:43",
    "financialYear": "01-Apr-2024 To 31-Mar-2025",
    "format": "New",
    "fromDate": "01-Oct-2024",
    "indAs": "Ind-AS New",
    "industry": "-",
    "isin": "INE776C01039",
    "oldNewFlag": "N",
    "params": "01-Oct-202431-Dec-2024Q3UNNCNEGMRAIRPORT",
    "period": "Quarterly",
    "reInd": "N",
    "relatingTo": "Third Quarter",
    "resultDescription": null,
    "resultDetailedDataLink": null,
    "seqNumber": "1191275",
    "symbol": "GMRAIRPORT",
    "toDate": "31-Dec-2024",
    "xbrl": "https://nsearchives.nseindia.com/corporate/xbrl/INDAS_118037_1364844_29012025054341.xml"
  }
}
[legacy-backfill] GMRAIRPORT Quarterly: 53 discovered → 53 after filter on period-end [2017-04-01..2025-01-31]
[legacy-backfill] GMRAIRPORT Quarterly: 53 after date filter, 27 groups
[legacy-backfill] GMRAIRPORT Annual: discovered 12 raw filings
[legacy-backfill] GMRAIRPORT Annual: first filing: {
  "symbol": "GMRAIRPORT",
  "companyName": "GMR AIRPORTS LIMITED",
  "relatingTo": "Annual",
  "financialYear": "01-Apr-2023 To 31-Mar-2024",
  "fromDate": "01-Apr-2023",
  "toDate": "31-Mar-2024",
  "filingDate": "30-May-2024 16:52",
  "xbrl": "https://nsearchives.nseindia.com/corporate/xbrl/INDAS_108234_1147793_30052024045214.xml",
  "consolidated": "Consolidated",
  "bank": "N",
  "audited": "Audited",
  "indAs": "Ind-AS New",
  "isin": "INE776C01039",
  "seqNumber": "1176129",
  "_raw": {
    "audited": "Audited",
    "bank": "N",
    "broadCastDate": "30-May-2024 16:52:18",
    "companyName": "GMR AIRPORTS LIMITED",
    "consolidated": "Consolidated",
    "cumulative": "Cumulative",
    "difference": "00:00:35",
    "exchdisstime": "30-May-2024 16:52:53",
    "filingDate": "30-May-2024 16:52",
    "financialYear": "01-Apr-2023 To 31-Mar-2024",
    "format": "New",
    "fromDate": "01-Apr-2023",
    "indAs": "Ind-AS New",
    "industry": "-",
    "isin": "INE776C01039",
    "oldNewFlag": "N",
    "params": "01-Apr-202331-Mar-2024ANANCCNEGMRAIRPORT",
    "period": "Annual",
    "reInd": "N",
    "relatingTo": "Annual",
    "resultDescription": null,
    "resultDetailedDataLink": null,
    "seqNumber": "1176129",
    "symbol": "GMRAIRPORT",
    "toDate": "31-Mar-2024",
    "xbrl": "https://nsearchives.nseindia.com/corporate/xbrl/INDAS_108234_1147793_30052024045214.xml"
  }
}
[legacy-backfill] GMRAIRPORT Annual: 12 discovered → 12 after filter on period-end [2017-04-01..2025-01-31]
[legacy-backfill] GMRAIRPORT Annual: 12 after date filter, 6 groups
     GMRAIRPORT     filings=  65 ingested=  65 failed=  0   36.4s
[legacy-backfill] GODFRYPHLP Quarterly: discovered 50 raw filings
[legacy-backfill] GODFRYPHLP Quarterly: first filing: {
  "symbol": "GODFRYPHLP",
  "companyName": "Godfrey Phillips India Limited",
  "relatingTo": "Third Quarter",
  "financialYear": "01-Apr-2024 To 31-Mar-2025",
  "fromDate": "01-Oct-2024",
  "toDate": "31-Dec-2024",
  "filingDate": "13-Feb-2025 18:45",
  "xbrl": "https://nsearchives.nseindia.com/corporate/xbrl/INDAS_120360_1382657_13022025064547.xml",
  "consolidated": "Consolidated",
  "bank": "N",
  "audited": "Un-Audited",
  "indAs": "Ind-AS New",
  "isin": "INE260B01010",
  "seqNumber": "1195881",
  "_raw": {
    "audited": "Un-Audited",
    "bank": "N",
    "broadCastDate": "13-Feb-2025 18:45:48",
    "companyName": "Godfrey Phillips India Limited",
    "consolidated": "Consolidated",
    "cumulative": "Non-cumulative",
    "difference": "00:00:20",
    "exchdisstime": "13-Feb-2025 18:46:08",
    "filingDate": "13-Feb-2025 18:45",
    "financialYear": "01-Apr-2024 To 31-Mar-2025",
    "format": "New",
    "fromDate": "01-Oct-2024",
    "indAs": "Ind-AS New",
    "industry": "-",
    "isin": "INE260B01010",
    "oldNewFlag": "N",
    "params": "01-Oct-202431-Dec-2024Q3UNNCNEGODFRYPHLP",
    "period": "Quarterly",
    "reInd": "N",
    "relatingTo": "Third Quarter",
    "resultDescription": null,
    "resultDetailedDataLink": null,
    "seqNumber": "1195881",
    "symbol": "GODFRYPHLP",
    "toDate": "31-Dec-2024",
    "xbrl": "https://nsearchives.nseindia.com/corporate/xbrl/INDAS_120360_1382657_13022025064547.xml"
  }
}
[legacy-backfill] GODFRYPHLP Quarterly: 50 discovered → 50 after filter on period-end [2017-04-01..2025-01-31]
[legacy-backfill] GODFRYPHLP Quarterly: 50 after date filter, 28 groups
[NseClient] Request failed (read ECONNRESET), re-establishing session and retrying…
[NseClient] Initialising session…
[NseClient] Session ready
[legacy-backfill] GODFRYPHLP Annual: discovered 14 raw filings
[legacy-backfill] GODFRYPHLP Annual: first filing: {
  "symbol": "GODFRYPHLP",
  "companyName": "Godfrey Phillips India Limited",
  "relatingTo": "Annual",
  "financialYear": "01-Apr-2023 To 31-Mar-2024",
  "fromDate": "01-Apr-2023",
  "toDate": "31-Mar-2024",
  "filingDate": "30-May-2024 16:32",
  "xbrl": "https://nsearchives.nseindia.com/corporate/xbrl/INDAS_108221_1147683_30052024043246.xml",
  "consolidated": "Consolidated",
  "bank": "N",
  "audited": "Audited",
  "indAs": "Ind-AS New",
  "isin": "INE260B01010",
  "seqNumber": "1176103",
  "_raw": {
    "audited": "Audited",
    "bank": "N",
    "broadCastDate": "30-May-2024 16:32:47",
    "companyName": "Godfrey Phillips India Limited",
    "consolidated": "Consolidated",
    "cumulative": "Cumulative",
    "difference": "00:01:05",
    "exchdisstime": "30-May-2024 16:33:52",
    "filingDate": "30-May-2024 16:32",
    "financialYear": "01-Apr-2023 To 31-Mar-2024",
    "format": "New",
    "fromDate": "01-Apr-2023",
    "indAs": "Ind-AS New",
    "industry": "-",
    "isin": "INE260B01010",
    "oldNewFlag": "N",
    "params": "01-Apr-202331-Mar-2024ANANCCNEGODFRYPHLP",
    "period": "Annual",
    "reInd": "N",
    "relatingTo": "Annual",
    "resultDescription": null,
    "resultDetailedDataLink": null,
    "seqNumber": "1176103",
    "symbol": "GODFRYPHLP",
    "toDate": "31-Mar-2024",
    "xbrl": "https://nsearchives.nseindia.com/corporate/xbrl/INDAS_108221_1147683_30052024043246.xml"
  }
}
[legacy-backfill] GODFRYPHLP Annual: 14 discovered → 14 after filter on period-end [2017-04-01..2025-01-31]
[legacy-backfill] GODFRYPHLP Annual: 14 after date filter, 7 groups
     GODFRYPHLP     filings=  64 ingested=  64 failed=  0   48.8s
[legacy-backfill] GPIL Quarterly: discovered 54 raw filings
[legacy-backfill] GPIL Quarterly: first filing: {
  "symbol": "GPIL",
  "companyName": "Godawari Power And Ispat limited",
  "relatingTo": "Third Quarter",
  "financialYear": "01-Apr-2024 To 31-Mar-2025",
  "fromDate": "01-Oct-2024",
  "toDate": "31-Dec-2024",
  "filingDate": "13-Feb-2025 13:18",
  "xbrl": "https://nsearchives.nseindia.com/corporate/xbrl/INDAS_120162_1381386_13022025011851.xml",
  "consolidated": "Consolidated",
  "bank": "N",
  "audited": "Un-Audited",
  "indAs": "Ind-AS New",
  "isin": "INE177H01013",
  "seqNumber": "1195485",
  "_raw": {
    "audited": "Un-Audited",
    "bank": "N",
    "broadCastDate": "13-Feb-2025 13:18:51",
    "companyName": "Godawari Power And Ispat limited",
    "consolidated": "Consolidated",
    "cumulative": "Non-cumulative",
    "difference": "00:00:16",
    "exchdisstime": "13-Feb-2025 13:19:07",
    "filingDate": "13-Feb-2025 13:18",
    "financialYear": "01-Apr-2024 To 31-Mar-2025",
    "format": "New",
    "fromDate": "01-Oct-2024",
    "indAs": "Ind-AS New",
    "industry": "-",
    "isin": "INE177H01013",
    "oldNewFlag": "N",
    "params": "01-Oct-202431-Dec-2024Q3UNNCNEGPIL",
    "period": "Quarterly",
    "reInd": "N",
    "relatingTo": "Third Quarter",
    "resultDescription": null,
    "resultDetailedDataLink": null,
    "seqNumber": "1195485",
    "symbol": "GPIL",
    "toDate": "31-Dec-2024",
    "xbrl": "https://nsearchives.nseindia.com/corporate/xbrl/INDAS_120162_1381386_13022025011851.xml"
  }
}
[legacy-backfill] GPIL Quarterly: 54 discovered → 54 after filter on period-end [2017-04-01..2025-01-31]
[legacy-backfill] GPIL Quarterly: 54 after date filter, 28 groups
[legacy-backfill] GPIL Annual: discovered 12 raw filings
[legacy-backfill] GPIL Annual: first filing: {
  "symbol": "GPIL",
  "companyName": "Godawari Power And Ispat limited",
  "relatingTo": "Annual",
  "financialYear": "01-Apr-2023 To 31-Mar-2024",
  "fromDate": "01-Apr-2023",
  "toDate": "31-Mar-2024",
  "filingDate": "22-May-2024 15:31",
  "xbrl": "https://nsearchives.nseindia.com/corporate/xbrl/INDAS_106652_1133315_22052024033144.xml",
  "consolidated": "Consolidated",
  "bank": "N",
  "audited": "Audited",
  "indAs": "Ind-AS New",
  "isin": "INE177H01013",
  "seqNumber": "1173011",
  "_raw": {
    "audited": "Audited",
    "bank": "N",
    "broadCastDate": "22-May-2024 15:31:45",
    "companyName": "Godawari Power And Ispat limited",
    "consolidated": "Consolidated",
    "cumulative": "Cumulative",
    "difference": "00:00:35",
    "exchdisstime": "22-May-2024 15:32:20",
    "filingDate": "22-May-2024 15:31",
    "financialYear": "01-Apr-2023 To 31-Mar-2024",
    "format": "New",
    "fromDate": "01-Apr-2023",
    "indAs": "Ind-AS New",
    "industry": "-",
    "isin": "INE177H01013",
    "oldNewFlag": "N",
    "params": "01-Apr-202331-Mar-2024ANANCCNEGPIL",
    "period": "Annual",
    "reInd": "N",
    "relatingTo": "Annual",
    "resultDescription": null,
    "resultDetailedDataLink": null,
    "seqNumber": "1173011",
    "symbol": "GPIL",
    "toDate": "31-Mar-2024",
    "xbrl": "https://nsearchives.nseindia.com/corporate/xbrl/INDAS_106652_1133315_22052024033144.xml"
  }
}
[legacy-backfill] GPIL Annual: 12 discovered → 12 after filter on period-end [2017-04-01..2025-01-31]
[legacy-backfill] GPIL Annual: 12 after date filter, 6 groups
     GPIL           filings=  66 ingested=  66 failed=  0   34.6s
[legacy-backfill] GRAPHITE Quarterly: discovered 54 raw filings
[legacy-backfill] GRAPHITE Quarterly: first filing: {
  "symbol": "GRAPHITE",
  "companyName": "Graphite India Limited",
  "relatingTo": "Third Quarter",
  "financialYear": "01-Apr-2024 To 31-Mar-2025",
  "fromDate": "01-Oct-2024",
  "toDate": "31-Dec-2024",
  "filingDate": "12-Feb-2025 16:15",
  "xbrl": "https://nsearchives.nseindia.com/corporate/xbrl/INDAS_119872_1379722_12022025041500.xml",
  "consolidated": "Consolidated",
  "bank": "N",
  "audited": "Un-Audited",
  "indAs": "Ind-AS New",
  "isin": "INE371A01025",
  "seqNumber": "1194907",
  "_raw": {
    "audited": "Un-Audited",
    "bank": "N",
    "broadCastDate": "12-Feb-2025 16:15:01",
    "companyName": "Graphite India Limited",
    "consolidated": "Consolidated",
    "cumulative": "Non-cumulative",
    "difference": "00:01:09",
    "exchdisstime": "12-Feb-2025 16:16:10",
    "filingDate": "12-Feb-2025 16:15",
    "financialYear": "01-Apr-2024 To 31-Mar-2025",
    "format": "New",
    "fromDate": "01-Oct-2024",
    "indAs": "Ind-AS New",
    "industry": "-",
    "isin": "INE371A01025",
    "oldNewFlag": "N",
    "params": "01-Oct-202431-Dec-2024Q3UNNCNEGRAPHITE",
    "period": "Quarterly",
    "reInd": "N",
    "relatingTo": "Third Quarter",
    "resultDescription": null,
    "resultDetailedDataLink": null,
    "seqNumber": "1194907",
    "symbol": "GRAPHITE",
    "toDate": "31-Dec-2024",
    "xbrl": "https://nsearchives.nseindia.com/corporate/xbrl/INDAS_119872_1379722_12022025041500.xml"
  }
}
[legacy-backfill] GRAPHITE Quarterly: 54 discovered → 54 after filter on period-end [2017-04-01..2025-01-31]
[legacy-backfill] GRAPHITE Quarterly: 54 after date filter, 28 groups
[boundDerived] indas-quarterly: derived revenueYoy=13523.4458 out of column range (|v|≥10000) → stored null (display field; scoring reads raw lines, not this column).
[boundDerived] indas-quarterly: derived profitYoy=10601.7544 out of column range (|v|≥10000) → stored null (display field; scoring reads raw lines, not this column).
[NseClient] Request failed (read ECONNRESET), re-establishing session and retrying…
[NseClient] Initialising session…
[NseClient] Session ready
[legacy-backfill] GRAPHITE Annual: discovered 14 raw filings
[legacy-backfill] GRAPHITE Annual: first filing: {
  "symbol": "GRAPHITE",
  "companyName": "Graphite India Limited",
  "relatingTo": "Annual",
  "financialYear": "01-Apr-2023 To 31-Mar-2024",
  "fromDate": "01-Apr-2023",
  "toDate": "31-Mar-2024",
  "filingDate": "08-May-2024 14:00",
  "xbrl": "https://nsearchives.nseindia.com/corporate/xbrl/INDAS_105441_1117818_08052024020022.xml",
  "consolidated": "Consolidated",
  "bank": "N",
  "audited": "Audited",
  "indAs": "Ind-AS New",
  "isin": "INE371A01025",
  "seqNumber": "1170639",
  "_raw": {
    "audited": "Audited",
    "bank": "N",
    "broadCastDate": "08-May-2024 14:00:25",
    "companyName": "Graphite India Limited",
    "consolidated": "Consolidated",
    "cumulative": "Cumulative",
    "difference": "00:00:17",
    "exchdisstime": "08-May-2024 14:00:42",
    "filingDate": "08-May-2024 14:00",
    "financialYear": "01-Apr-2023 To 31-Mar-2024",
    "format": "New",
    "fromDate": "01-Apr-2023",
    "indAs": "Ind-AS New",
    "industry": "-",
    "isin": "INE371A01025",
    "oldNewFlag": "N",
    "params": "01-Apr-202331-Mar-2024ANANCCNEGRAPHITE",
    "period": "Annual",
    "reInd": "N",
    "relatingTo": "Annual",
    "resultDescription": null,
    "resultDetailedDataLink": null,
    "seqNumber": "1170639",
    "symbol": "GRAPHITE",
    "toDate": "31-Mar-2024",
    "xbrl": "https://nsearchives.nseindia.com/corporate/xbrl/INDAS_105441_1117818_08052024020022.xml"
  }
}
[legacy-backfill] GRAPHITE Annual: 14 discovered → 14 after filter on period-end [2017-04-01..2025-01-31]
[legacy-backfill] GRAPHITE Annual: 14 after date filter, 7 groups
[boundDerived] FY22/standalone stock=d019bda9: derived revenueGrowthYoy=15120.2284 out of column range (|v|≥10000) → stored null (display field; scoring reads raw lines, not this column).
[boundDerived] FY22/standalone stock=d019bda9: derived profitGrowthYoy=28744.2211 out of column range (|v|≥10000) → stored null (display field; scoring reads raw lines, not this column).
[boundDerived] FY22/consolidated stock=d019bda9: derived revenueGrowthYoy=15354.5455 out of column range (|v|≥10000) → stored null (display field; scoring reads raw lines, not this column).
     GRAPHITE       filings=  68 ingested=  68 failed=  0   53.8s
[legacy-backfill] HBLENGINE Quarterly: discovered 45 raw filings
[legacy-backfill] HBLENGINE Quarterly: first filing: {
  "symbol": "HBLENGINE",
  "companyName": "HBL Engineering Limited",
  "relatingTo": "Third Quarter",
  "financialYear": "01-Apr-2024 To 31-Mar-2025",
  "fromDate": "01-Oct-2024",
  "toDate": "31-Dec-2024",
  "filingDate": "10-Feb-2025 17:12",
  "xbrl": "https://nsearchives.nseindia.com/corporate/xbrl/INDAS_119388_1376645_10022025051221.xml",
  "consolidated": "Consolidated",
  "bank": "N",
  "audited": "Un-Audited",
  "indAs": "Ind-AS New",
  "isin": "INE292B01021",
  "seqNumber": "1193941",
  "_raw": {
    "audited": "Un-Audited",
    "bank": "N",
    "broadCastDate": "10-Feb-2025 17:12:22",
    "companyName": "HBL Engineering Limited",
    "consolidated": "Consolidated",
    "cumulative": "Non-cumulative",
    "difference": "00:00:49",
    "exchdisstime": "10-Feb-2025 17:13:11",
    "filingDate": "10-Feb-2025 17:12",
    "financialYear": "01-Apr-2024 To 31-Mar-2025",
    "format": "New",
    "fromDate": "01-Oct-2024",
    "indAs": "Ind-AS New",
    "industry": "-",
    "isin": "INE292B01021",
    "oldNewFlag": "N",
    "params": "01-Oct-202431-Dec-2024Q3UNNCNEHBLENGINE",
    "period": "Quarterly",
    "reInd": "N",
    "relatingTo": "Third Quarter",
    "resultDescription": null,
    "resultDetailedDataLink": null,
    "seqNumber": "1193941",
    "symbol": "HBLENGINE",
    "toDate": "31-Dec-2024",
    "xbrl": "https://nsearchives.nseindia.com/corporate/xbrl/INDAS_119388_1376645_10022025051221.xml"
  }
}
[legacy-backfill] HBLENGINE Quarterly: 45 discovered → 45 after filter on period-end [2017-04-01..2025-01-31]
[legacy-backfill] HBLENGINE Quarterly: 45 after date filter, 28 groups
[legacy-backfill] HBLENGINE Annual: discovered 11 raw filings
[legacy-backfill] HBLENGINE Annual: first filing: {
  "symbol": "HBLENGINE",
  "companyName": "HBL Engineering Limited",
  "relatingTo": "Annual",
  "financialYear": "01-Apr-2023 To 31-Mar-2024",
  "fromDate": "01-Apr-2023",
  "toDate": "31-Mar-2024",
  "filingDate": "27-May-2024 14:14",
  "xbrl": "https://nsearchives.nseindia.com/corporate/xbrl/INDAS_107316_1139795_27052024021414.xml",
  "consolidated": "Consolidated",
  "bank": "N",
  "audited": "Audited",
  "indAs": "Ind-AS New",
  "isin": "INE292B01021",
  "seqNumber": "1174314",
  "_raw": {
    "audited": "Audited",
    "bank": "N",
    "broadCastDate": "27-May-2024 14:14:15",
    "companyName": "HBL Engineering Limited",
    "consolidated": "Consolidated",
    "cumulative": "Cumulative",
    "difference": "::",
    "exchdisstime": null,
    "filingDate": "27-May-2024 14:14",
    "financialYear": "01-Apr-2023 To 31-Mar-2024",
    "format": "New",
    "fromDate": "01-Apr-2023",
    "indAs": "Ind-AS New",
    "industry": "-",
    "isin": "INE292B01021",
    "oldNewFlag": "N",
    "params": "01-Apr-202331-Mar-2024ANANCCNEHBLENGINE",
    "period": "Annual",
    "reInd": "N",
    "relatingTo": "Annual",
    "resultDescription": null,
    "resultDetailedDataLink": null,
    "seqNumber": "1174314",
    "symbol": "HBLENGINE",
    "toDate": "31-Mar-2024",
    "xbrl": "https://nsearchives.nseindia.com/corporate/xbrl/INDAS_107316_1139795_27052024021414.xml"
  }
}
[legacy-backfill] HBLENGINE Annual: 11 discovered → 11 after filter on period-end [2017-04-01..2025-01-31]
[legacy-backfill] HBLENGINE Annual: 11 after date filter, 7 groups
     HBLENGINE      filings=  56 ingested=  56 failed=  0   32.2s
[NseClient] Session reset (forced)
[NseClient] Initialising session…
[NseClient] Session ready
[legacy-backfill] ICICIBANK Quarterly: discovered 50 raw filings
[legacy-backfill] ICICIBANK Quarterly: first filing: {
  "symbol": "ICICIBANK",
  "companyName": "ICICI Bank Limited",
  "relatingTo": "Third Quarter",
  "financialYear": "01-Apr-2024 To 31-Mar-2025",
  "fromDate": "01-Oct-2024",
  "toDate": "31-Dec-2024",
  "filingDate": "25-Jan-2025 16:17",
  "xbrl": "https://nsearchives.nseindia.com/corporate/xbrl/BANKING_117723_1361304_25012025041735.xml",
  "consolidated": "Non-Consolidated",
  "bank": "B",
  "audited": "Un-Audited",
  "indAs": "Non-Ind-AS",
  "isin": "INE090A01013",
  "seqNumber": "1190655",
  "_raw": {
    "audited": "Un-Audited",
    "bank": "B",
    "broadCastDate": "25-Jan-2025 16:17:35",
    "companyName": "ICICI Bank Limited",
    "consolidated": "Non-Consolidated",
    "cumulative": "Non-cumulative",
    "difference": "00:00:17",
    "exchdisstime": "25-Jan-2025 16:17:52",
    "filingDate": "25-Jan-2025 16:17",
    "financialYear": "01-Apr-2024 To 31-Mar-2025",
    "format": "New",
    "fromDate": "01-Oct-2024",
    "indAs": "Non-Ind-AS",
    "industry": "-",
    "isin": "INE090A01013",
    "oldNewFlag": null,
    "params": "01-Oct-202431-Dec-2024Q3UBNNAEICICIBANK",
    "period": "Quarterly",
    "reInd": "A",
    "relatingTo": "Third Quarter",
    "resultDescription": null,
    "resultDetailedDataLink": null,
    "seqNumber": "1190655",
    "symbol": "ICICIBANK",
    "toDate": "31-Dec-2024",
    "xbrl": "https://nsearchives.nseindia.com/corporate/xbrl/BANKING_117723_1361304_25012025041735.xml"
  }
}
[legacy-backfill] ICICIBANK Quarterly: 50 discovered → 50 after filter on period-end [2017-04-01..2025-01-31]
[legacy-backfill] ICICIBANK Quarterly: 50 after date filter, 28 groups
[legacy-backfill] ICICIBANK Quarterly 01-Jan-2018..31-Mar-2018 [standalone] failed: XBRL fetch 404 on https://nsearchives.nseindia.com/corporate/xbrl/BANKING_34957_8760_09052018045543_WEB.xml
[legacy-backfill] ICICIBANK Annual: discovered 12 raw filings
[legacy-backfill] ICICIBANK Annual: first filing: {
  "symbol": "ICICIBANK",
  "companyName": "ICICI Bank Limited",
  "relatingTo": "Annual",
  "financialYear": "01-Apr-2023 To 31-Mar-2024",
  "fromDate": "01-Apr-2023",
  "toDate": "31-Mar-2024",
  "filingDate": "27-Apr-2024 17:01",
  "xbrl": "https://nsearchives.nseindia.com/corporate/xbrl/BANKING_104871_1110097_27042024050106.xml",
  "consolidated": "Consolidated",
  "bank": "B",
  "audited": "Audited",
  "indAs": "Non-Ind-AS",
  "isin": "INE090A01013",
  "seqNumber": "1169631",
  "_raw": {
    "audited": "Audited",
    "bank": "B",
    "broadCastDate": "27-Apr-2024 17:01:07",
    "companyName": "ICICI Bank Limited",
    "consolidated": "Consolidated",
    "cumulative": "Cumulative",
    "difference": "00:00:17",
    "exchdisstime": "27-Apr-2024 17:01:24",
    "filingDate": "27-Apr-2024 17:01",
    "financialYear": "01-Apr-2023 To 31-Mar-2024",
    "format": "New",
    "fromDate": "01-Apr-2023",
    "indAs": "Non-Ind-AS",
    "industry": "-",
    "isin": "INE090A01013",
    "oldNewFlag": null,
    "params": "01-Apr-202331-Mar-2024ANABCCAEICICIBANK",
    "period": "Annual",
    "reInd": "A",
    "relatingTo": "Annual",
    "resultDescription": null,
    "resultDetailedDataLink": null,
    "seqNumber": "1169631",
    "symbol": "ICICIBANK",
    "toDate": "31-Mar-2024",
    "xbrl": "https://nsearchives.nseindia.com/corporate/xbrl/BANKING_104871_1110097_27042024050106.xml"
  }
}
[legacy-backfill] ICICIBANK Annual: 12 discovered → 12 after filter on period-end [2017-04-01..2025-01-31]
[legacy-backfill] ICICIBANK Annual: 12 after date filter, 6 groups
[legacy-backfill] ICICIBANK Annual 01-Apr-2017..31-Mar-2018 [standalone] failed: XBRL fetch 404 on https://nsearchives.nseindia.com/corporate/xbrl/BANKING_34957_8760_09052018045543_WEB.xml
     ICICIBANK      filings=  62 ingested=  60 failed=  2   40.9s
     chunk  2/5 · done  20/49 · chunk 7.1min · elapsed 13.7min · filings  643 ingested  640 failed   3 (0%) · cumulative 3 · fence ✓ · 07:39 UTC
       MIX: 404×2 other×1   (no throttle signature)

  ── chunk 3/5: INDIAMART INDIGO INDUSTOWER IPCALAB ITC JSWDULUX KPIL KPITTECH LEMONTREE LTTS
[NseClient] Session reset (forced)
[NseClient] Initialising session…
[NseClient] Session ready
[legacy-backfill] INDIAMART Quarterly: discovered 45 raw filings
[legacy-backfill] INDIAMART Quarterly: first filing: {
  "symbol": "INDIAMART",
  "companyName": "Indiamart Intermesh Limited",
  "relatingTo": "Third Quarter",
  "financialYear": "01-Apr-2024 To 31-Mar-2025",
  "fromDate": "01-Oct-2024",
  "toDate": "31-Dec-2024",
  "filingDate": "22-Jan-2025 11:29",
  "xbrl": "https://nsearchives.nseindia.com/corporate/xbrl/INDAS_117458_1356707_22012025112926.xml",
  "consolidated": "Consolidated",
  "bank": "N",
  "audited": "Audited",
  "indAs": "Ind-AS New",
  "isin": "INE933S01016",
  "seqNumber": "1190135",
  "_raw": {
    "audited": "Audited",
    "bank": "N",
    "broadCastDate": "22-Jan-2025 11:29:26",
    "companyName": "Indiamart Intermesh Limited",
    "consolidated": "Consolidated",
    "cumulative": "Non-cumulative",
    "difference": "00:00:40",
    "exchdisstime": "22-Jan-2025 11:30:06",
    "filingDate": "22-Jan-2025 11:29",
    "financialYear": "01-Apr-2024 To 31-Mar-2025",
    "format": "New",
    "fromDate": "01-Oct-2024",
    "indAs": "Ind-AS New",
    "industry": "-",
    "isin": "INE933S01016",
    "oldNewFlag": "N",
    "params": "01-Oct-202431-Dec-2024Q3ANNCNEINDIAMART",
    "period": "Quarterly",
    "reInd": "N",
    "relatingTo": "Third Quarter",
    "resultDescription": null,
    "resultDetailedDataLink": null,
    "seqNumber": "1190135",
    "symbol": "INDIAMART",
    "toDate": "31-Dec-2024",
    "xbrl": "https://nsearchives.nseindia.com/corporate/xbrl/INDAS_117458_1356707_22012025112926.xml"
  }
}
[legacy-backfill] INDIAMART Quarterly: 45 discovered → 45 after filter on period-end [2017-04-01..2025-01-31]
[legacy-backfill] INDIAMART Quarterly: 45 after date filter, 23 groups
[legacy-backfill] INDIAMART Annual: discovered 10 raw filings
[legacy-backfill] INDIAMART Annual: first filing: {
  "symbol": "INDIAMART",
  "companyName": "Indiamart Intermesh Limited",
  "relatingTo": "Annual",
  "financialYear": "01-Apr-2023 To 31-Mar-2024",
  "fromDate": "01-Apr-2023",
  "toDate": "31-Mar-2024",
  "filingDate": "30-Apr-2024 20:03",
  "xbrl": "https://nsearchives.nseindia.com/corporate/xbrl/INDAS_105065_1112747_30042024080307.xml",
  "consolidated": "Consolidated",
  "bank": "N",
  "audited": "Audited",
  "indAs": "Ind-AS New",
  "isin": "INE933S01016",
  "seqNumber": "1169940",
  "_raw": {
    "audited": "Audited",
    "bank": "N",
    "broadCastDate": "30-Apr-2024 20:03:09",
    "companyName": "Indiamart Intermesh Limited",
    "consolidated": "Consolidated",
    "cumulative": "Cumulative",
    "difference": "00:00:17",
    "exchdisstime": "30-Apr-2024 20:03:26",
    "filingDate": "30-Apr-2024 20:03",
    "financialYear": "01-Apr-2023 To 31-Mar-2024",
    "format": "New",
    "fromDate": "01-Apr-2023",
    "indAs": "Ind-AS New",
    "industry": "-",
    "isin": "INE933S01016",
    "oldNewFlag": "N",
    "params": "01-Apr-202331-Mar-2024ANANCCNEINDIAMART",
    "period": "Annual",
    "reInd": "N",
    "relatingTo": "Annual",
    "resultDescription": null,
    "resultDetailedDataLink": null,
    "seqNumber": "1169940",
    "symbol": "INDIAMART",
    "toDate": "31-Mar-2024",
    "xbrl": "https://nsearchives.nseindia.com/corporate/xbrl/INDAS_105065_1112747_30042024080307.xml"
  }
}
[legacy-backfill] INDIAMART Annual: 10 discovered → 10 after filter on period-end [2017-04-01..2025-01-31]
[legacy-backfill] INDIAMART Annual: 10 after date filter, 5 groups
     INDIAMART      filings=  55 ingested=  55 failed=  0   33.1s
[legacy-backfill] INDIGO Quarterly: discovered 50 raw filings
[legacy-backfill] INDIGO Quarterly: first filing: {
  "symbol": "INDIGO",
  "companyName": "InterGlobe Aviation Limited",
  "relatingTo": "Third Quarter",
  "financialYear": "01-Apr-2024 To 31-Mar-2025",
  "fromDate": "01-Oct-2024",
  "toDate": "31-Dec-2024",
  "filingDate": "24-Jan-2025 16:42",
  "xbrl": "https://nsearchives.nseindia.com/corporate/xbrl/INDAS_117624_1360398_24012025044252.xml",
  "consolidated": "Consolidated",
  "bank": "N",
  "audited": "Un-Audited",
  "indAs": "Ind-AS New",
  "isin": "INE646L01027",
  "seqNumber": "1190457",
  "_raw": {
    "audited": "Un-Audited",
    "bank": "N",
    "broadCastDate": "24-Jan-2025 16:42:52",
    "companyName": "InterGlobe Aviation Limited",
    "consolidated": "Consolidated",
    "cumulative": "Non-cumulative",
    "difference": "00:00:41",
    "exchdisstime": "24-Jan-2025 16:43:33",
    "filingDate": "24-Jan-2025 16:42",
    "financialYear": "01-Apr-2024 To 31-Mar-2025",
    "format": "New",
    "fromDate": "01-Oct-2024",
    "indAs": "Ind-AS New",
    "industry": "-",
    "isin": "INE646L01027",
    "oldNewFlag": "N",
    "params": "01-Oct-202431-Dec-2024Q3UNNCNEINDIGO",
    "period": "Quarterly",
    "reInd": "N",
    "relatingTo": "Third Quarter",
    "resultDescription": null,
    "resultDetailedDataLink": null,
    "seqNumber": "1190457",
    "symbol": "INDIGO",
    "toDate": "31-Dec-2024",
    "xbrl": "https://nsearchives.nseindia.com/corporate/xbrl/INDAS_117624_1360398_24012025044252.xml"
  }
}
[legacy-backfill] INDIGO Quarterly: 50 discovered → 50 after filter on period-end [2017-04-01..2025-01-31]
[legacy-backfill] INDIGO Quarterly: 50 after date filter, 28 groups
[legacy-backfill] INDIGO Annual: discovered 14 raw filings
[legacy-backfill] INDIGO Annual: first filing: {
  "symbol": "INDIGO",
  "companyName": "InterGlobe Aviation Limited",
  "relatingTo": "Annual",
  "financialYear": "01-Apr-2023 To 31-Mar-2024",
  "fromDate": "01-Apr-2023",
  "toDate": "31-Mar-2024",
  "filingDate": "24-May-2024 07:41",
  "xbrl": "https://nsearchives.nseindia.com/corporate/xbrl/INDAS_106926_1136594_24052024074141.xml",
  "consolidated": "Consolidated",
  "bank": "N",
  "audited": "Audited",
  "indAs": "Ind-AS New",
  "isin": "INE646L01027",
  "seqNumber": "1173545",
  "_raw": {
    "audited": "Audited",
    "bank": "N",
    "broadCastDate": "24-May-2024 07:41:42",
    "companyName": "InterGlobe Aviation Limited",
    "consolidated": "Consolidated",
    "cumulative": "Cumulative",
    "difference": "00:00:25",
    "exchdisstime": "24-May-2024 07:42:07",
    "filingDate": "24-May-2024 07:41",
    "financialYear": "01-Apr-2023 To 31-Mar-2024",
    "format": "New",
    "fromDate": "01-Apr-2023",
    "indAs": "Ind-AS New",
    "industry": "-",
    "isin": "INE646L01027",
    "oldNewFlag": "N",
    "params": "01-Apr-202331-Mar-2024ANANCCNEINDIGO",
    "period": "Annual",
    "reInd": "N",
    "relatingTo": "Annual",
    "resultDescription": null,
    "resultDetailedDataLink": null,
    "seqNumber": "1173545",
    "symbol": "INDIGO",
    "toDate": "31-Mar-2024",
    "xbrl": "https://nsearchives.nseindia.com/corporate/xbrl/INDAS_106926_1136594_24052024074141.xml"
  }
}
[legacy-backfill] INDIGO Annual: 14 discovered → 14 after filter on period-end [2017-04-01..2025-01-31]
[legacy-backfill] INDIGO Annual: 14 after date filter, 7 groups
     INDIGO         filings=  64 ingested=  64 failed=  0   34.0s
[NseClient] Request failed (read ECONNRESET), re-establishing session and retrying…
[NseClient] Initialising session…
[NseClient] Session ready
[legacy-backfill] INDUSTOWER Quarterly: discovered 51 raw filings
[legacy-backfill] INDUSTOWER Quarterly: first filing: {
  "symbol": "INDUSTOWER",
  "companyName": "Indus Towers Limited",
  "relatingTo": "Third Quarter",
  "financialYear": "01-Apr-2024 To 31-Mar-2025",
  "fromDate": "01-Oct-2024",
  "toDate": "31-Dec-2024",
  "filingDate": "24-Jan-2025 15:36",
  "xbrl": "https://nsearchives.nseindia.com/corporate/xbrl/INDAS_117612_1360247_24012025033642.xml",
  "consolidated": "Consolidated",
  "bank": "N",
  "audited": "Audited",
  "indAs": "Ind-AS New",
  "isin": "INE121J01017",
  "seqNumber": "1190433",
  "_raw": {
    "audited": "Audited",
    "bank": "N",
    "broadCastDate": "24-Jan-2025 15:36:43",
    "companyName": "Indus Towers Limited",
    "consolidated": "Consolidated",
    "cumulative": "Non-cumulative",
    "difference": "00:00:33",
    "exchdisstime": "24-Jan-2025 15:37:16",
    "filingDate": "24-Jan-2025 15:36",
    "financialYear": "01-Apr-2024 To 31-Mar-2025",
    "format": "New",
    "fromDate": "01-Oct-2024",
    "indAs": "Ind-AS New",
    "industry": "-",
    "isin": "INE121J01017",
    "oldNewFlag": "N",
    "params": "01-Oct-202431-Dec-2024Q3ANNCNEINDUSTOWER",
    "period": "Quarterly",
    "reInd": "N",
    "relatingTo": "Third Quarter",
    "resultDescription": null,
    "resultDetailedDataLink": null,
    "seqNumber": "1190433",
    "symbol": "INDUSTOWER",
    "toDate": "31-Dec-2024",
    "xbrl": "https://nsearchives.nseindia.com/corporate/xbrl/INDAS_117612_1360247_24012025033642.xml"
  }
}
[legacy-backfill] INDUSTOWER Quarterly: 51 discovered → 51 after filter on period-end [2017-04-01..2025-01-31]
[legacy-backfill] INDUSTOWER Quarterly: 51 after date filter, 26 groups
[legacy-backfill] INDUSTOWER Annual: discovered 12 raw filings
[legacy-backfill] INDUSTOWER Annual: first filing: {
  "symbol": "INDUSTOWER",
  "companyName": "Indus Towers Limited",
  "relatingTo": "Annual",
  "financialYear": "01-Apr-2023 To 31-Mar-2024",
  "fromDate": "01-Apr-2023",
  "toDate": "31-Mar-2024",
  "filingDate": "01-May-2024 19:02",
  "xbrl": "https://nsearchives.nseindia.com/corporate/xbrl/INDAS_105122_1113286_01052024070242.xml",
  "consolidated": "Consolidated",
  "bank": "N",
  "audited": "Audited",
  "indAs": "Ind-AS New",
  "isin": "INE121J01017",
  "seqNumber": "1170025",
  "_raw": {
    "audited": "Audited",
    "bank": "N",
    "broadCastDate": "01-May-2024 19:02:43",
    "companyName": "Indus Towers Limited",
    "consolidated": "Consolidated",
    "cumulative": "Cumulative",
    "difference": "00:00:19",
    "exchdisstime": "01-May-2024 19:03:02",
    "filingDate": "01-May-2024 19:02",
    "financialYear": "01-Apr-2023 To 31-Mar-2024",
    "format": "New",
    "fromDate": "01-Apr-2023",
    "indAs": "Ind-AS New",
    "industry": "-",
    "isin": "INE121J01017",
    "oldNewFlag": "N",
    "params": "01-Apr-202331-Mar-2024ANANCCNEINDUSTOWER",
    "period": "Annual",
    "reInd": "N",
    "relatingTo": "Annual",
    "resultDescription": null,
    "resultDetailedDataLink": null,
    "seqNumber": "1170025",
    "symbol": "INDUSTOWER",
    "toDate": "31-Mar-2024",
    "xbrl": "https://nsearchives.nseindia.com/corporate/xbrl/INDAS_105122_1113286_01052024070242.xml"
  }
}
[legacy-backfill] INDUSTOWER Annual: 12 discovered → 12 after filter on period-end [2017-04-01..2025-01-31]
[legacy-backfill] INDUSTOWER Annual: 12 after date filter, 6 groups
     INDUSTOWER     filings=  63 ingested=  63 failed=  0   50.0s
[legacy-backfill] IPCALAB Quarterly: discovered 50 raw filings
[legacy-backfill] IPCALAB Quarterly: first filing: {
  "symbol": "IPCALAB",
  "companyName": "IPCA Laboratories Limited",
  "relatingTo": "Third Quarter",
  "financialYear": "01-Apr-2024 To 31-Mar-2025",
  "fromDate": "01-Oct-2024",
  "toDate": "31-Dec-2024",
  "filingDate": "13-Feb-2025 17:11",
  "xbrl": "https://nsearchives.nseindia.com/corporate/xbrl/INDAS_120288_1382151_13022025051136.xml",
  "consolidated": "Consolidated",
  "bank": "N",
  "audited": "Un-Audited",
  "indAs": "Ind-AS New",
  "isin": "INE571A01020",
  "seqNumber": "1195737",
  "_raw": {
    "audited": "Un-Audited",
    "bank": "N",
    "broadCastDate": "13-Feb-2025 17:11:37",
    "companyName": "IPCA Laboratories Limited",
    "consolidated": "Consolidated",
    "cumulative": "Non-cumulative",
    "difference": "00:00:26",
    "exchdisstime": "13-Feb-2025 17:12:03",
    "filingDate": "13-Feb-2025 17:11",
    "financialYear": "01-Apr-2024 To 31-Mar-2025",
    "format": "New",
    "fromDate": "01-Oct-2024",
    "indAs": "Ind-AS New",
    "industry": "-",
    "isin": "INE571A01020",
    "oldNewFlag": "N",
    "params": "01-Oct-202431-Dec-2024Q3UNNCNEIPCALAB",
    "period": "Quarterly",
    "reInd": "N",
    "relatingTo": "Third Quarter",
    "resultDescription": null,
    "resultDetailedDataLink": null,
    "seqNumber": "1195737",
    "symbol": "IPCALAB",
    "toDate": "31-Dec-2024",
    "xbrl": "https://nsearchives.nseindia.com/corporate/xbrl/INDAS_120288_1382151_13022025051136.xml"
  }
}
[legacy-backfill] IPCALAB Quarterly: 50 discovered → 50 after filter on period-end [2017-04-01..2025-01-31]
[legacy-backfill] IPCALAB Quarterly: 50 after date filter, 28 groups
[NseClient] Request failed (read ECONNRESET), re-establishing session and retrying…
[NseClient] Initialising session…
[NseClient] Session ready
[legacy-backfill] IPCALAB Annual: discovered 13 raw filings
[legacy-backfill] IPCALAB Annual: first filing: {
  "symbol": "IPCALAB",
  "companyName": "IPCA Laboratories Limited",
  "relatingTo": "Annual",
  "financialYear": "01-Apr-2023 To 31-Mar-2024",
  "fromDate": "01-Apr-2023",
  "toDate": "31-Mar-2024",
  "filingDate": "29-May-2024 18:32",
  "xbrl": "https://nsearchives.nseindia.com/corporate/xbrl/INDAS_107946_1145327_29052024063218.xml",
  "consolidated": "Consolidated",
  "bank": "N",
  "audited": "Audited",
  "indAs": "Ind-AS New",
  "isin": "INE571A01020",
  "seqNumber": "1175557",
  "_raw": {
    "audited": "Audited",
    "bank": "N",
    "broadCastDate": "29-May-2024 18:32:19",
    "companyName": "IPCA Laboratories Limited",
    "consolidated": "Consolidated",
    "cumulative": "Cumulative",
    "difference": "00:01:15",
    "exchdisstime": "29-May-2024 18:33:34",
    "filingDate": "29-May-2024 18:32",
    "financialYear": "01-Apr-2023 To 31-Mar-2024",
    "format": "New",
    "fromDate": "01-Apr-2023",
    "indAs": "Ind-AS New",
    "industry": "-",
    "isin": "INE571A01020",
    "oldNewFlag": "N",
    "params": "01-Apr-202331-Mar-2024ANANCCNEIPCALAB",
    "period": "Annual",
    "reInd": "N",
    "relatingTo": "Annual",
    "resultDescription": null,
    "resultDetailedDataLink": null,
    "seqNumber": "1175557",
    "symbol": "IPCALAB",
    "toDate": "31-Mar-2024",
    "xbrl": "https://nsearchives.nseindia.com/corporate/xbrl/INDAS_107946_1145327_29052024063218.xml"
  }
}
[legacy-backfill] IPCALAB Annual: 13 discovered → 13 after filter on period-end [2017-04-01..2025-01-31]
[legacy-backfill] IPCALAB Annual: 13 after date filter, 7 groups
     IPCALAB        filings=  63 ingested=  63 failed=  0   49.1s
[legacy-backfill] ITC Quarterly: discovered 50 raw filings
[legacy-backfill] ITC Quarterly: first filing: {
  "symbol": "ITC",
  "companyName": "ITC Limited",
  "relatingTo": "Third Quarter",
  "financialYear": "01-Apr-2024 To 31-Mar-2025",
  "fromDate": "01-Oct-2024",
  "toDate": "31-Dec-2024",
  "filingDate": "06-Feb-2025 19:20",
  "xbrl": "https://nsearchives.nseindia.com/corporate/xbrl/INDAS_118941_1373614_06022025072019.xml",
  "consolidated": "Consolidated",
  "bank": "N",
  "audited": "Un-Audited",
  "indAs": "Ind-AS New",
  "isin": "INE154A01025",
  "seqNumber": "1193051",
  "_raw": {
    "audited": "Un-Audited",
    "bank": "N",
    "broadCastDate": "06-Feb-2025 19:20:20",
    "companyName": "ITC Limited",
    "consolidated": "Consolidated",
    "cumulative": "Non-cumulative",
    "difference": "00:00:57",
    "exchdisstime": "06-Feb-2025 19:21:17",
    "filingDate": "06-Feb-2025 19:20",
    "financialYear": "01-Apr-2024 To 31-Mar-2025",
    "format": "New",
    "fromDate": "01-Oct-2024",
    "indAs": "Ind-AS New",
    "industry": "-",
    "isin": "INE154A01025",
    "oldNewFlag": "N",
    "params": "01-Oct-202431-Dec-2024Q3UNNCNEITC",
    "period": "Quarterly",
    "reInd": "N",
    "relatingTo": "Third Quarter",
    "resultDescription": null,
    "resultDetailedDataLink": null,
    "seqNumber": "1193051",
    "symbol": "ITC",
    "toDate": "31-Dec-2024",
    "xbrl": "https://nsearchives.nseindia.com/corporate/xbrl/INDAS_118941_1373614_06022025072019.xml"
  }
}
[legacy-backfill] ITC Quarterly: 50 discovered → 50 after filter on period-end [2017-04-01..2025-01-31]
[legacy-backfill] ITC Quarterly: 50 after date filter, 28 groups
[legacy-backfill] ITC Annual: discovered 13 raw filings
[legacy-backfill] ITC Annual: first filing: {
  "symbol": "ITC",
  "companyName": "ITC Limited",
  "relatingTo": "Annual",
  "financialYear": "01-Apr-2023 To 31-Mar-2024",
  "fromDate": "01-Apr-2023",
  "toDate": "31-Mar-2024",
  "filingDate": "23-May-2024 17:03",
  "xbrl": "https://nsearchives.nseindia.com/corporate/xbrl/INDAS_106840_1135573_23052024050307.xml",
  "consolidated": "Consolidated",
  "bank": "N",
  "audited": "Audited",
  "indAs": "Ind-AS New",
  "isin": "INE154A01025",
  "seqNumber": "1173378",
  "_raw": {
    "audited": "Audited",
    "bank": "N",
    "broadCastDate": "23-May-2024 17:03:08",
    "companyName": "ITC Limited",
    "consolidated": "Consolidated",
    "cumulative": "Cumulative",
    "difference": "00:00:43",
    "exchdisstime": "23-May-2024 17:03:51",
    "filingDate": "23-May-2024 17:03",
    "financialYear": "01-Apr-2023 To 31-Mar-2024",
    "format": "New",
    "fromDate": "01-Apr-2023",
    "indAs": "Ind-AS New",
    "industry": "-",
    "isin": "INE154A01025",
    "oldNewFlag": "N",
    "params": "01-Apr-202331-Mar-2024ANANCCNEITC",
    "period": "Annual",
    "reInd": "N",
    "relatingTo": "Annual",
    "resultDescription": null,
    "resultDetailedDataLink": null,
    "seqNumber": "1173378",
    "symbol": "ITC",
    "toDate": "31-Mar-2024",
    "xbrl": "https://nsearchives.nseindia.com/corporate/xbrl/INDAS_106840_1135573_23052024050307.xml"
  }
}
[legacy-backfill] ITC Annual: 13 discovered → 13 after filter on period-end [2017-04-01..2025-01-31]
[legacy-backfill] ITC Annual: 13 after date filter, 7 groups
     ITC            filings=  63 ingested=  63 failed=  0   36.1s
[legacy-backfill] JSWDULUX Quarterly: discovered 52 raw filings
[legacy-backfill] JSWDULUX Quarterly: first filing: {
  "symbol": "JSWDULUX",
  "companyName": "JSW Dulux Limited",
  "relatingTo": "Third Quarter",
  "financialYear": "01-Apr-2024 To 31-Mar-2025",
  "fromDate": "01-Oct-2024",
  "toDate": "31-Dec-2024",
  "filingDate": "07-Feb-2025 20:51",
  "xbrl": "https://nsearchives.nseindia.com/corporate/xbrl/INDAS_119179_1375214_07022025085152.xml",
  "consolidated": "Consolidated",
  "bank": "N",
  "audited": "Un-Audited",
  "indAs": "Ind-AS New",
  "isin": "INE133A01011",
  "seqNumber": "1193523",
  "_raw": {
    "audited": "Un-Audited",
    "bank": "N",
    "broadCastDate": "07-Feb-2025 20:51:52",
    "companyName": "JSW Dulux Limited",
    "consolidated": "Consolidated",
    "cumulative": "Non-cumulative",
    "difference": "00:00:45",
    "exchdisstime": "07-Feb-2025 20:52:37",
    "filingDate": "07-Feb-2025 20:51",
    "financialYear": "01-Apr-2024 To 31-Mar-2025",
    "format": "New",
    "fromDate": "01-Oct-2024",
    "indAs": "Ind-AS New",
    "industry": "-",
    "isin": "INE133A01011",
    "oldNewFlag": "N",
    "params": "01-Oct-202431-Dec-2024Q3UNNCNEJSWDULUX",
    "period": "Quarterly",
    "reInd": "N",
    "relatingTo": "Third Quarter",
    "resultDescription": null,
    "resultDetailedDataLink": null,
    "seqNumber": "1193523",
    "symbol": "JSWDULUX",
    "toDate": "31-Dec-2024",
    "xbrl": "https://nsearchives.nseindia.com/corporate/xbrl/INDAS_119179_1375214_07022025085152.xml"
  }
}
[legacy-backfill] JSWDULUX Quarterly: 52 discovered → 51 after filter on period-end [2017-04-01..2025-01-31]
[legacy-backfill] JSWDULUX Quarterly: 51 after date filter, 28 groups
[NseClient] Request failed (read ECONNRESET), re-establishing session and retrying…
[NseClient] Initialising session…
[NseClient] Session ready
[legacy-backfill] JSWDULUX Annual: discovered 13 raw filings
[legacy-backfill] JSWDULUX Annual: first filing: {
  "symbol": "JSWDULUX",
  "companyName": "JSW Dulux Limited",
  "relatingTo": "Annual",
  "financialYear": "01-Apr-2023 To 31-Mar-2024",
  "fromDate": "01-Apr-2023",
  "toDate": "31-Mar-2024",
  "filingDate": "16-May-2024 20:24",
  "xbrl": "https://nsearchives.nseindia.com/corporate/xbrl/INDAS_106157_1127411_16052024082421.xml",
  "consolidated": "Consolidated",
  "bank": "N",
  "audited": "Audited",
  "indAs": "Ind-AS New",
  "isin": "INE133A01011",
  "seqNumber": "1172037",
  "_raw": {
    "audited": "Audited",
    "bank": "N",
    "broadCastDate": "16-May-2024 20:24:22",
    "companyName": "JSW Dulux Limited",
    "consolidated": "Consolidated",
    "cumulative": "Cumulative",
    "difference": "00:00:20",
    "exchdisstime": "16-May-2024 20:24:42",
    "filingDate": "16-May-2024 20:24",
    "financialYear": "01-Apr-2023 To 31-Mar-2024",
    "format": "New",
    "fromDate": "01-Apr-2023",
    "indAs": "Ind-AS New",
    "industry": "-",
    "isin": "INE133A01011",
    "oldNewFlag": "N",
    "params": "01-Apr-202331-Mar-2024ANANCCNEJSWDULUX",
    "period": "Annual",
    "reInd": "N",
    "relatingTo": "Annual",
    "resultDescription": null,
    "resultDetailedDataLink": null,
    "seqNumber": "1172037",
    "symbol": "JSWDULUX",
    "toDate": "31-Mar-2024",
    "xbrl": "https://nsearchives.nseindia.com/corporate/xbrl/INDAS_106157_1127411_16052024082421.xml"
  }
}
[legacy-backfill] JSWDULUX Annual: 13 discovered → 13 after filter on period-end [2017-04-01..2025-01-31]
[legacy-backfill] JSWDULUX Annual: 13 after date filter, 7 groups
     JSWDULUX       filings=  64 ingested=  64 failed=  0   51.4s
[legacy-backfill] KPIL Quarterly: discovered 51 raw filings
[legacy-backfill] KPIL Quarterly: first filing: {
  "symbol": "KPIL",
  "companyName": "Kalpataru Projects International Limited",
  "relatingTo": "Third Quarter",
  "financialYear": "01-Apr-2024 To 31-Mar-2025",
  "fromDate": "01-Oct-2024",
  "toDate": "31-Dec-2024",
  "filingDate": "13-Feb-2025 20:54",
  "xbrl": "https://nsearchives.nseindia.com/corporate/xbrl/INDAS_120410_1383015_13022025085403.xml",
  "consolidated": "Consolidated",
  "bank": "N",
  "audited": "Un-Audited",
  "indAs": "Ind-AS New",
  "isin": "INE220B01022",
  "seqNumber": "1195981",
  "_raw": {
    "audited": "Un-Audited",
    "bank": "N",
    "broadCastDate": "13-Feb-2025 20:54:03",
    "companyName": "Kalpataru Projects International Limited",
    "consolidated": "Consolidated",
    "cumulative": "Non-cumulative",
    "difference": "00:00:53",
    "exchdisstime": "13-Feb-2025 20:54:56",
    "filingDate": "13-Feb-2025 20:54",
    "financialYear": "01-Apr-2024 To 31-Mar-2025",
    "format": "New",
    "fromDate": "01-Oct-2024",
    "indAs": "Ind-AS New",
    "industry": "-",
    "isin": "INE220B01022",
    "oldNewFlag": "N",
    "params": "01-Oct-202431-Dec-2024Q3UNNCNEKPIL",
    "period": "Quarterly",
    "reInd": "N",
    "relatingTo": "Third Quarter",
    "resultDescription": null,
    "resultDetailedDataLink": null,
    "seqNumber": "1195981",
    "symbol": "KPIL",
    "toDate": "31-Dec-2024",
    "xbrl": "https://nsearchives.nseindia.com/corporate/xbrl/INDAS_120410_1383015_13022025085403.xml"
  }
}
[legacy-backfill] KPIL Quarterly: 51 discovered → 51 after filter on period-end [2017-04-01..2025-01-31]
[legacy-backfill] KPIL Quarterly: 51 after date filter, 28 groups
[legacy-backfill] KPIL Annual: discovered 13 raw filings
[legacy-backfill] KPIL Annual: first filing: {
  "symbol": "KPIL",
  "companyName": "Kalpataru Projects International Limited",
  "relatingTo": "Annual",
  "financialYear": "01-Apr-2023 To 31-Mar-2024",
  "fromDate": "01-Apr-2023",
  "toDate": "31-Mar-2024",
  "filingDate": "08-May-2024 21:42",
  "xbrl": "https://nsearchives.nseindia.com/corporate/xbrl/INDAS_105497_1118535_08052024094235.xml",
  "consolidated": "Consolidated",
  "bank": "N",
  "audited": "Audited",
  "indAs": "Ind-AS New",
  "isin": "INE220B01022",
  "seqNumber": "1170749",
  "_raw": {
    "audited": "Audited",
    "bank": "N",
    "broadCastDate": "08-May-2024 21:42:41",
    "companyName": "Kalpataru Projects International Limited",
    "consolidated": "Consolidated",
    "cumulative": "Cumulative",
    "difference": "00:00:23",
    "exchdisstime": "08-May-2024 21:43:04",
    "filingDate": "08-May-2024 21:42",
    "financialYear": "01-Apr-2023 To 31-Mar-2024",
    "format": "New",
    "fromDate": "01-Apr-2023",
    "indAs": "Ind-AS New",
    "industry": "-",
    "isin": "INE220B01022",
    "oldNewFlag": "N",
    "params": "01-Apr-202331-Mar-2024ANANCCNEKPIL",
    "period": "Annual",
    "reInd": "N",
    "relatingTo": "Annual",
    "resultDescription": null,
    "resultDetailedDataLink": null,
    "seqNumber": "1170749",
    "symbol": "KPIL",
    "toDate": "31-Mar-2024",
    "xbrl": "https://nsearchives.nseindia.com/corporate/xbrl/INDAS_105497_1118535_08052024094235.xml"
  }
}
[legacy-backfill] KPIL Annual: 13 discovered → 13 after filter on period-end [2017-04-01..2025-01-31]
[legacy-backfill] KPIL Annual: 13 after date filter, 7 groups
     KPIL           filings=  64 ingested=  64 failed=  0   33.4s
[legacy-backfill] KPITTECH Quarterly: discovered 47 raw filings
[legacy-backfill] KPITTECH Quarterly: first filing: {
  "symbol": "KPITTECH",
  "companyName": "KPIT Technologies Limited",
  "relatingTo": "Third Quarter",
  "financialYear": "01-Apr-2024 To 31-Mar-2025",
  "fromDate": "01-Oct-2024",
  "toDate": "31-Dec-2024",
  "filingDate": "29-Jan-2025 16:36",
  "xbrl": "https://nsearchives.nseindia.com/corporate/xbrl/INDAS_118009_1364587_29012025043646.xml",
  "consolidated": "Non-Consolidated",
  "bank": "N",
  "audited": "Un-Audited",
  "indAs": "Ind-AS New",
  "isin": "INE04I401011",
  "seqNumber": "1191219",
  "_raw": {
    "audited": "Un-Audited",
    "bank": "N",
    "broadCastDate": "29-Jan-2025 16:36:47",
    "companyName": "KPIT Technologies Limited",
    "consolidated": "Non-Consolidated",
    "cumulative": "Non-cumulative",
    "difference": "00:00:18",
    "exchdisstime": "29-Jan-2025 16:37:05",
    "filingDate": "29-Jan-2025 16:36",
    "financialYear": "01-Apr-2024 To 31-Mar-2025",
    "format": "New",
    "fromDate": "01-Oct-2024",
    "indAs": "Ind-AS New",
    "industry": "-",
    "isin": "INE04I401011",
    "oldNewFlag": "N",
    "params": "01-Oct-202431-Dec-2024Q3UNNNNEKPITTECH",
    "period": "Quarterly",
    "reInd": "N",
    "relatingTo": "Third Quarter",
    "resultDescription": null,
    "resultDetailedDataLink": null,
    "seqNumber": "1191219",
    "symbol": "KPITTECH",
    "toDate": "31-Dec-2024",
    "xbrl": "https://nsearchives.nseindia.com/corporate/xbrl/INDAS_118009_1364587_29012025043646.xml"
  }
}
[legacy-backfill] KPITTECH Quarterly: 47 discovered → 47 after filter on period-end [2017-04-01..2025-01-31]
[legacy-backfill] KPITTECH Quarterly: 47 after date filter, 24 groups
[NseClient] Request failed (read ECONNRESET), re-establishing session and retrying…
[NseClient] Initialising session…
[NseClient] Session ready
[legacy-backfill] KPITTECH Annual: discovered 11 raw filings
[legacy-backfill] KPITTECH Annual: first filing: {
  "symbol": "KPITTECH",
  "companyName": "KPIT Technologies Limited",
  "relatingTo": "Annual",
  "financialYear": "01-Apr-2023 To 31-Mar-2024",
  "fromDate": "01-Apr-2023",
  "toDate": "31-Mar-2024",
  "filingDate": "29-Apr-2024 18:49",
  "xbrl": "https://nsearchives.nseindia.com/corporate/xbrl/INDAS_104942_1111124_29042024064900.xml",
  "consolidated": "Non-Consolidated",
  "bank": "N",
  "audited": "Audited",
  "indAs": "Ind-AS New",
  "isin": "INE04I401011",
  "seqNumber": "1169732",
  "_raw": {
    "audited": "Audited",
    "bank": "N",
    "broadCastDate": "29-Apr-2024 18:49:02",
    "companyName": "KPIT Technologies Limited",
    "consolidated": "Non-Consolidated",
    "cumulative": "Cumulative",
    "difference": "00:00:18",
    "exchdisstime": "29-Apr-2024 18:49:20",
    "filingDate": "29-Apr-2024 18:49",
    "financialYear": "01-Apr-2023 To 31-Mar-2024",
    "format": "New",
    "fromDate": "01-Apr-2023",
    "indAs": "Ind-AS New",
    "industry": "-",
    "isin": "INE04I401011",
    "oldNewFlag": "N",
    "params": "01-Apr-202331-Mar-2024ANANCNNEKPITTECH",
    "period": "Annual",
    "reInd": "N",
    "relatingTo": "Annual",
    "resultDescription": null,
    "resultDetailedDataLink": null,
    "seqNumber": "1169732",
    "symbol": "KPITTECH",
    "toDate": "31-Mar-2024",
    "xbrl": "https://nsearchives.nseindia.com/corporate/xbrl/INDAS_104942_1111124_29042024064900.xml"
  }
}
[legacy-backfill] KPITTECH Annual: 11 discovered → 11 after filter on period-end [2017-04-01..2025-01-31]
[legacy-backfill] KPITTECH Annual: 11 after date filter, 6 groups
     KPITTECH       filings=  58 ingested=  58 failed=  0   45.4s
[legacy-backfill] LEMONTREE Quarterly: discovered 55 raw filings
[legacy-backfill] LEMONTREE Quarterly: first filing: {
  "symbol": "LEMONTREE",
  "companyName": "Lemon Tree Hotels Limited",
  "relatingTo": "Third Quarter",
  "financialYear": "01-Apr-2024 To 31-Mar-2025",
  "fromDate": "01-Oct-2024",
  "toDate": "31-Dec-2024",
  "filingDate": "05-Feb-2025 18:04",
  "xbrl": "https://nsearchives.nseindia.com/corporate/xbrl/INDAS_118759_1371886_05022025060430.xml",
  "consolidated": "Consolidated",
  "bank": "N",
  "audited": "Un-Audited",
  "indAs": "Ind-AS New",
  "isin": "INE970X01018",
  "seqNumber": "1192687",
  "_raw": {
    "audited": "Un-Audited",
    "bank": "N",
    "broadCastDate": "05-Feb-2025 18:04:30",
    "companyName": "Lemon Tree Hotels Limited",
    "consolidated": "Consolidated",
    "cumulative": "Non-cumulative",
    "difference": "00:00:48",
    "exchdisstime": "05-Feb-2025 18:05:18",
    "filingDate": "05-Feb-2025 18:04",
    "financialYear": "01-Apr-2024 To 31-Mar-2025",
    "format": "New",
    "fromDate": "01-Oct-2024",
    "indAs": "Ind-AS New",
    "industry": "-",
    "isin": "INE970X01018",
    "oldNewFlag": "N",
    "params": "01-Oct-202431-Dec-2024Q3UNNCNELEMONTREE",
    "period": "Quarterly",
    "reInd": "N",
    "relatingTo": "Third Quarter",
    "resultDescription": null,
    "resultDetailedDataLink": null,
    "seqNumber": "1192687",
    "symbol": "LEMONTREE",
    "toDate": "31-Dec-2024",
    "xbrl": "https://nsearchives.nseindia.com/corporate/xbrl/INDAS_118759_1371886_05022025060430.xml"
  }
}
[legacy-backfill] LEMONTREE Quarterly: 55 discovered → 55 after filter on period-end [2017-04-01..2025-01-31]
[legacy-backfill] LEMONTREE Quarterly: 55 after date filter, 28 groups
[legacy-backfill] LEMONTREE Annual: discovered 14 raw filings
[legacy-backfill] LEMONTREE Annual: first filing: {
  "symbol": "LEMONTREE",
  "companyName": "Lemon Tree Hotels Limited",
  "relatingTo": "Annual",
  "financialYear": "01-Apr-2023 To 31-Mar-2024",
  "fromDate": "01-Apr-2023",
  "toDate": "31-Mar-2024",
  "filingDate": "30-May-2024 17:43",
  "xbrl": "https://nsearchives.nseindia.com/corporate/xbrl/INDAS_108278_1148126_30052024054334.xml",
  "consolidated": "Consolidated",
  "bank": "N",
  "audited": "Audited",
  "indAs": "Ind-AS New",
  "isin": "INE970X01018",
  "seqNumber": "1176217",
  "_raw": {
    "audited": "Audited",
    "bank": "N",
    "broadCastDate": "30-May-2024 17:43:35",
    "companyName": "Lemon Tree Hotels Limited",
    "consolidated": "Consolidated",
    "cumulative": "Cumulative",
    "difference": "00:01:51",
    "exchdisstime": "30-May-2024 17:45:26",
    "filingDate": "30-May-2024 17:43",
    "financialYear": "01-Apr-2023 To 31-Mar-2024",
    "format": "New",
    "fromDate": "01-Apr-2023",
    "indAs": "Ind-AS New",
    "industry": "-",
    "isin": "INE970X01018",
    "oldNewFlag": "N",
    "params": "01-Apr-202331-Mar-2024ANANCCNELEMONTREE",
    "period": "Annual",
    "reInd": "N",
    "relatingTo": "Annual",
    "resultDescription": null,
    "resultDetailedDataLink": null,
    "seqNumber": "1176217",
    "symbol": "LEMONTREE",
    "toDate": "31-Mar-2024",
    "xbrl": "https://nsearchives.nseindia.com/corporate/xbrl/INDAS_108278_1148126_30052024054334.xml"
  }
}
[legacy-backfill] LEMONTREE Annual: 14 discovered → 14 after filter on period-end [2017-04-01..2025-01-31]
[legacy-backfill] LEMONTREE Annual: 14 after date filter, 7 groups
     LEMONTREE      filings=  69 ingested=  69 failed=  0   36.5s
[NseClient] Session reset (forced)
[NseClient] Initialising session…
[NseClient] Session ready
[legacy-backfill] LTTS Quarterly: discovered 55 raw filings
[legacy-backfill] LTTS Quarterly: first filing: {
  "symbol": "LTTS",
  "companyName": "L&T Technology Services Limited",
  "relatingTo": "Third Quarter",
  "financialYear": "01-Apr-2024 To 31-Mar-2025",
  "fromDate": "01-Oct-2024",
  "toDate": "31-Dec-2024",
  "filingDate": "15-Jan-2025 17:00",
  "xbrl": "https://nsearchives.nseindia.com/corporate/xbrl/INDAS_117240_1346254_15012025050001.xml",
  "consolidated": "Consolidated",
  "bank": "N",
  "audited": "Un-Audited",
  "indAs": "Ind-AS New",
  "isin": "INE010V01017",
  "seqNumber": "1189713",
  "_raw": {
    "audited": "Un-Audited",
    "bank": "N",
    "broadCastDate": "15-Jan-2025 17:00:01",
    "companyName": "L&T Technology Services Limited",
    "consolidated": "Consolidated",
    "cumulative": "Non-cumulative",
    "difference": "00:00:31",
    "exchdisstime": "15-Jan-2025 17:00:32",
    "filingDate": "15-Jan-2025 17:00",
    "financialYear": "01-Apr-2024 To 31-Mar-2025",
    "format": "New",
    "fromDate": "01-Oct-2024",
    "indAs": "Ind-AS New",
    "industry": "-",
    "isin": "INE010V01017",
    "oldNewFlag": "N",
    "params": "01-Oct-202431-Dec-2024Q3UNNCNELTTS",
    "period": "Quarterly",
    "reInd": "N",
    "relatingTo": "Third Quarter",
    "resultDescription": null,
    "resultDetailedDataLink": null,
    "seqNumber": "1189713",
    "symbol": "LTTS",
    "toDate": "31-Dec-2024",
    "xbrl": "https://nsearchives.nseindia.com/corporate/xbrl/INDAS_117240_1346254_15012025050001.xml"
  }
}
[legacy-backfill] LTTS Quarterly: 55 discovered → 55 after filter on period-end [2017-04-01..2025-01-31]
[legacy-backfill] LTTS Quarterly: 55 after date filter, 28 groups
[legacy-backfill] LTTS Annual: discovered 14 raw filings
[legacy-backfill] LTTS Annual: first filing: {
  "symbol": "LTTS",
  "companyName": "L&T Technology Services Limited",
  "relatingTo": "Annual",
  "financialYear": "01-Apr-2023 To 31-Mar-2024",
  "fromDate": "01-Apr-2023",
  "toDate": "31-Mar-2024",
  "filingDate": "26-Apr-2024 15:24",
  "xbrl": "https://nsearchives.nseindia.com/corporate/xbrl/INDAS_104768_1108991_26042024032448.xml",
  "consolidated": "Consolidated",
  "bank": "N",
  "audited": "Audited",
  "indAs": "Ind-AS New",
  "isin": "INE010V01017",
  "seqNumber": "1169450",
  "_raw": {
    "audited": "Audited",
    "bank": "N",
    "broadCastDate": "26-Apr-2024 15:24:49",
    "companyName": "L&T Technology Services Limited",
    "consolidated": "Consolidated",
    "cumulative": "Cumulative",
    "difference": "00:03:27",
    "exchdisstime": "26-Apr-2024 15:28:16",
    "filingDate": "26-Apr-2024 15:24",
    "financialYear": "01-Apr-2023 To 31-Mar-2024",
    "format": "New",
    "fromDate": "01-Apr-2023",
    "indAs": "Ind-AS New",
    "industry": "-",
    "isin": "INE010V01017",
    "oldNewFlag": "N",
    "params": "01-Apr-202331-Mar-2024ANANCCNELTTS",
    "period": "Annual",
    "reInd": "N",
    "relatingTo": "Annual",
    "resultDescription": null,
    "resultDetailedDataLink": null,
    "seqNumber": "1169450",
    "symbol": "LTTS",
    "toDate": "31-Mar-2024",
    "xbrl": "https://nsearchives.nseindia.com/corporate/xbrl/INDAS_104768_1108991_26042024032448.xml"
  }
}
[legacy-backfill] LTTS Annual: 14 discovered → 14 after filter on period-end [2017-04-01..2025-01-31]
[legacy-backfill] LTTS Annual: 14 after date filter, 7 groups
     LTTS           filings=  69 ingested=  69 failed=  0   38.9s
     chunk  3/5 · done  30/49 · chunk 6.9min · elapsed 20.6min · filings  632 ingested  632 failed   0 (0%) · cumulative 3 · fence ✓ · 07:46 UTC
       MIX: none   (no throttle signature)

  ── chunk 4/5: LUPIN MPHASIS MRPL NBCC NYKAA POLYCAB REDINGTON RELIANCE SHREECEM SUNPHARMA
[NseClient] Session reset (forced)
[NseClient] Initialising session…
[NseClient] Session ready
[legacy-backfill] LUPIN Quarterly: discovered 56 raw filings
[legacy-backfill] LUPIN Quarterly: first filing: {
  "symbol": "LUPIN",
  "companyName": "Lupin Limited",
  "relatingTo": "Third Quarter",
  "financialYear": "01-Apr-2024 To 31-Mar-2025",
  "fromDate": "01-Oct-2024",
  "toDate": "31-Dec-2024",
  "filingDate": "12-Feb-2025 12:20",
  "xbrl": "https://nsearchives.nseindia.com/corporate/xbrl/INDAS_119795_1379185_12022025122002.xml",
  "consolidated": "Consolidated",
  "bank": "N",
  "audited": "Un-Audited",
  "indAs": "Ind-AS New",
  "isin": "INE326A01029",
  "seqNumber": "1194753",
  "_raw": {
    "audited": "Un-Audited",
    "bank": "N",
    "broadCastDate": "12-Feb-2025 12:20:02",
    "companyName": "Lupin Limited",
    "consolidated": "Consolidated",
    "cumulative": "Non-cumulative",
    "difference": "00:00:10",
    "exchdisstime": "12-Feb-2025 12:20:12",
    "filingDate": "12-Feb-2025 12:20",
    "financialYear": "01-Apr-2024 To 31-Mar-2025",
    "format": "New",
    "fromDate": "01-Oct-2024",
    "indAs": "Ind-AS New",
    "industry": "-",
    "isin": "INE326A01029",
    "oldNewFlag": "N",
    "params": "01-Oct-202431-Dec-2024Q3UNNCNELUPIN",
    "period": "Quarterly",
    "reInd": "N",
    "relatingTo": "Third Quarter",
    "resultDescription": null,
    "resultDetailedDataLink": null,
    "seqNumber": "1194753",
    "symbol": "LUPIN",
    "toDate": "31-Dec-2024",
    "xbrl": "https://nsearchives.nseindia.com/corporate/xbrl/INDAS_119795_1379185_12022025122002.xml"
  }
}
[legacy-backfill] LUPIN Quarterly: 56 discovered → 56 after filter on period-end [2017-04-01..2025-01-31]
[legacy-backfill] LUPIN Quarterly: 56 after date filter, 28 groups
[legacy-backfill] LUPIN Annual: discovered 14 raw filings
[legacy-backfill] LUPIN Annual: first filing: {
  "symbol": "LUPIN",
  "companyName": "Lupin Limited",
  "relatingTo": "Annual",
  "financialYear": "01-Apr-2023 To 31-Mar-2024",
  "fromDate": "01-Apr-2023",
  "toDate": "31-Mar-2024",
  "filingDate": "07-May-2024 13:06",
  "xbrl": "https://nsearchives.nseindia.com/corporate/xbrl/INDAS_105369_1116746_07052024010652.xml",
  "consolidated": "Consolidated",
  "bank": "N",
  "audited": "Audited",
  "indAs": "Ind-AS New",
  "isin": "INE326A01029",
  "seqNumber": "1170496",
  "_raw": {
    "audited": "Audited",
    "bank": "N",
    "broadCastDate": "07-May-2024 13:06:53",
    "companyName": "Lupin Limited",
    "consolidated": "Consolidated",
    "cumulative": "Cumulative",
    "difference": "00:00:18",
    "exchdisstime": "07-May-2024 13:07:11",
    "filingDate": "07-May-2024 13:06",
    "financialYear": "01-Apr-2023 To 31-Mar-2024",
    "format": "New",
    "fromDate": "01-Apr-2023",
    "indAs": "Ind-AS New",
    "industry": "-",
    "isin": "INE326A01029",
    "oldNewFlag": "N",
    "params": "01-Apr-202331-Mar-2024ANANCCNELUPIN",
    "period": "Annual",
    "reInd": "N",
    "relatingTo": "Annual",
    "resultDescription": null,
    "resultDetailedDataLink": null,
    "seqNumber": "1170496",
    "symbol": "LUPIN",
    "toDate": "31-Mar-2024",
    "xbrl": "https://nsearchives.nseindia.com/corporate/xbrl/INDAS_105369_1116746_07052024010652.xml"
  }
}
[legacy-backfill] LUPIN Annual: 14 discovered → 14 after filter on period-end [2017-04-01..2025-01-31]
[legacy-backfill] LUPIN Annual: 14 after date filter, 7 groups
     LUPIN          filings=  69 ingested=  69 failed=  0   41.8s
[legacy-backfill] MPHASIS Quarterly: discovered 55 raw filings
[legacy-backfill] MPHASIS Quarterly: first filing: {
  "symbol": "MPHASIS",
  "companyName": "MphasiS Limited",
  "relatingTo": "Third Quarter",
  "financialYear": "01-Apr-2024 To 31-Mar-2025",
  "fromDate": "01-Oct-2024",
  "toDate": "31-Dec-2024",
  "filingDate": "24-Jan-2025 13:07",
  "xbrl": "https://nsearchives.nseindia.com/corporate/xbrl/INDAS_117598_1360049_24012025010704.xml",
  "consolidated": "Consolidated",
  "bank": "N",
  "audited": "Audited",
  "indAs": "Ind-AS New",
  "isin": "INE356A01018",
  "seqNumber": "1190405",
  "_raw": {
    "audited": "Audited",
    "bank": "N",
    "broadCastDate": "24-Jan-2025 13:07:05",
    "companyName": "MphasiS Limited",
    "consolidated": "Consolidated",
    "cumulative": "Non-cumulative",
    "difference": "00:00:09",
    "exchdisstime": "24-Jan-2025 13:07:14",
    "filingDate": "24-Jan-2025 13:07",
    "financialYear": "01-Apr-2024 To 31-Mar-2025",
    "format": "New",
    "fromDate": "01-Oct-2024",
    "indAs": "Ind-AS New",
    "industry": "-",
    "isin": "INE356A01018",
    "oldNewFlag": "N",
    "params": "01-Oct-202431-Dec-2024Q3ANNCNEMPHASIS",
    "period": "Quarterly",
    "reInd": "N",
    "relatingTo": "Third Quarter",
    "resultDescription": null,
    "resultDetailedDataLink": null,
    "seqNumber": "1190405",
    "symbol": "MPHASIS",
    "toDate": "31-Dec-2024",
    "xbrl": "https://nsearchives.nseindia.com/corporate/xbrl/INDAS_117598_1360049_24012025010704.xml"
  }
}
[legacy-backfill] MPHASIS Quarterly: 55 discovered → 55 after filter on period-end [2017-04-01..2025-01-31]
[legacy-backfill] MPHASIS Quarterly: 55 after date filter, 28 groups
[NseClient] Request failed (read ECONNRESET), re-establishing session and retrying…
[NseClient] Initialising session…
[NseClient] Session ready
[legacy-backfill] MPHASIS Annual: discovered 14 raw filings
[legacy-backfill] MPHASIS Annual: first filing: {
  "symbol": "MPHASIS",
  "companyName": "MphasiS Limited",
  "relatingTo": "Annual",
  "financialYear": "01-Apr-2023 To 31-Mar-2024",
  "fromDate": "01-Apr-2023",
  "toDate": "31-Mar-2024",
  "filingDate": "26-Apr-2024 16:27",
  "xbrl": "https://nsearchives.nseindia.com/corporate/xbrl/INDAS_104783_1109118_26042024042746.xml",
  "consolidated": "Consolidated",
  "bank": "N",
  "audited": "Audited",
  "indAs": "Ind-AS New",
  "isin": "INE356A01018",
  "seqNumber": "1169475",
  "_raw": {
    "audited": "Audited",
    "bank": "N",
    "broadCastDate": "26-Apr-2024 16:27:47",
    "companyName": "MphasiS Limited",
    "consolidated": "Consolidated",
    "cumulative": "Cumulative",
    "difference": "00:02:30",
    "exchdisstime": "26-Apr-2024 16:30:17",
    "filingDate": "26-Apr-2024 16:27",
    "financialYear": "01-Apr-2023 To 31-Mar-2024",
    "format": "New",
    "fromDate": "01-Apr-2023",
    "indAs": "Ind-AS New",
    "industry": "-",
    "isin": "INE356A01018",
    "oldNewFlag": "N",
    "params": "01-Apr-202331-Mar-2024ANANCCNEMPHASIS",
    "period": "Annual",
    "reInd": "N",
    "relatingTo": "Annual",
    "resultDescription": null,
    "resultDetailedDataLink": null,
    "seqNumber": "1169475",
    "symbol": "MPHASIS",
    "toDate": "31-Mar-2024",
    "xbrl": "https://nsearchives.nseindia.com/corporate/xbrl/INDAS_104783_1109118_26042024042746.xml"
  }
}
[legacy-backfill] MPHASIS Annual: 14 discovered → 14 after filter on period-end [2017-04-01..2025-01-31]
[legacy-backfill] MPHASIS Annual: 14 after date filter, 7 groups
     MPHASIS        filings=  68 ingested=  68 failed=  0   52.3s
[legacy-backfill] MRPL Quarterly: discovered 51 raw filings
[legacy-backfill] MRPL Quarterly: first filing: {
  "symbol": "MRPL",
  "companyName": "Mangalore Refinery and Petrochemicals Limited",
  "relatingTo": "Third Quarter",
  "financialYear": "01-Apr-2024 To 31-Mar-2025",
  "fromDate": "01-Oct-2024",
  "toDate": "31-Dec-2024",
  "filingDate": "20-Jan-2025 14:27",
  "xbrl": "https://nsearchives.nseindia.com/corporate/xbrl/INDAS_117382_1352118_20012025022741.xml",
  "consolidated": "Consolidated",
  "bank": "N",
  "audited": "Un-Audited",
  "indAs": "Ind-AS New",
  "isin": "INE103A01014",
  "seqNumber": "1189983",
  "_raw": {
    "audited": "Un-Audited",
    "bank": "N",
    "broadCastDate": "20-Jan-2025 14:27:41",
    "companyName": "Mangalore Refinery and Petrochemicals Limited",
    "consolidated": "Consolidated",
    "cumulative": "Non-cumulative",
    "difference": "00:00:50",
    "exchdisstime": "20-Jan-2025 14:28:31",
    "filingDate": "20-Jan-2025 14:27",
    "financialYear": "01-Apr-2024 To 31-Mar-2025",
    "format": "New",
    "fromDate": "01-Oct-2024",
    "indAs": "Ind-AS New",
    "industry": "-",
    "isin": "INE103A01014",
    "oldNewFlag": "N",
    "params": "01-Oct-202431-Dec-2024Q3UNNCNEMRPL",
    "period": "Quarterly",
    "reInd": "N",
    "relatingTo": "Third Quarter",
    "resultDescription": null,
    "resultDetailedDataLink": null,
    "seqNumber": "1189983",
    "symbol": "MRPL",
    "toDate": "31-Dec-2024",
    "xbrl": "https://nsearchives.nseindia.com/corporate/xbrl/INDAS_117382_1352118_20012025022741.xml"
  }
}
[legacy-backfill] MRPL Quarterly: 51 discovered → 51 after filter on period-end [2017-04-01..2025-01-31]
[legacy-backfill] MRPL Quarterly: 51 after date filter, 28 groups
[legacy-backfill] MRPL Annual: discovered 12 raw filings
[legacy-backfill] MRPL Annual: first filing: {
  "symbol": "MRPL",
  "companyName": "Mangalore Refinery and Petrochemicals Limited",
  "relatingTo": "Annual",
  "financialYear": "01-Apr-2023 To 31-Mar-2024",
  "fromDate": "01-Apr-2023",
  "toDate": "31-Mar-2024",
  "filingDate": "03-May-2024 20:36",
  "xbrl": "https://nsearchives.nseindia.com/corporate/xbrl/INDAS_105252_1115107_03052024083626.xml",
  "consolidated": "Consolidated",
  "bank": "N",
  "audited": "Audited",
  "indAs": "Ind-AS New",
  "isin": "INE103A01014",
  "seqNumber": "1170266",
  "_raw": {
    "audited": "Audited",
    "bank": "N",
    "broadCastDate": "03-May-2024 20:36:28",
    "companyName": "Mangalore Refinery and Petrochemicals Limited",
    "consolidated": "Consolidated",
    "cumulative": "Cumulative",
    "difference": "00:00:17",
    "exchdisstime": "03-May-2024 20:36:45",
    "filingDate": "03-May-2024 20:36",
    "financialYear": "01-Apr-2023 To 31-Mar-2024",
    "format": "New",
    "fromDate": "01-Apr-2023",
    "indAs": "Ind-AS New",
    "industry": "-",
    "isin": "INE103A01014",
    "oldNewFlag": "N",
    "params": "01-Apr-202331-Mar-2024ANANCCNEMRPL",
    "period": "Annual",
    "reInd": "N",
    "relatingTo": "Annual",
    "resultDescription": null,
    "resultDetailedDataLink": null,
    "seqNumber": "1170266",
    "symbol": "MRPL",
    "toDate": "31-Mar-2024",
    "xbrl": "https://nsearchives.nseindia.com/corporate/xbrl/INDAS_105252_1115107_03052024083626.xml"
  }
}
[legacy-backfill] MRPL Annual: 12 discovered → 12 after filter on period-end [2017-04-01..2025-01-31]
[legacy-backfill] MRPL Annual: 12 after date filter, 7 groups
     MRPL           filings=  62 ingested=  62 failed=  0   33.4s
[legacy-backfill] NBCC Quarterly: discovered 54 raw filings
[legacy-backfill] NBCC Quarterly: first filing: {
  "symbol": "NBCC",
  "companyName": "NBCC (India) Limited",
  "relatingTo": "Third Quarter",
  "financialYear": "01-Apr-2024 To 31-Mar-2025",
  "fromDate": "01-Oct-2024",
  "toDate": "31-Dec-2024",
  "filingDate": "12-Feb-2025 15:46",
  "xbrl": "https://nsearchives.nseindia.com/corporate/xbrl/INDAS_119857_1379621_12022025034658.xml",
  "consolidated": "Consolidated",
  "bank": "N",
  "audited": "Un-Audited",
  "indAs": "Ind-AS New",
  "isin": "INE095N01015",
  "seqNumber": "1194877",
  "_raw": {
    "audited": "Un-Audited",
    "bank": "N",
    "broadCastDate": "12-Feb-2025 15:46:59",
    "companyName": "NBCC (India) Limited",
    "consolidated": "Consolidated",
    "cumulative": "Non-cumulative",
    "difference": "00:00:36",
    "exchdisstime": "12-Feb-2025 15:47:35",
    "filingDate": "12-Feb-2025 15:46",
    "financialYear": "01-Apr-2024 To 31-Mar-2025",
    "format": "New",
    "fromDate": "01-Oct-2024",
    "indAs": "Ind-AS New",
    "industry": "-",
    "isin": "INE095N01015",
    "oldNewFlag": "N",
    "params": "01-Oct-202431-Dec-2024Q3UNNCNENBCC",
    "period": "Quarterly",
    "reInd": "N",
    "relatingTo": "Third Quarter",
    "resultDescription": null,
    "resultDetailedDataLink": null,
    "seqNumber": "1194877",
    "symbol": "NBCC",
    "toDate": "31-Dec-2024",
    "xbrl": "https://nsearchives.nseindia.com/corporate/xbrl/INDAS_119857_1379621_12022025034658.xml"
  }
}
[legacy-backfill] NBCC Quarterly: 54 discovered → 54 after filter on period-end [2017-04-01..2025-01-31]
[legacy-backfill] NBCC Quarterly: 54 after date filter, 28 groups
[NseClient] Request failed (read ECONNRESET), re-establishing session and retrying…
[NseClient] Initialising session…
[NseClient] Session ready
[legacy-backfill] NBCC Annual: discovered 13 raw filings
[legacy-backfill] NBCC Annual: first filing: {
  "symbol": "NBCC",
  "companyName": "NBCC (India) Limited",
  "relatingTo": "Annual",
  "financialYear": "01-Apr-2023 To 31-Mar-2024",
  "fromDate": "01-Apr-2023",
  "toDate": "31-Mar-2024",
  "filingDate": "29-May-2024 17:01",
  "xbrl": "https://nsearchives.nseindia.com/corporate/xbrl/INDAS_107865_1144633_29052024050104.xml",
  "consolidated": "Non-Consolidated",
  "bank": "N",
  "audited": "Audited",
  "indAs": "Ind-AS New",
  "isin": "INE095N01015",
  "seqNumber": "1175399",
  "_raw": {
    "audited": "Audited",
    "bank": "N",
    "broadCastDate": "29-May-2024 17:01:06",
    "companyName": "NBCC (India) Limited",
    "consolidated": "Non-Consolidated",
    "cumulative": "Cumulative",
    "difference": "00:04:08",
    "exchdisstime": "29-May-2024 17:05:14",
    "filingDate": "29-May-2024 17:01",
    "financialYear": "01-Apr-2023 To 31-Mar-2024",
    "format": "New",
    "fromDate": "01-Apr-2023",
    "indAs": "Ind-AS New",
    "industry": "-",
    "isin": "INE095N01015",
    "oldNewFlag": "N",
    "params": "01-Apr-202331-Mar-2024ANANCNNENBCC",
    "period": "Annual",
    "reInd": "N",
    "relatingTo": "Annual",
    "resultDescription": null,
    "resultDetailedDataLink": null,
    "seqNumber": "1175399",
    "symbol": "NBCC",
    "toDate": "31-Mar-2024",
    "xbrl": "https://nsearchives.nseindia.com/corporate/xbrl/INDAS_107865_1144633_29052024050104.xml"
  }
}
[legacy-backfill] NBCC Annual: 13 discovered → 13 after filter on period-end [2017-04-01..2025-01-31]
[legacy-backfill] NBCC Annual: 13 after date filter, 7 groups
     NBCC           filings=  67 ingested=  67 failed=  0   51.8s
[legacy-backfill] NYKAA Quarterly: discovered 26 raw filings
[legacy-backfill] NYKAA Quarterly: first filing: {
  "symbol": "NYKAA",
  "companyName": "FSN E-Commerce Ventures Limited",
  "relatingTo": "Third Quarter",
  "financialYear": "01-Apr-2024 To 31-Mar-2025",
  "fromDate": "01-Oct-2024",
  "toDate": "31-Dec-2024",
  "filingDate": "11-Feb-2025 12:33",
  "xbrl": "https://nsearchives.nseindia.com/corporate/xbrl/INDAS_119539_1377657_11022025123314.xml",
  "consolidated": "Non-Consolidated",
  "bank": "N",
  "audited": "Un-Audited",
  "indAs": "Ind-AS New",
  "isin": "INE388Y01029",
  "seqNumber": "1194243",
  "_raw": {
    "audited": "Un-Audited",
    "bank": "N",
    "broadCastDate": "11-Feb-2025 12:33:14",
    "companyName": "FSN E-Commerce Ventures Limited",
    "consolidated": "Non-Consolidated",
    "cumulative": "Non-cumulative",
    "difference": "00:00:60",
    "exchdisstime": "11-Feb-2025 12:34:14",
    "filingDate": "11-Feb-2025 12:33",
    "financialYear": "01-Apr-2024 To 31-Mar-2025",
    "format": "New",
    "fromDate": "01-Oct-2024",
    "indAs": "Ind-AS New",
    "industry": "-",
    "isin": "INE388Y01029",
    "oldNewFlag": "N",
    "params": "01-Oct-202431-Dec-2024Q3UNNNNENYKAA",
    "period": "Quarterly",
    "reInd": "N",
    "relatingTo": "Third Quarter",
    "resultDescription": null,
    "resultDetailedDataLink": null,
    "seqNumber": "1194243",
    "symbol": "NYKAA",
    "toDate": "31-Dec-2024",
    "xbrl": "https://nsearchives.nseindia.com/corporate/xbrl/INDAS_119539_1377657_11022025123314.xml"
  }
}
[legacy-backfill] NYKAA Quarterly: 26 discovered → 26 after filter on period-end [2017-04-01..2025-01-31]
[legacy-backfill] NYKAA Quarterly: 26 after date filter, 14 groups
[legacy-backfill] NYKAA Annual: discovered 6 raw filings
[legacy-backfill] NYKAA Annual: first filing: {
  "symbol": "NYKAA",
  "companyName": "FSN E-Commerce Ventures Limited",
  "relatingTo": "Annual",
  "financialYear": "01-Apr-2023 To 31-Mar-2024",
  "fromDate": "01-Apr-2023",
  "toDate": "31-Mar-2024",
  "filingDate": "22-May-2024 19:04",
  "xbrl": "https://nsearchives.nseindia.com/corporate/xbrl/INDAS_106734_1134333_22052024070417.xml",
  "consolidated": "Consolidated",
  "bank": "N",
  "audited": "Audited",
  "indAs": "Ind-AS New",
  "isin": "INE388Y01029",
  "seqNumber": "1173170",
  "_raw": {
    "audited": "Audited",
    "bank": "N",
    "broadCastDate": "22-May-2024 19:04:18",
    "companyName": "FSN E-Commerce Ventures Limited",
    "consolidated": "Consolidated",
    "cumulative": "Cumulative",
    "difference": "00:00:24",
    "exchdisstime": "22-May-2024 19:04:42",
    "filingDate": "22-May-2024 19:04",
    "financialYear": "01-Apr-2023 To 31-Mar-2024",
    "format": "New",
    "fromDate": "01-Apr-2023",
    "indAs": "Ind-AS New",
    "industry": "-",
    "isin": "INE388Y01029",
    "oldNewFlag": "N",
    "params": "01-Apr-202331-Mar-2024ANANCCNENYKAA",
    "period": "Annual",
    "reInd": "N",
    "relatingTo": "Annual",
    "resultDescription": null,
    "resultDetailedDataLink": null,
    "seqNumber": "1173170",
    "symbol": "NYKAA",
    "toDate": "31-Mar-2024",
    "xbrl": "https://nsearchives.nseindia.com/corporate/xbrl/INDAS_106734_1134333_22052024070417.xml"
  }
}
[legacy-backfill] NYKAA Annual: 6 discovered → 6 after filter on period-end [2017-04-01..2025-01-31]
[legacy-backfill] NYKAA Annual: 6 after date filter, 3 groups
     NYKAA          filings=  32 ingested=  32 failed=  0   19.9s
[legacy-backfill] POLYCAB Quarterly: discovered 47 raw filings
[legacy-backfill] POLYCAB Quarterly: first filing: {
  "symbol": "POLYCAB",
  "companyName": "Polycab India Limited",
  "relatingTo": "Third Quarter",
  "financialYear": "01-Apr-2024 To 31-Mar-2025",
  "fromDate": "01-Oct-2024",
  "toDate": "31-Dec-2024",
  "filingDate": "22-Jan-2025 17:15",
  "xbrl": "https://nsearchives.nseindia.com/corporate/xbrl/INDAS_117488_1357164_22012025051528.xml",
  "consolidated": "Consolidated",
  "bank": "N",
  "audited": "Un-Audited",
  "indAs": "Ind-AS New",
  "isin": "INE455K01017",
  "seqNumber": "1190191",
  "_raw": {
    "audited": "Un-Audited",
    "bank": "N",
    "broadCastDate": "22-Jan-2025 17:15:28",
    "companyName": "Polycab India Limited",
    "consolidated": "Consolidated",
    "cumulative": "Non-cumulative",
    "difference": "00:00:38",
    "exchdisstime": "22-Jan-2025 17:16:06",
    "filingDate": "22-Jan-2025 17:15",
    "financialYear": "01-Apr-2024 To 31-Mar-2025",
    "format": "New",
    "fromDate": "01-Oct-2024",
    "indAs": "Ind-AS New",
    "industry": "-",
    "isin": "INE455K01017",
    "oldNewFlag": "N",
    "params": "01-Oct-202431-Dec-2024Q3UNNCNEPOLYCAB",
    "period": "Quarterly",
    "reInd": "N",
    "relatingTo": "Third Quarter",
    "resultDescription": null,
    "resultDetailedDataLink": null,
    "seqNumber": "1190191",
    "symbol": "POLYCAB",
    "toDate": "31-Dec-2024",
    "xbrl": "https://nsearchives.nseindia.com/corporate/xbrl/INDAS_117488_1357164_22012025051528.xml"
  }
}
[legacy-backfill] POLYCAB Quarterly: 47 discovered → 47 after filter on period-end [2017-04-01..2025-01-31]
[legacy-backfill] POLYCAB Quarterly: 47 after date filter, 24 groups
[legacy-backfill] POLYCAB Quarterly 01-Jul-2022..30-Sep-2022 [standalone] failed: Impossible declared fiscal year: 2022-04-01..2022-09-30 spans 6 month(s), which is neither a 12-month year nor a transitional period ending 31 March (Companies Act 2013 s.2(41)). The declared fiscal-year END is therefore not credible, and it is the sole source of both the FY label and the quarter index. Refusing to write a label.
[legacy-backfill] POLYCAB Annual: discovered 12 raw filings
[legacy-backfill] POLYCAB Annual: first filing: {
  "symbol": "POLYCAB",
  "companyName": "Polycab India Limited",
  "relatingTo": "Annual",
  "financialYear": "01-Apr-2023 To 31-Mar-2024",
  "fromDate": "01-Apr-2023",
  "toDate": "31-Mar-2024",
  "filingDate": "10-May-2024 16:24",
  "xbrl": "https://nsearchives.nseindia.com/corporate/xbrl/INDAS_105607_1120051_10052024042433.xml",
  "consolidated": "Consolidated",
  "bank": "N",
  "audited": "Audited",
  "indAs": "Ind-AS New",
  "isin": "INE455K01017",
  "seqNumber": "1170963",
  "_raw": {
    "audited": "Audited",
    "bank": "N",
    "broadCastDate": "10-May-2024 16:24:35",
    "companyName": "Polycab India Limited",
    "consolidated": "Consolidated",
    "cumulative": "Cumulative",
    "difference": "00:00:27",
    "exchdisstime": "10-May-2024 16:25:02",
    "filingDate": "10-May-2024 16:24",
    "financialYear": "01-Apr-2023 To 31-Mar-2024",
    "format": "New",
    "fromDate": "01-Apr-2023",
    "indAs": "Ind-AS New",
    "industry": "-",
    "isin": "INE455K01017",
    "oldNewFlag": "N",
    "params": "01-Apr-202331-Mar-2024ANANCCNEPOLYCAB",
    "period": "Annual",
    "reInd": "N",
    "relatingTo": "Annual",
    "resultDescription": null,
    "resultDetailedDataLink": null,
    "seqNumber": "1170963",
    "symbol": "POLYCAB",
    "toDate": "31-Mar-2024",
    "xbrl": "https://nsearchives.nseindia.com/corporate/xbrl/INDAS_105607_1120051_10052024042433.xml"
  }
}
[legacy-backfill] POLYCAB Annual: 12 discovered → 12 after filter on period-end [2017-04-01..2025-01-31]
[legacy-backfill] POLYCAB Annual: 12 after date filter, 6 groups
     POLYCAB        filings=  59 ingested=  58 failed=  1   32.9s
[NseClient] Request failed (read ECONNRESET), re-establishing session and retrying…
[NseClient] Initialising session…
[NseClient] Session ready
[legacy-backfill] REDINGTON Quarterly: discovered 56 raw filings
[legacy-backfill] REDINGTON Quarterly: first filing: {
  "symbol": "REDINGTON",
  "companyName": "Redington Limited",
  "relatingTo": "Third Quarter",
  "financialYear": "01-Apr-2024 To 31-Mar-2025",
  "fromDate": "01-Oct-2024",
  "toDate": "31-Dec-2024",
  "filingDate": "06-Feb-2025 16:37",
  "xbrl": "https://nsearchives.nseindia.com/corporate/xbrl/INDAS_118872_1373002_06022025043706.xml",
  "consolidated": "Consolidated",
  "bank": "N",
  "audited": "Un-Audited",
  "indAs": "Ind-AS New",
  "isin": "INE891D01018",
  "seqNumber": "1192913",
  "_raw": {
    "audited": "Un-Audited",
    "bank": "N",
    "broadCastDate": "06-Feb-2025 16:37:06",
    "companyName": "Redington Limited",
    "consolidated": "Consolidated",
    "cumulative": "Non-cumulative",
    "difference": "00:00:50",
    "exchdisstime": "06-Feb-2025 16:37:56",
    "filingDate": "06-Feb-2025 16:37",
    "financialYear": "01-Apr-2024 To 31-Mar-2025",
    "format": "New",
    "fromDate": "01-Oct-2024",
    "indAs": "Ind-AS New",
    "industry": "-",
    "isin": "INE891D01018",
    "oldNewFlag": "N",
    "params": "01-Oct-202431-Dec-2024Q3UNNCNEREDINGTON",
    "period": "Quarterly",
    "reInd": "N",
    "relatingTo": "Third Quarter",
    "resultDescription": null,
    "resultDetailedDataLink": null,
    "seqNumber": "1192913",
    "symbol": "REDINGTON",
    "toDate": "31-Dec-2024",
    "xbrl": "https://nsearchives.nseindia.com/corporate/xbrl/INDAS_118872_1373002_06022025043706.xml"
  }
}
[legacy-backfill] REDINGTON Quarterly: 56 discovered → 56 after filter on period-end [2017-04-01..2025-01-31]
[legacy-backfill] REDINGTON Quarterly: 56 after date filter, 28 groups
[legacy-backfill] REDINGTON Annual: discovered 14 raw filings
[legacy-backfill] REDINGTON Annual: first filing: {
  "symbol": "REDINGTON",
  "companyName": "Redington Limited",
  "relatingTo": "Annual",
  "financialYear": "01-Apr-2023 To 31-Mar-2024",
  "fromDate": "01-Apr-2023",
  "toDate": "31-Mar-2024",
  "filingDate": "16-May-2024 18:38",
  "xbrl": "https://nsearchives.nseindia.com/corporate/xbrl/INDAS_106131_1127148_16052024063833.xml",
  "consolidated": "Consolidated",
  "bank": "N",
  "audited": "Audited",
  "indAs": "Ind-AS New",
  "isin": "INE891D01018",
  "seqNumber": "1171986",
  "_raw": {
    "audited": "Audited",
    "bank": "N",
    "broadCastDate": "16-May-2024 18:38:35",
    "companyName": "Redington Limited",
    "consolidated": "Consolidated",
    "cumulative": "Cumulative",
    "difference": "00:01:35",
    "exchdisstime": "16-May-2024 18:40:10",
    "filingDate": "16-May-2024 18:38",
    "financialYear": "01-Apr-2023 To 31-Mar-2024",
    "format": "New",
    "fromDate": "01-Apr-2023",
    "indAs": "Ind-AS New",
    "industry": "-",
    "isin": "INE891D01018",
    "oldNewFlag": "N",
    "params": "01-Apr-202331-Mar-2024ANANCCNEREDINGTON",
    "period": "Annual",
    "reInd": "N",
    "relatingTo": "Annual",
    "resultDescription": null,
    "resultDetailedDataLink": null,
    "seqNumber": "1171986",
    "symbol": "REDINGTON",
    "toDate": "31-Mar-2024",
    "xbrl": "https://nsearchives.nseindia.com/corporate/xbrl/INDAS_106131_1127148_16052024063833.xml"
  }
}
[legacy-backfill] REDINGTON Annual: 14 discovered → 14 after filter on period-end [2017-04-01..2025-01-31]
[legacy-backfill] REDINGTON Annual: 14 after date filter, 7 groups
     REDINGTON      filings=  69 ingested=  69 failed=  0   52.6s
[legacy-backfill] RELIANCE Quarterly: discovered 53 raw filings
[legacy-backfill] RELIANCE Quarterly: first filing: {
  "symbol": "RELIANCE",
  "companyName": "Reliance Industries Limited",
  "relatingTo": "Third Quarter",
  "financialYear": "01-Apr-2024 To 31-Mar-2025",
  "fromDate": "01-Oct-2024",
  "toDate": "31-Dec-2024",
  "filingDate": "16-Jan-2025 20:20",
  "xbrl": "https://nsearchives.nseindia.com/corporate/xbrl/INDAS_117298_1348254_16012025082021.xml",
  "consolidated": "Non-Consolidated",
  "bank": "N",
  "audited": "Un-Audited",
  "indAs": "Ind-AS New",
  "isin": "INE002A01018",
  "seqNumber": "1189823",
  "_raw": {
    "audited": "Un-Audited",
    "bank": "N",
    "broadCastDate": "16-Jan-2025 20:20:21",
    "companyName": "Reliance Industries Limited",
    "consolidated": "Non-Consolidated",
    "cumulative": "Non-cumulative",
    "difference": "00:00:33",
    "exchdisstime": "16-Jan-2025 20:20:54",
    "filingDate": "16-Jan-2025 20:20",
    "financialYear": "01-Apr-2024 To 31-Mar-2025",
    "format": "New",
    "fromDate": "01-Oct-2024",
    "indAs": "Ind-AS New",
    "industry": "-",
    "isin": "INE002A01018",
    "oldNewFlag": "N",
    "params": "01-Oct-202431-Dec-2024Q3UNNNNERELIANCE",
    "period": "Quarterly",
    "reInd": "N",
    "relatingTo": "Third Quarter",
    "resultDescription": null,
    "resultDetailedDataLink": null,
    "seqNumber": "1189823",
    "symbol": "RELIANCE",
    "toDate": "31-Dec-2024",
    "xbrl": "https://nsearchives.nseindia.com/corporate/xbrl/INDAS_117298_1348254_16012025082021.xml"
  }
}
[legacy-backfill] RELIANCE Quarterly: 53 discovered → 53 after filter on period-end [2017-04-01..2025-01-31]
[legacy-backfill] RELIANCE Quarterly: 53 after date filter, 27 groups
[NseClient] Request failed (read ECONNRESET), re-establishing session and retrying…
[NseClient] Initialising session…
[NseClient] Session ready
[legacy-backfill] RELIANCE Annual: discovered 11 raw filings
[legacy-backfill] RELIANCE Annual: first filing: {
  "symbol": "RELIANCE",
  "companyName": "Reliance Industries Limited",
  "relatingTo": "Annual",
  "financialYear": "01-Apr-2023 To 31-Mar-2024",
  "fromDate": "01-Apr-2023",
  "toDate": "31-Mar-2024",
  "filingDate": "22-Apr-2024 19:47",
  "xbrl": "https://nsearchives.nseindia.com/corporate/xbrl/INDAS_104634_1106038_22042024074704.xml",
  "consolidated": "Consolidated",
  "bank": "N",
  "audited": "Audited",
  "indAs": "Ind-AS New",
  "isin": "INE002A01018",
  "seqNumber": "1169209",
  "_raw": {
    "audited": "Audited",
    "bank": "N",
    "broadCastDate": "22-Apr-2024 19:47:12",
    "companyName": "Reliance Industries Limited",
    "consolidated": "Consolidated",
    "cumulative": "Cumulative",
    "difference": "00:03:05",
    "exchdisstime": "22-Apr-2024 19:50:17",
    "filingDate": "22-Apr-2024 19:47",
    "financialYear": "01-Apr-2023 To 31-Mar-2024",
    "format": "New",
    "fromDate": "01-Apr-2023",
    "indAs": "Ind-AS New",
    "industry": "-",
    "isin": "INE002A01018",
    "oldNewFlag": "N",
    "params": "01-Apr-202331-Mar-2024ANANCCNERELIANCE",
    "period": "Annual",
    "reInd": "N",
    "relatingTo": "Annual",
    "resultDescription": null,
    "resultDetailedDataLink": null,
    "seqNumber": "1169209",
    "symbol": "RELIANCE",
    "toDate": "31-Mar-2024",
    "xbrl": "https://nsearchives.nseindia.com/corporate/xbrl/INDAS_104634_1106038_22042024074704.xml"
  }
}
[legacy-backfill] RELIANCE Annual: 11 discovered → 11 after filter on period-end [2017-04-01..2025-01-31]
[legacy-backfill] RELIANCE Annual: 11 after date filter, 6 groups
     RELIANCE       filings=  64 ingested=  64 failed=  0   52.8s
[legacy-backfill] SHREECEM Quarterly: discovered 49 raw filings
[legacy-backfill] SHREECEM Quarterly: first filing: {
  "symbol": "SHREECEM",
  "companyName": "SHREE CEMENT LIMITED",
  "relatingTo": "Third Quarter",
  "financialYear": "01-Apr-2024 To 31-Mar-2025",
  "fromDate": "01-Oct-2024",
  "toDate": "31-Dec-2024",
  "filingDate": "30-Jan-2025 18:51",
  "xbrl": "https://nsearchives.nseindia.com/corporate/xbrl/INDAS_118194_1366426_30012025065152.xml",
  "consolidated": "Consolidated",
  "bank": "N",
  "audited": "Un-Audited",
  "indAs": "Ind-AS New",
  "isin": "INE070A01015",
  "seqNumber": "1191583",
  "_raw": {
    "audited": "Un-Audited",
    "bank": "N",
    "broadCastDate": "30-Jan-2025 18:51:52",
    "companyName": "SHREE CEMENT LIMITED",
    "consolidated": "Consolidated",
    "cumulative": "Non-cumulative",
    "difference": "00:00:29",
    "exchdisstime": "30-Jan-2025 18:52:21",
    "filingDate": "30-Jan-2025 18:51",
    "financialYear": "01-Apr-2024 To 31-Mar-2025",
    "format": "New",
    "fromDate": "01-Oct-2024",
    "indAs": "Ind-AS New",
    "industry": "-",
    "isin": "INE070A01015",
    "oldNewFlag": "N",
    "params": "01-Oct-202431-Dec-2024Q3UNNCNESHREECEM",
    "period": "Quarterly",
    "reInd": "N",
    "relatingTo": "Third Quarter",
    "resultDescription": null,
    "resultDetailedDataLink": null,
    "seqNumber": "1191583",
    "symbol": "SHREECEM",
    "toDate": "31-Dec-2024",
    "xbrl": "https://nsearchives.nseindia.com/corporate/xbrl/INDAS_118194_1366426_30012025065152.xml"
  }
}
[legacy-backfill] SHREECEM Quarterly: 49 discovered → 49 after filter on period-end [2017-04-01..2025-01-31]
[legacy-backfill] SHREECEM Quarterly: 49 after date filter, 27 groups
[legacy-backfill] SHREECEM Annual: discovered 12 raw filings
[legacy-backfill] SHREECEM Annual: first filing: {
  "symbol": "SHREECEM",
  "companyName": "SHREE CEMENT LIMITED",
  "relatingTo": "Annual",
  "financialYear": "01-Apr-2023 To 31-Mar-2024",
  "fromDate": "01-Apr-2023",
  "toDate": "31-Mar-2024",
  "filingDate": "14-May-2024 19:26",
  "xbrl": "https://nsearchives.nseindia.com/corporate/xbrl/INDAS_105883_1124121_14052024072618.xml",
  "consolidated": "Consolidated",
  "bank": "N",
  "audited": "Audited",
  "indAs": "Ind-AS New",
  "isin": "INE070A01015",
  "seqNumber": "1171505",
  "_raw": {
    "audited": "Audited",
    "bank": "N",
    "broadCastDate": "14-May-2024 19:26:20",
    "companyName": "SHREE CEMENT LIMITED",
    "consolidated": "Consolidated",
    "cumulative": "Cumulative",
    "difference": "00:00:29",
    "exchdisstime": "14-May-2024 19:26:49",
    "filingDate": "14-May-2024 19:26",
    "financialYear": "01-Apr-2023 To 31-Mar-2024",
    "format": "New",
    "fromDate": "01-Apr-2023",
    "indAs": "Ind-AS New",
    "industry": "-",
    "isin": "INE070A01015",
    "oldNewFlag": "N",
    "params": "01-Apr-202331-Mar-2024ANANCCNESHREECEM",
    "period": "Annual",
    "reInd": "N",
    "relatingTo": "Annual",
    "resultDescription": null,
    "resultDetailedDataLink": null,
    "seqNumber": "1171505",
    "symbol": "SHREECEM",
    "toDate": "31-Mar-2024",
    "xbrl": "https://nsearchives.nseindia.com/corporate/xbrl/INDAS_105883_1124121_14052024072618.xml"
  }
}
[legacy-backfill] SHREECEM Annual: 12 discovered → 12 after filter on period-end [2017-04-01..2025-01-31]
[legacy-backfill] SHREECEM Annual: 12 after date filter, 6 groups
     SHREECEM       filings=  61 ingested=  61 failed=  0   35.2s
[NseClient] Session reset (forced)
[NseClient] Initialising session…
[NseClient] Session ready
[legacy-backfill] SUNPHARMA Quarterly: discovered 55 raw filings
[legacy-backfill] SUNPHARMA Quarterly: first filing: {
  "symbol": "SUNPHARMA",
  "companyName": "Sun Pharmaceutical Industries Limited",
  "relatingTo": "Third Quarter",
  "financialYear": "01-Apr-2024 To 31-Mar-2025",
  "fromDate": "01-Oct-2024",
  "toDate": "31-Dec-2024",
  "filingDate": "31-Jan-2025 19:33",
  "xbrl": "https://nsearchives.nseindia.com/corporate/xbrl/INDAS_118371_1367891_31012025073304.xml",
  "consolidated": "Consolidated",
  "bank": "N",
  "audited": "Un-Audited",
  "indAs": "Ind-AS New",
  "isin": "INE044A01028",
  "seqNumber": "1191927",
  "_raw": {
    "audited": "Un-Audited",
    "bank": "N",
    "broadCastDate": "31-Jan-2025 19:33:05",
    "companyName": "Sun Pharmaceutical Industries Limited",
    "consolidated": "Consolidated",
    "cumulative": "Non-cumulative",
    "difference": "00:00:50",
    "exchdisstime": "31-Jan-2025 19:33:55",
    "filingDate": "31-Jan-2025 19:33",
    "financialYear": "01-Apr-2024 To 31-Mar-2025",
    "format": "New",
    "fromDate": "01-Oct-2024",
    "indAs": "Ind-AS New",
    "industry": "-",
    "isin": "INE044A01028",
    "oldNewFlag": "N",
    "params": "01-Oct-202431-Dec-2024Q3UNNCNESUNPHARMA",
    "period": "Quarterly",
    "reInd": "N",
    "relatingTo": "Third Quarter",
    "resultDescription": null,
    "resultDetailedDataLink": null,
    "seqNumber": "1191927",
    "symbol": "SUNPHARMA",
    "toDate": "31-Dec-2024",
    "xbrl": "https://nsearchives.nseindia.com/corporate/xbrl/INDAS_118371_1367891_31012025073304.xml"
  }
}
[legacy-backfill] SUNPHARMA Quarterly: 55 discovered → 55 after filter on period-end [2017-04-01..2025-01-31]
[legacy-backfill] SUNPHARMA Quarterly: 55 after date filter, 28 groups
[legacy-backfill] SUNPHARMA Annual: discovered 13 raw filings
[legacy-backfill] SUNPHARMA Annual: first filing: {
  "symbol": "SUNPHARMA",
  "companyName": "Sun Pharmaceutical Industries Limited",
  "relatingTo": "Annual",
  "financialYear": "01-Apr-2023 To 31-Mar-2024",
  "fromDate": "01-Apr-2023",
  "toDate": "31-Mar-2024",
  "filingDate": "22-May-2024 20:24",
  "xbrl": "https://nsearchives.nseindia.com/corporate/xbrl/INDAS_106751_1134499_22052024082414.xml",
  "consolidated": "Consolidated",
  "bank": "N",
  "audited": "Audited",
  "indAs": "Ind-AS New",
  "isin": "INE044A01028",
  "seqNumber": "1173204",
  "_raw": {
    "audited": "Audited",
    "bank": "N",
    "broadCastDate": "22-May-2024 20:24:15",
    "companyName": "Sun Pharmaceutical Industries Limited",
    "consolidated": "Consolidated",
    "cumulative": "Cumulative",
    "difference": "00:00:28",
    "exchdisstime": "22-May-2024 20:24:43",
    "filingDate": "22-May-2024 20:24",
    "financialYear": "01-Apr-2023 To 31-Mar-2024",
    "format": "New",
    "fromDate": "01-Apr-2023",
    "indAs": "Ind-AS New",
    "industry": "-",
    "isin": "INE044A01028",
    "oldNewFlag": "N",
    "params": "01-Apr-202331-Mar-2024ANANCCNESUNPHARMA",
    "period": "Annual",
    "reInd": "N",
    "relatingTo": "Annual",
    "resultDescription": null,
    "resultDetailedDataLink": null,
    "seqNumber": "1173204",
    "symbol": "SUNPHARMA",
    "toDate": "31-Mar-2024",
    "xbrl": "https://nsearchives.nseindia.com/corporate/xbrl/INDAS_106751_1134499_22052024082414.xml"
  }
}
[legacy-backfill] SUNPHARMA Annual: 13 discovered → 13 after filter on period-end [2017-04-01..2025-01-31]
[legacy-backfill] SUNPHARMA Annual: 13 after date filter, 7 groups
     SUNPHARMA      filings=  68 ingested=  68 failed=  0   43.1s
     chunk  4/5 · done  40/49 · chunk 7.0min · elapsed 27.6min · filings  619 ingested  618 failed   1 (0%) · cumulative 4 · fence ✓ · 07:53 UTC
       MIX: other×1   (no throttle signature)

  ── chunk 5/5: SUZLON TATASTEEL TORNTPHARM TVSMOTOR UBL UNITDSPR WELSPUNLIV WHIRLPOOL ZENTEC
[NseClient] Session reset (forced)
[NseClient] Initialising session…
[NseClient] Session ready
[legacy-backfill] SUZLON Quarterly: discovered 55 raw filings
[legacy-backfill] SUZLON Quarterly: first filing: {
  "symbol": "SUZLON",
  "companyName": "Suzlon Energy Limited",
  "relatingTo": "Third Quarter",
  "financialYear": "01-Apr-2024 To 31-Mar-2025",
  "fromDate": "01-Oct-2024",
  "toDate": "31-Dec-2024",
  "filingDate": "28-Jan-2025 16:40",
  "xbrl": "https://nsearchives.nseindia.com/corporate/xbrl/INDAS_117858_1363139_28012025044027.xml",
  "consolidated": "Consolidated",
  "bank": "N",
  "audited": "Un-Audited",
  "indAs": "Ind-AS New",
  "isin": "INE040H01021",
  "seqNumber": "1190921",
  "_raw": {
    "audited": "Un-Audited",
    "bank": "N",
    "broadCastDate": "28-Jan-2025 16:40:28",
    "companyName": "Suzlon Energy Limited",
    "consolidated": "Consolidated",
    "cumulative": "Non-cumulative",
    "difference": "00:00:57",
    "exchdisstime": "28-Jan-2025 16:41:25",
    "filingDate": "28-Jan-2025 16:40",
    "financialYear": "01-Apr-2024 To 31-Mar-2025",
    "format": "New",
    "fromDate": "01-Oct-2024",
    "indAs": "Ind-AS New",
    "industry": "-",
    "isin": "INE040H01021",
    "oldNewFlag": "N",
    "params": "01-Oct-202431-Dec-2024Q3UNNCNESUZLON",
    "period": "Quarterly",
    "reInd": "N",
    "relatingTo": "Third Quarter",
    "resultDescription": null,
    "resultDetailedDataLink": null,
    "seqNumber": "1190921",
    "symbol": "SUZLON",
    "toDate": "31-Dec-2024",
    "xbrl": "https://nsearchives.nseindia.com/corporate/xbrl/INDAS_117858_1363139_28012025044027.xml"
  }
}
[legacy-backfill] SUZLON Quarterly: 55 discovered → 55 after filter on period-end [2017-04-01..2025-01-31]
[legacy-backfill] SUZLON Quarterly: 55 after date filter, 28 groups
[boundDerived] indas-quarterly: derived profitYoy=93084.6154 out of column range (|v|≥10000) → stored null (display field; scoring reads raw lines, not this column).
[boundDerived] indas-quarterly: derived profitYoy=10943.7166 out of column range (|v|≥10000) → stored null (display field; scoring reads raw lines, not this column).
[legacy-backfill] SUZLON Annual: discovered 13 raw filings
[legacy-backfill] SUZLON Annual: first filing: {
  "symbol": "SUZLON",
  "companyName": "Suzlon Energy Limited",
  "relatingTo": "Annual",
  "financialYear": "01-Apr-2023 To 31-Mar-2024",
  "fromDate": "01-Apr-2023",
  "toDate": "31-Mar-2024",
  "filingDate": "24-May-2024 19:20",
  "xbrl": "https://nsearchives.nseindia.com/corporate/xbrl/INDAS_107107_1138119_24052024072021.xml",
  "consolidated": "Consolidated",
  "bank": "N",
  "audited": "Audited",
  "indAs": "Ind-AS New",
  "isin": "INE040H01021",
  "seqNumber": "1173900",
  "_raw": {
    "audited": "Audited",
    "bank": "N",
    "broadCastDate": "24-May-2024 19:20:23",
    "companyName": "Suzlon Energy Limited",
    "consolidated": "Consolidated",
    "cumulative": "Cumulative",
    "difference": "::",
    "exchdisstime": null,
    "filingDate": "24-May-2024 19:20",
    "financialYear": "01-Apr-2023 To 31-Mar-2024",
    "format": "New",
    "fromDate": "01-Apr-2023",
    "indAs": "Ind-AS New",
    "industry": "-",
    "isin": "INE040H01021",
    "oldNewFlag": "N",
    "params": "01-Apr-202331-Mar-2024ANANCCNESUZLON",
    "period": "Annual",
    "reInd": "N",
    "relatingTo": "Annual",
    "resultDescription": null,
    "resultDetailedDataLink": null,
    "seqNumber": "1173900",
    "symbol": "SUZLON",
    "toDate": "31-Mar-2024",
    "xbrl": "https://nsearchives.nseindia.com/corporate/xbrl/INDAS_107107_1138119_24052024072021.xml"
  }
}
[legacy-backfill] SUZLON Annual: 13 discovered → 13 after filter on period-end [2017-04-01..2025-01-31]
[legacy-backfill] SUZLON Annual: 13 after date filter, 7 groups
     SUZLON         filings=  68 ingested=  68 failed=  0   50.0s
[legacy-backfill] TATASTEEL Quarterly: discovered 55 raw filings
[legacy-backfill] TATASTEEL Quarterly: first filing: {
  "symbol": "TATASTEEL",
  "companyName": "Tata Steel Limited",
  "relatingTo": "Third Quarter",
  "financialYear": "01-Apr-2024 To 31-Mar-2025",
  "fromDate": "01-Oct-2024",
  "toDate": "31-Dec-2024",
  "filingDate": "27-Jan-2025 19:15",
  "xbrl": "https://nsearchives.nseindia.com/corporate/xbrl/INDAS_117788_1362364_27012025071559.xml",
  "consolidated": "Consolidated",
  "bank": "N",
  "audited": "Un-Audited",
  "indAs": "Ind-AS New",
  "isin": "INE081A01012",
  "seqNumber": "1190785",
  "_raw": {
    "audited": "Un-Audited",
    "bank": "N",
    "broadCastDate": "27-Jan-2025 19:15:59",
    "companyName": "Tata Steel Limited",
    "consolidated": "Consolidated",
    "cumulative": "Non-cumulative",
    "difference": "00:00:53",
    "exchdisstime": "27-Jan-2025 19:16:52",
    "filingDate": "27-Jan-2025 19:15",
    "financialYear": "01-Apr-2024 To 31-Mar-2025",
    "format": "New",
    "fromDate": "01-Oct-2024",
    "indAs": "Ind-AS New",
    "industry": "-",
    "isin": "INE081A01012",
    "oldNewFlag": "N",
    "params": "01-Oct-202431-Dec-2024Q3UNNCNETATASTEEL",
    "period": "Quarterly",
    "reInd": "N",
    "relatingTo": "Third Quarter",
    "resultDescription": null,
    "resultDetailedDataLink": null,
    "seqNumber": "1190785",
    "symbol": "TATASTEEL",
    "toDate": "31-Dec-2024",
    "xbrl": "https://nsearchives.nseindia.com/corporate/xbrl/INDAS_117788_1362364_27012025071559.xml"
  }
}
[legacy-backfill] TATASTEEL Quarterly: 55 discovered → 55 after filter on period-end [2017-04-01..2025-01-31]
[legacy-backfill] TATASTEEL Quarterly: 55 after date filter, 28 groups
[NseClient] Request failed (read ECONNRESET), re-establishing session and retrying…
[NseClient] Initialising session…
[NseClient] Session ready
[legacy-backfill] TATASTEEL Annual: discovered 14 raw filings
[legacy-backfill] TATASTEEL Annual: first filing: {
  "symbol": "TATASTEEL",
  "companyName": "Tata Steel Limited",
  "relatingTo": "Annual",
  "financialYear": "01-Apr-2023 To 31-Mar-2024",
  "fromDate": "01-Apr-2023",
  "toDate": "31-Mar-2024",
  "filingDate": "29-May-2024 20:10",
  "xbrl": "https://nsearchives.nseindia.com/corporate/xbrl/INDAS_107998_1145825_29052024081027.xml",
  "consolidated": "Consolidated",
  "bank": "N",
  "audited": "Audited",
  "indAs": "Ind-AS New",
  "isin": "INE081A01012",
  "seqNumber": "1175658",
  "_raw": {
    "audited": "Audited",
    "bank": "N",
    "broadCastDate": "29-May-2024 20:10:28",
    "companyName": "Tata Steel Limited",
    "consolidated": "Consolidated",
    "cumulative": "Cumulative",
    "difference": "00:00:47",
    "exchdisstime": "29-May-2024 20:11:15",
    "filingDate": "29-May-2024 20:10",
    "financialYear": "01-Apr-2023 To 31-Mar-2024",
    "format": "New",
    "fromDate": "01-Apr-2023",
    "indAs": "Ind-AS New",
    "industry": "-",
    "isin": "INE081A01012",
    "oldNewFlag": "N",
    "params": "01-Apr-202331-Mar-2024ANANCCNETATASTEEL",
    "period": "Annual",
    "reInd": "N",
    "relatingTo": "Annual",
    "resultDescription": null,
    "resultDetailedDataLink": null,
    "seqNumber": "1175658",
    "symbol": "TATASTEEL",
    "toDate": "31-Mar-2024",
    "xbrl": "https://nsearchives.nseindia.com/corporate/xbrl/INDAS_107998_1145825_29052024081027.xml"
  }
}
[legacy-backfill] TATASTEEL Annual: 14 discovered → 14 after filter on period-end [2017-04-01..2025-01-31]
[legacy-backfill] TATASTEEL Annual: 14 after date filter, 7 groups
     TATASTEEL      filings=  69 ingested=  69 failed=  0   54.6s
[legacy-backfill] TORNTPHARM Quarterly: discovered 55 raw filings
[legacy-backfill] TORNTPHARM Quarterly: first filing: {
  "symbol": "TORNTPHARM",
  "companyName": "Torrent Pharmaceuticals Limited",
  "relatingTo": "Third Quarter",
  "financialYear": "01-Apr-2024 To 31-Mar-2025",
  "fromDate": "01-Oct-2024",
  "toDate": "31-Dec-2024",
  "filingDate": "24-Jan-2025 17:33",
  "xbrl": "https://nsearchives.nseindia.com/corporate/xbrl/INDAS_117639_1360534_24012025053307.xml",
  "consolidated": "Consolidated",
  "bank": "N",
  "audited": "Un-Audited",
  "indAs": "Ind-AS New",
  "isin": "INE685A01028",
  "seqNumber": "1190487",
  "_raw": {
    "audited": "Un-Audited",
    "bank": "N",
    "broadCastDate": "24-Jan-2025 17:33:08",
    "companyName": "Torrent Pharmaceuticals Limited",
    "consolidated": "Consolidated",
    "cumulative": "Non-cumulative",
    "difference": "00:00:54",
    "exchdisstime": "24-Jan-2025 17:34:02",
    "filingDate": "24-Jan-2025 17:33",
    "financialYear": "01-Apr-2024 To 31-Mar-2025",
    "format": "New",
    "fromDate": "01-Oct-2024",
    "indAs": "Ind-AS New",
    "industry": "-",
    "isin": "INE685A01028",
    "oldNewFlag": "N",
    "params": "01-Oct-202431-Dec-2024Q3UNNCNETORNTPHARM",
    "period": "Quarterly",
    "reInd": "N",
    "relatingTo": "Third Quarter",
    "resultDescription": null,
    "resultDetailedDataLink": null,
    "seqNumber": "1190487",
    "symbol": "TORNTPHARM",
    "toDate": "31-Dec-2024",
    "xbrl": "https://nsearchives.nseindia.com/corporate/xbrl/INDAS_117639_1360534_24012025053307.xml"
  }
}
[legacy-backfill] TORNTPHARM Quarterly: 55 discovered → 55 after filter on period-end [2017-04-01..2025-01-31]
[legacy-backfill] TORNTPHARM Quarterly: 55 after date filter, 28 groups
[legacy-backfill] TORNTPHARM Annual: discovered 14 raw filings
[legacy-backfill] TORNTPHARM Annual: first filing: {
  "symbol": "TORNTPHARM",
  "companyName": "Torrent Pharmaceuticals Limited",
  "relatingTo": "Annual",
  "financialYear": "01-Apr-2023 To 31-Mar-2024",
  "fromDate": "01-Apr-2023",
  "toDate": "31-Mar-2024",
  "filingDate": "24-May-2024 19:09",
  "xbrl": "https://nsearchives.nseindia.com/corporate/xbrl/INDAS_107101_1138062_24052024070903.xml",
  "consolidated": "Consolidated",
  "bank": "N",
  "audited": "Audited",
  "indAs": "Ind-AS New",
  "isin": "INE685A01028",
  "seqNumber": "1173888",
  "_raw": {
    "audited": "Audited",
    "bank": "N",
    "broadCastDate": "24-May-2024 19:09:05",
    "companyName": "Torrent Pharmaceuticals Limited",
    "consolidated": "Consolidated",
    "cumulative": "Cumulative",
    "difference": "::",
    "exchdisstime": null,
    "filingDate": "24-May-2024 19:09",
    "financialYear": "01-Apr-2023 To 31-Mar-2024",
    "format": "New",
    "fromDate": "01-Apr-2023",
    "indAs": "Ind-AS New",
    "industry": "-",
    "isin": "INE685A01028",
    "oldNewFlag": "N",
    "params": "01-Apr-202331-Mar-2024ANANCCNETORNTPHARM",
    "period": "Annual",
    "reInd": "N",
    "relatingTo": "Annual",
    "resultDescription": null,
    "resultDetailedDataLink": null,
    "seqNumber": "1173888",
    "symbol": "TORNTPHARM",
    "toDate": "31-Mar-2024",
    "xbrl": "https://nsearchives.nseindia.com/corporate/xbrl/INDAS_107101_1138062_24052024070903.xml"
  }
}
[legacy-backfill] TORNTPHARM Annual: 14 discovered → 14 after filter on period-end [2017-04-01..2025-01-31]
[legacy-backfill] TORNTPHARM Annual: 14 after date filter, 7 groups
     TORNTPHARM     filings=  69 ingested=  69 failed=  0   36.3s
[legacy-backfill] TVSMOTOR Quarterly: discovered 51 raw filings
[legacy-backfill] TVSMOTOR Quarterly: first filing: {
  "symbol": "TVSMOTOR",
  "companyName": "TVS Motor Company Limited",
  "relatingTo": "Third Quarter",
  "financialYear": "01-Apr-2024 To 31-Mar-2025",
  "fromDate": "01-Oct-2024",
  "toDate": "31-Dec-2024",
  "filingDate": "28-Jan-2025 16:15",
  "xbrl": "https://nsearchives.nseindia.com/corporate/xbrl/INDAS_117847_1363057_28012025041555.xml",
  "consolidated": "Consolidated",
  "bank": "N",
  "audited": "Un-Audited",
  "indAs": "Ind-AS New",
  "isin": "INE494B01015",
  "seqNumber": "1190899",
  "_raw": {
    "audited": "Un-Audited",
    "bank": "N",
    "broadCastDate": "28-Jan-2025 16:15:56",
    "companyName": "TVS Motor Company Limited",
    "consolidated": "Consolidated",
    "cumulative": "Non-cumulative",
    "difference": "00:00:23",
    "exchdisstime": "28-Jan-2025 16:16:19",
    "filingDate": "28-Jan-2025 16:15",
    "financialYear": "01-Apr-2024 To 31-Mar-2025",
    "format": "New",
    "fromDate": "01-Oct-2024",
    "indAs": "Ind-AS New",
    "industry": "-",
    "isin": "INE494B01015",
    "oldNewFlag": "N",
    "params": "01-Oct-202431-Dec-2024Q3UNNCNETVSMOTOR",
    "period": "Quarterly",
    "reInd": "N",
    "relatingTo": "Third Quarter",
    "resultDescription": null,
    "resultDetailedDataLink": null,
    "seqNumber": "1190899",
    "symbol": "TVSMOTOR",
    "toDate": "31-Dec-2024",
    "xbrl": "https://nsearchives.nseindia.com/corporate/xbrl/INDAS_117847_1363057_28012025041555.xml"
  }
}
[legacy-backfill] TVSMOTOR Quarterly: 51 discovered → 51 after filter on period-end [2017-04-01..2025-01-31]
[legacy-backfill] TVSMOTOR Quarterly: 51 after date filter, 28 groups
[legacy-backfill] TVSMOTOR Quarterly 01-Jan-2021..31-Mar-2021 [standalone] failed: XBRL fetch 404 on https://nsearchives.nseindia.com/corporate/xbrl/INDAS_69479_444263_28042021034056_WEB.xml
[NseClient] Request failed (read ECONNRESET), re-establishing session and retrying…
[NseClient] Initialising session…
[NseClient] Session ready
[legacy-backfill] TVSMOTOR Annual: discovered 14 raw filings
[legacy-backfill] TVSMOTOR Annual: first filing: {
  "symbol": "TVSMOTOR",
  "companyName": "TVS Motor Company Limited",
  "relatingTo": "Annual",
  "financialYear": "01-Apr-2023 To 31-Mar-2024",
  "fromDate": "01-Apr-2023",
  "toDate": "31-Mar-2024",
  "filingDate": "08-May-2024 22:11",
  "xbrl": "https://nsearchives.nseindia.com/corporate/xbrl/INDAS_105500_1118562_08052024101148.xml",
  "consolidated": "Consolidated",
  "bank": "N",
  "audited": "Audited",
  "indAs": "Ind-AS New",
  "isin": "INE494B01015",
  "seqNumber": "1170755",
  "_raw": {
    "audited": "Audited",
    "bank": "N",
    "broadCastDate": "08-May-2024 22:11:50",
    "companyName": "TVS Motor Company Limited",
    "consolidated": "Consolidated",
    "cumulative": "Cumulative",
    "difference": "00:00:29",
    "exchdisstime": "08-May-2024 22:12:19",
    "filingDate": "08-May-2024 22:11",
    "financialYear": "01-Apr-2023 To 31-Mar-2024",
    "format": "New",
    "fromDate": "01-Apr-2023",
    "indAs": "Ind-AS New",
    "industry": "-",
    "isin": "INE494B01015",
    "oldNewFlag": "N",
    "params": "01-Apr-202331-Mar-2024ANANCCNETVSMOTOR",
    "period": "Annual",
    "reInd": "N",
    "relatingTo": "Annual",
    "resultDescription": null,
    "resultDetailedDataLink": null,
    "seqNumber": "1170755",
    "symbol": "TVSMOTOR",
    "toDate": "31-Mar-2024",
    "xbrl": "https://nsearchives.nseindia.com/corporate/xbrl/INDAS_105500_1118562_08052024101148.xml"
  }
}
[legacy-backfill] TVSMOTOR Annual: 14 discovered → 14 after filter on period-end [2017-04-01..2025-01-31]
[legacy-backfill] TVSMOTOR Annual: 14 after date filter, 7 groups
[legacy-backfill] TVSMOTOR Annual 01-Apr-2020..31-Mar-2021 [standalone] failed: XBRL fetch 404 on https://nsearchives.nseindia.com/corporate/xbrl/INDAS_69479_444263_28042021034056_WEB.xml
     TVSMOTOR       filings=  65 ingested=  63 failed=  2   54.5s
[legacy-backfill] UBL Quarterly: discovered 48 raw filings
[legacy-backfill] UBL Quarterly: first filing: {
  "symbol": "UBL",
  "companyName": "United Breweries Limited",
  "relatingTo": "Third Quarter",
  "financialYear": "01-Apr-2024 To 31-Mar-2025",
  "fromDate": "01-Oct-2024",
  "toDate": "31-Dec-2024",
  "filingDate": "14-Feb-2025 13:05",
  "xbrl": "https://nsearchives.nseindia.com/corporate/xbrl/INDAS_120475_1383562_14022025010506.xml",
  "consolidated": "Consolidated",
  "bank": "N",
  "audited": "Un-Audited",
  "indAs": "Ind-AS New",
  "isin": "INE686F01025",
  "seqNumber": "1196111",
  "_raw": {
    "audited": "Un-Audited",
    "bank": "N",
    "broadCastDate": "14-Feb-2025 13:05:06",
    "companyName": "United Breweries Limited",
    "consolidated": "Consolidated",
    "cumulative": "Non-cumulative",
    "difference": "00:00:34",
    "exchdisstime": "14-Feb-2025 13:05:40",
    "filingDate": "14-Feb-2025 13:05",
    "financialYear": "01-Apr-2024 To 31-Mar-2025",
    "format": "New",
    "fromDate": "01-Oct-2024",
    "indAs": "Ind-AS New",
    "industry": "-",
    "isin": "INE686F01025",
    "oldNewFlag": "N",
    "params": "01-Oct-202431-Dec-2024Q3UNNCNEUBL",
    "period": "Quarterly",
    "reInd": "N",
    "relatingTo": "Third Quarter",
    "resultDescription": null,
    "resultDetailedDataLink": null,
    "seqNumber": "1196111",
    "symbol": "UBL",
    "toDate": "31-Dec-2024",
    "xbrl": "https://nsearchives.nseindia.com/corporate/xbrl/INDAS_120475_1383562_14022025010506.xml"
  }
}
[legacy-backfill] UBL Quarterly: 48 discovered → 48 after filter on period-end [2017-04-01..2025-01-31]
[legacy-backfill] UBL Quarterly: 48 after date filter, 28 groups
[boundDerived] indas-quarterly: derived revenueYoy=11040.3605 out of column range (|v|≥10000) → stored null (display field; scoring reads raw lines, not this column).
[boundDerived] indas-quarterly: derived revenueYoy=11035.0887 out of column range (|v|≥10000) → stored null (display field; scoring reads raw lines, not this column).
[boundDerived] indas-quarterly: derived revenueQoq=14083.5609 out of column range (|v|≥10000) → stored null (display field; scoring reads raw lines, not this column).
[legacy-backfill] UBL Annual: discovered 12 raw filings
[legacy-backfill] UBL Annual: first filing: {
  "symbol": "UBL",
  "companyName": "United Breweries Limited",
  "relatingTo": "Annual",
  "financialYear": "01-Apr-2023 To 31-Mar-2024",
  "fromDate": "01-Apr-2023",
  "toDate": "31-Mar-2024",
  "filingDate": "07-May-2024 21:33",
  "xbrl": "https://nsearchives.nseindia.com/corporate/xbrl/INDAS_105414_1117518_07052024093344.xml",
  "consolidated": "Consolidated",
  "bank": "N",
  "audited": "Audited",
  "indAs": "Ind-AS New",
  "isin": "INE686F01025",
  "seqNumber": "1170585",
  "_raw": {
    "audited": "Audited",
    "bank": "N",
    "broadCastDate": "07-May-2024 21:33:46",
    "companyName": "United Breweries Limited",
    "consolidated": "Consolidated",
    "cumulative": "Cumulative",
    "difference": "00:00:17",
    "exchdisstime": "07-May-2024 21:34:03",
    "filingDate": "07-May-2024 21:33",
    "financialYear": "01-Apr-2023 To 31-Mar-2024",
    "format": "New",
    "fromDate": "01-Apr-2023",
    "indAs": "Ind-AS New",
    "industry": "-",
    "isin": "INE686F01025",
    "oldNewFlag": "N",
    "params": "01-Apr-202331-Mar-2024ANANCCNEUBL",
    "period": "Annual",
    "reInd": "N",
    "relatingTo": "Annual",
    "resultDescription": null,
    "resultDetailedDataLink": null,
    "seqNumber": "1170585",
    "symbol": "UBL",
    "toDate": "31-Mar-2024",
    "xbrl": "https://nsearchives.nseindia.com/corporate/xbrl/INDAS_105414_1117518_07052024093344.xml"
  }
}
[legacy-backfill] UBL Annual: 12 discovered → 12 after filter on period-end [2017-04-01..2025-01-31]
[legacy-backfill] UBL Annual: 12 after date filter, 7 groups
[boundDerived] FY23/standalone stock=7c4ee48f: derived revenueGrowthYoy=12588.0232 out of column range (|v|≥10000) → stored null (display field; scoring reads raw lines, not this column).
[boundDerived] FY23/consolidated stock=7c4ee48f: derived revenueGrowthYoy=12587.5114 out of column range (|v|≥10000) → stored null (display field; scoring reads raw lines, not this column).
     UBL            filings=  60 ingested=  60 failed=  0   33.0s
[legacy-backfill] UNITDSPR Quarterly: discovered 51 raw filings
[legacy-backfill] UNITDSPR Quarterly: first filing: {
  "symbol": "UNITDSPR",
  "companyName": "United Spirits Limited",
  "relatingTo": "Third Quarter",
  "financialYear": "01-Apr-2024 To 31-Mar-2025",
  "fromDate": "01-Oct-2024",
  "toDate": "31-Dec-2024",
  "filingDate": "23-Jan-2025 20:52",
  "xbrl": "https://nsearchives.nseindia.com/corporate/xbrl/INDAS_117584_1359802_23012025085225.xml",
  "consolidated": "Consolidated",
  "bank": "N",
  "audited": "Un-Audited",
  "indAs": "Ind-AS New",
  "isin": "INE854D01024",
  "seqNumber": "1190377",
  "_raw": {
    "audited": "Un-Audited",
    "bank": "N",
    "broadCastDate": "23-Jan-2025 20:52:25",
    "companyName": "United Spirits Limited",
    "consolidated": "Consolidated",
    "cumulative": "Non-cumulative",
    "difference": "00:00:52",
    "exchdisstime": "23-Jan-2025 20:53:17",
    "filingDate": "23-Jan-2025 20:52",
    "financialYear": "01-Apr-2024 To 31-Mar-2025",
    "format": "New",
    "fromDate": "01-Oct-2024",
    "indAs": "Ind-AS New",
    "industry": "-",
    "isin": "INE854D01024",
    "oldNewFlag": "N",
    "params": "01-Oct-202431-Dec-2024Q3UNNCNEUNITDSPR",
    "period": "Quarterly",
    "reInd": "N",
    "relatingTo": "Third Quarter",
    "resultDescription": null,
    "resultDetailedDataLink": null,
    "seqNumber": "1190377",
    "symbol": "UNITDSPR",
    "toDate": "31-Dec-2024",
    "xbrl": "https://nsearchives.nseindia.com/corporate/xbrl/INDAS_117584_1359802_23012025085225.xml"
  }
}
[legacy-backfill] UNITDSPR Quarterly: 51 discovered → 51 after filter on period-end [2017-04-01..2025-01-31]
[legacy-backfill] UNITDSPR Quarterly: 51 after date filter, 28 groups
[NseClient] Request failed (read ECONNRESET), re-establishing session and retrying…
[NseClient] Initialising session…
[NseClient] Session ready
[legacy-backfill] UNITDSPR Annual: discovered 13 raw filings
[legacy-backfill] UNITDSPR Annual: first filing: {
  "symbol": "UNITDSPR",
  "companyName": "United Spirits Limited",
  "relatingTo": "Annual",
  "financialYear": "01-Apr-2023 To 31-Mar-2024",
  "fromDate": "01-Apr-2023",
  "toDate": "31-Mar-2024",
  "filingDate": "24-May-2024 22:59",
  "xbrl": "https://nsearchives.nseindia.com/corporate/xbrl/INDAS_107174_1138601_24052024105955.xml",
  "consolidated": "Consolidated",
  "bank": "N",
  "audited": "Audited",
  "indAs": "Ind-AS New",
  "isin": "INE854D01024",
  "seqNumber": "1174030",
  "_raw": {
    "audited": "Audited",
    "bank": "N",
    "broadCastDate": "24-May-2024 22:59:56",
    "companyName": "United Spirits Limited",
    "consolidated": "Consolidated",
    "cumulative": "Cumulative",
    "difference": "00:00:31",
    "exchdisstime": "24-May-2024 23:00:27",
    "filingDate": "24-May-2024 22:59",
    "financialYear": "01-Apr-2023 To 31-Mar-2024",
    "format": "New",
    "fromDate": "01-Apr-2023",
    "indAs": "Ind-AS New",
    "industry": "-",
    "isin": "INE854D01024",
    "oldNewFlag": "N",
    "params": "01-Apr-202331-Mar-2024ANANCCNEUNITDSPR",
    "period": "Annual",
    "reInd": "N",
    "relatingTo": "Annual",
    "resultDescription": null,
    "resultDetailedDataLink": null,
    "seqNumber": "1174030",
    "symbol": "UNITDSPR",
    "toDate": "31-Mar-2024",
    "xbrl": "https://nsearchives.nseindia.com/corporate/xbrl/INDAS_107174_1138601_24052024105955.xml"
  }
}
[legacy-backfill] UNITDSPR Annual: 13 discovered → 13 after filter on period-end [2017-04-01..2025-01-31]
[legacy-backfill] UNITDSPR Annual: 13 after date filter, 7 groups
     UNITDSPR       filings=  64 ingested=  64 failed=  0   49.8s
[legacy-backfill] WELSPUNLIV Quarterly: discovered 57 raw filings
[legacy-backfill] WELSPUNLIV Quarterly: first filing: {
  "symbol": "WELSPUNLIV",
  "companyName": "Welspun Living Limited",
  "relatingTo": "Third Quarter",
  "financialYear": "01-Apr-2024 To 31-Mar-2025",
  "fromDate": "01-Oct-2024",
  "toDate": "31-Dec-2024",
  "filingDate": "30-Jan-2025 18:12",
  "xbrl": "https://nsearchives.nseindia.com/corporate/xbrl/INDAS_118182_1366320_30012025061255.xml",
  "consolidated": "Consolidated",
  "bank": "N",
  "audited": "Un-Audited",
  "indAs": "Ind-AS New",
  "isin": "INE192B01031",
  "seqNumber": "1191559",
  "_raw": {
    "audited": "Un-Audited",
    "bank": "N",
    "broadCastDate": "30-Jan-2025 18:12:56",
    "companyName": "Welspun Living Limited",
    "consolidated": "Consolidated",
    "cumulative": "Non-cumulative",
    "difference": "00:00:30",
    "exchdisstime": "30-Jan-2025 18:13:26",
    "filingDate": "30-Jan-2025 18:12",
    "financialYear": "01-Apr-2024 To 31-Mar-2025",
    "format": "New",
    "fromDate": "01-Oct-2024",
    "indAs": "Ind-AS New",
    "industry": "-",
    "isin": "INE192B01031",
    "oldNewFlag": "N",
    "params": "01-Oct-202431-Dec-2024Q3UNNCNEWELSPUNLIV",
    "period": "Quarterly",
    "reInd": "N",
    "relatingTo": "Third Quarter",
    "resultDescription": null,
    "resultDetailedDataLink": null,
    "seqNumber": "1191559",
    "symbol": "WELSPUNLIV",
    "toDate": "31-Dec-2024",
    "xbrl": "https://nsearchives.nseindia.com/corporate/xbrl/INDAS_118182_1366320_30012025061255.xml"
  }
}
[legacy-backfill] WELSPUNLIV Quarterly: 57 discovered → 57 after filter on period-end [2017-04-01..2025-01-31]
[legacy-backfill] WELSPUNLIV Quarterly: 57 after date filter, 28 groups
[legacy-backfill] WELSPUNLIV Quarterly 01-Jul-2022..30-Sep-2022 [consolidated] failed: Impossible declared fiscal year: end 2022-03-31 is not after start 2022-04-01. Refusing to derive a period label from a fiscal-year end this filing contradicts.
[legacy-backfill] WELSPUNLIV Annual: discovered 14 raw filings
[legacy-backfill] WELSPUNLIV Annual: first filing: {
  "symbol": "WELSPUNLIV",
  "companyName": "Welspun Living Limited",
  "relatingTo": "Annual",
  "financialYear": "01-Apr-2023 To 31-Mar-2024",
  "fromDate": "01-Apr-2023",
  "toDate": "31-Mar-2024",
  "filingDate": "25-Apr-2024 19:39",
  "xbrl": "https://nsearchives.nseindia.com/corporate/xbrl/INDAS_104715_1108365_25042024073927.xml",
  "consolidated": "Consolidated",
  "bank": "N",
  "audited": "Audited",
  "indAs": "Ind-AS New",
  "isin": "INE192B01031",
  "seqNumber": "1169366",
  "_raw": {
    "audited": "Audited",
    "bank": "N",
    "broadCastDate": "25-Apr-2024 19:39:29",
    "companyName": "Welspun Living Limited",
    "consolidated": "Consolidated",
    "cumulative": "Cumulative",
    "difference": "00:02:47",
    "exchdisstime": "25-Apr-2024 19:42:16",
    "filingDate": "25-Apr-2024 19:39",
    "financialYear": "01-Apr-2023 To 31-Mar-2024",
    "format": "New",
    "fromDate": "01-Apr-2023",
    "indAs": "Ind-AS New",
    "industry": "-",
    "isin": "INE192B01031",
    "oldNewFlag": "N",
    "params": "01-Apr-202331-Mar-2024ANANCCNEWELSPUNLIV",
    "period": "Annual",
    "reInd": "N",
    "relatingTo": "Annual",
    "resultDescription": null,
    "resultDetailedDataLink": null,
    "seqNumber": "1169366",
    "symbol": "WELSPUNLIV",
    "toDate": "31-Mar-2024",
    "xbrl": "https://nsearchives.nseindia.com/corporate/xbrl/INDAS_104715_1108365_25042024073927.xml"
  }
}
[legacy-backfill] WELSPUNLIV Annual: 14 discovered → 14 after filter on period-end [2017-04-01..2025-01-31]
[legacy-backfill] WELSPUNLIV Annual: 14 after date filter, 7 groups
     WELSPUNLIV     filings=  70 ingested=  69 failed=  1   36.7s
[legacy-backfill] WHIRLPOOL Quarterly: discovered 49 raw filings
[legacy-backfill] WHIRLPOOL Quarterly: first filing: {
  "symbol": "WHIRLPOOL",
  "companyName": "Whirlpool of India Limited",
  "relatingTo": "Third Quarter",
  "financialYear": "01-Apr-2024 To 31-Mar-2025",
  "fromDate": "01-Oct-2024",
  "toDate": "31-Dec-2024",
  "filingDate": "04-Feb-2025 19:41",
  "xbrl": "https://nsearchives.nseindia.com/corporate/xbrl/INDAS_118651_1370887_04022025074122.xml",
  "consolidated": "Consolidated",
  "bank": "N",
  "audited": "Un-Audited",
  "indAs": "Ind-AS New",
  "isin": "INE716A01013",
  "seqNumber": "1192475",
  "_raw": {
    "audited": "Un-Audited",
    "bank": "N",
    "broadCastDate": "04-Feb-2025 19:41:23",
    "companyName": "Whirlpool of India Limited",
    "consolidated": "Consolidated",
    "cumulative": "Non-cumulative",
    "difference": "00:00:15",
    "exchdisstime": "04-Feb-2025 19:41:38",
    "filingDate": "04-Feb-2025 19:41",
    "financialYear": "01-Apr-2024 To 31-Mar-2025",
    "format": "New",
    "fromDate": "01-Oct-2024",
    "indAs": "Ind-AS New",
    "industry": "-",
    "isin": "INE716A01013",
    "oldNewFlag": "N",
    "params": "01-Oct-202431-Dec-2024Q3UNNCNEWHIRLPOOL",
    "period": "Quarterly",
    "reInd": "N",
    "relatingTo": "Third Quarter",
    "resultDescription": null,
    "resultDetailedDataLink": null,
    "seqNumber": "1192475",
    "symbol": "WHIRLPOOL",
    "toDate": "31-Dec-2024",
    "xbrl": "https://nsearchives.nseindia.com/corporate/xbrl/INDAS_118651_1370887_04022025074122.xml"
  }
}
[legacy-backfill] WHIRLPOOL Quarterly: 49 discovered → 49 after filter on period-end [2017-04-01..2025-01-31]
[legacy-backfill] WHIRLPOOL Quarterly: 49 after date filter, 27 groups
[NseClient] Request failed (read ECONNRESET), re-establishing session and retrying…
[NseClient] Initialising session…
[NseClient] Session ready
[legacy-backfill] WHIRLPOOL Annual: discovered 13 raw filings
[legacy-backfill] WHIRLPOOL Annual: first filing: {
  "symbol": "WHIRLPOOL",
  "companyName": "Whirlpool of India Limited",
  "relatingTo": "Annual",
  "financialYear": "01-Apr-2023 To 31-Mar-2024",
  "fromDate": "01-Apr-2023",
  "toDate": "31-Mar-2024",
  "filingDate": "20-May-2024 21:19",
  "xbrl": "https://nsearchives.nseindia.com/corporate/xbrl/INDAS_106473_1130962_20052024091943.xml",
  "consolidated": "Consolidated",
  "bank": "N",
  "audited": "Audited",
  "indAs": "Ind-AS New",
  "isin": "INE716A01013",
  "seqNumber": "1172655",
  "_raw": {
    "audited": "Audited",
    "bank": "N",
    "broadCastDate": "20-May-2024 21:19:45",
    "companyName": "Whirlpool of India Limited",
    "consolidated": "Consolidated",
    "cumulative": "Cumulative",
    "difference": "00:00:32",
    "exchdisstime": "20-May-2024 21:20:17",
    "filingDate": "20-May-2024 21:19",
    "financialYear": "01-Apr-2023 To 31-Mar-2024",
    "format": "New",
    "fromDate": "01-Apr-2023",
    "indAs": "Ind-AS New",
    "industry": "-",
    "isin": "INE716A01013",
    "oldNewFlag": "N",
    "params": "01-Apr-202331-Mar-2024ANANCCNEWHIRLPOOL",
    "period": "Annual",
    "reInd": "N",
    "relatingTo": "Annual",
    "resultDescription": null,
    "resultDetailedDataLink": null,
    "seqNumber": "1172655",
    "symbol": "WHIRLPOOL",
    "toDate": "31-Mar-2024",
    "xbrl": "https://nsearchives.nseindia.com/corporate/xbrl/INDAS_106473_1130962_20052024091943.xml"
  }
}
[legacy-backfill] WHIRLPOOL Annual: 13 discovered → 13 after filter on period-end [2017-04-01..2025-01-31]
[legacy-backfill] WHIRLPOOL Annual: 13 after date filter, 7 groups
     WHIRLPOOL      filings=  62 ingested=  62 failed=  0   49.5s
[legacy-backfill] ZENTEC Quarterly: discovered 51 raw filings
[legacy-backfill] ZENTEC Quarterly: first filing: {
  "symbol": "ZENTEC",
  "companyName": "Zen Technologies Limited",
  "relatingTo": "Third Quarter",
  "financialYear": "01-Apr-2024 To 31-Mar-2025",
  "fromDate": "01-Oct-2024",
  "toDate": "31-Dec-2024",
  "filingDate": "15-Feb-2025 17:49",
  "xbrl": "https://nsearchives.nseindia.com/corporate/xbrl/INDAS_120922_1386372_15022025054934.xml",
  "consolidated": "Consolidated",
  "bank": "N",
  "audited": "Un-Audited",
  "indAs": "Ind-AS New",
  "isin": "INE251B01027",
  "seqNumber": "1197005",
  "_raw": {
    "audited": "Un-Audited",
    "bank": "N",
    "broadCastDate": "15-Feb-2025 17:49:34",
    "companyName": "Zen Technologies Limited",
    "consolidated": "Consolidated",
    "cumulative": "Non-cumulative",
    "difference": "00:00:24",
    "exchdisstime": "15-Feb-2025 17:49:58",
    "filingDate": "15-Feb-2025 17:49",
    "financialYear": "01-Apr-2024 To 31-Mar-2025",
    "format": "New",
    "fromDate": "01-Oct-2024",
    "indAs": "Ind-AS New",
    "industry": "-",
    "isin": "INE251B01027",
    "oldNewFlag": "N",
    "params": "01-Oct-202431-Dec-2024Q3UNNCNEZENTEC",
    "period": "Quarterly",
    "reInd": "N",
    "relatingTo": "Third Quarter",
    "resultDescription": null,
    "resultDetailedDataLink": null,
    "seqNumber": "1197005",
    "symbol": "ZENTEC",
    "toDate": "31-Dec-2024",
    "xbrl": "https://nsearchives.nseindia.com/corporate/xbrl/INDAS_120922_1386372_15022025054934.xml"
  }
}
[legacy-backfill] ZENTEC Quarterly: 51 discovered → 51 after filter on period-end [2017-04-01..2025-01-31]
[legacy-backfill] ZENTEC Quarterly: 51 after date filter, 26 groups
[legacy-backfill] ZENTEC Annual: discovered 12 raw filings
[legacy-backfill] ZENTEC Annual: first filing: {
  "symbol": "ZENTEC",
  "companyName": "Zen Technologies Limited",
  "relatingTo": "Annual",
  "financialYear": "01-Apr-2023 To 31-Mar-2024",
  "fromDate": "01-Apr-2023",
  "toDate": "31-Mar-2024",
  "filingDate": "05-May-2024 18:13",
  "xbrl": "https://nsearchives.nseindia.com/corporate/xbrl/INDAS_105314_1115782_05052024061331.xml",
  "consolidated": "Consolidated",
  "bank": "N",
  "audited": "Audited",
  "indAs": "Ind-AS New",
  "isin": "INE251B01027",
  "seqNumber": "1170390",
  "_raw": {
    "audited": "Audited",
    "bank": "N",
    "broadCastDate": "05-May-2024 18:13:32",
    "companyName": "Zen Technologies Limited",
    "consolidated": "Consolidated",
    "cumulative": "Cumulative",
    "difference": "00:00:19",
    "exchdisstime": "05-May-2024 18:13:51",
    "filingDate": "05-May-2024 18:13",
    "financialYear": "01-Apr-2023 To 31-Mar-2024",
    "format": "New",
    "fromDate": "01-Apr-2023",
    "indAs": "Ind-AS New",
    "industry": "-",
    "isin": "INE251B01027",
    "oldNewFlag": "N",
    "params": "01-Apr-202331-Mar-2024ANANCCNEZENTEC",
    "period": "Annual",
    "reInd": "N",
    "relatingTo": "Annual",
    "resultDescription": null,
    "resultDetailedDataLink": null,
    "seqNumber": "1170390",
    "symbol": "ZENTEC",
    "toDate": "31-Mar-2024",
    "xbrl": "https://nsearchives.nseindia.com/corporate/xbrl/INDAS_105314_1115782_05052024061331.xml"
  }
}
[legacy-backfill] ZENTEC Annual: 12 discovered → 12 after filter on period-end [2017-04-01..2025-01-31]
[legacy-backfill] ZENTEC Annual: 12 after date filter, 6 groups
     ZENTEC         filings=  63 ingested=  63 failed=  0   35.1s
     chunk  5/5 · done  49/49 · chunk 6.7min · elapsed 34.3min · filings  590 ingested  587 failed   3 (1%) · cumulative 7 · fence ✓ · 08:00 UTC
       MIX: 404×2 other×1   (no throttle signature)

╔═══════════════════════════════════════════════════════════════════════════╗
║ RUN SEGMENT COMPLETE                                                      ║
╚═══════════════════════════════════════════════════════════════════════════╝
  wall 34.3 min · ledger 49/49
  cumulative: filings 3054 · ingested 3047 · failed 7
  chunks retried: none
  second-pass list: empty
  ⚠ scoring jobs observed while this run was in flight: ✓ NONE
  CUMULATIVE FAILURE MIX: 404×4 other×3
  throttle-shaped total: 0 of 7 (0.0%)   ✓ no throttle signature across the whole run
  → ./_f1-ledger.json

