
> vytal-backend@1.0.0 verify:copy
> tsx src/scripts/verify-build-gate-hygiene.ts && tsx src/scripts/verify-catalogue.ts && tsx src/scripts/verify-verdicts.ts && tsx src/scripts/verify-trajectory.ts && tsx src/scripts/verify-not-covered.ts && tsx src/scripts/verify-sql-predicates.ts && tsx src/scripts/verify-copy-register.ts && tsx src/scripts/verify-coalescing.ts && tsx src/scripts/verify-catalogue-endpoint.ts && tsx src/scripts/verify-grounding-names.ts && tsx src/scripts/verify-evidence-register.ts && tsx src/scripts/verify-phs-copy.ts && tsx src/scripts/verify-boundary-corpus.ts && tsx src/scripts/verify-quarter-brief-vocabulary.ts && tsx src/scripts/verify-quarter-brief-anchors.ts && tsx src/scripts/verify-quarter-metrics.ts && tsx src/scripts/verify-annual-metrics.ts && tsx src/scripts/verify-results-season.ts && tsx src/scripts/verify-results-season-group.ts && tsx src/scripts/verify-lens-separation.ts && tsx src/scripts/verify-rule-thresholds.ts && tsx src/scripts/verify-score-input-columns.ts && tsx src/scripts/verify-integrated-filing-pagination.ts && tsx src/scripts/dryrun-session-date.ts


════════════════════════════════════════════════════════════════════════════════════════════════════
1 · THE BUILD-REACHABLE SET — expanded from package.json, never a hand-kept list
════════════════════════════════════════════════════════════════════════════════════════════════════
  build            → prisma generate && npm run verify:copy && tsc
  scripts expanded → build → verify:copy
  non-gate steps   → prisma generate · tsc
  gates (24):
     src/scripts/verify-build-gate-hygiene.ts
     src/scripts/verify-catalogue.ts
     src/scripts/verify-verdicts.ts
     src/scripts/verify-trajectory.ts
     src/scripts/verify-not-covered.ts
     src/scripts/verify-sql-predicates.ts
     src/scripts/verify-copy-register.ts
     src/scripts/verify-coalescing.ts
     src/scripts/verify-catalogue-endpoint.ts
     src/scripts/verify-grounding-names.ts
     src/scripts/verify-evidence-register.ts
     src/scripts/verify-phs-copy.ts
     src/scripts/verify-boundary-corpus.ts
     src/scripts/verify-quarter-brief-vocabulary.ts
     src/scripts/verify-quarter-brief-anchors.ts
     src/scripts/verify-quarter-metrics.ts
     src/scripts/verify-annual-metrics.ts
     src/scripts/verify-results-season.ts
     src/scripts/verify-results-season-group.ts
     src/scripts/verify-lens-separation.ts
     src/scripts/verify-rule-thresholds.ts
     src/scripts/verify-score-input-columns.ts
     src/scripts/verify-integrated-filing-pagination.ts
     src/scripts/dryrun-session-date.ts
  ✅ `build` reaches at least one gate (a chain nobody runs is not a chain) — 24 gates
  ✅ every build gate resolves to a real file — all present
  ✅ every build gate lives under src/scripts/ — all in place
  ✅ every NON-gate build step is one of the two reviewed commands — prisma generate · tsc
     prisma generate  ↳ reads prisma/schema.prisma, writes src/generated/prisma — checkout only, no datasource URL needed
     tsc              ↳ reads tsconfig.json + src/**; rootDir/outDir both pin inside the checkout

════════════════════════════════════════════════════════════════════════════════════════════════════
2 · ⚠ NO BUILD GATE REACHES OUTSIDE THIS CHECKOUT — scanned over the TRANSITIVE import graph
════════════════════════════════════════════════════════════════════════════════════════════════════
     src/scripts/verify-build-gate-hygiene.ts            1 modules
     src/scripts/verify-catalogue.ts                    33 modules
     src/scripts/verify-verdicts.ts                     39 modules
     src/scripts/verify-trajectory.ts                   40 modules
     src/scripts/verify-not-covered.ts                  45 modules
     src/scripts/verify-sql-predicates.ts                7 modules
     src/scripts/verify-copy-register.ts                42 modules
     src/scripts/verify-coalescing.ts                   41 modules
     src/scripts/verify-catalogue-endpoint.ts          573 modules
     src/scripts/verify-grounding-names.ts              38 modules
     src/scripts/verify-evidence-register.ts            39 modules
     src/scripts/verify-phs-copy.ts                     14 modules
     src/scripts/verify-boundary-corpus.ts               9 modules
     src/scripts/verify-quarter-brief-vocabulary.ts     20 modules
     src/scripts/verify-quarter-brief-anchors.ts        24 modules
     src/scripts/verify-quarter-metrics.ts               3 modules
     src/scripts/verify-annual-metrics.ts                7 modules
     src/scripts/verify-results-season.ts                8 modules
     src/scripts/verify-results-season-group.ts         12 modules
     src/scripts/verify-lens-separation.ts              54 modules
     src/scripts/verify-rule-thresholds.ts               8 modules
     src/scripts/verify-score-input-columns.ts           2 modules
     src/scripts/verify-integrated-filing-pagination.ts    4 modules
     src/scripts/dryrun-session-date.ts                 12 modules
  ✅ ZERO cross-repo reach across every build gate's import graph — 1075 module reads · 3 reach patterns
  ✅ no build gate loads a COMPUTED dynamic specifier — the escape static resolution cannot see — 24 entry scripts

════════════════════════════════════════════════════════════════════════════════════════════════════
3 · ★ THE CROSS-REPO CLASS — discovered from source, asserted DISJOINT from the build
════════════════════════════════════════════════════════════════════════════════════════════════════
  scripts scanned: 709 · CROSS-REPO (reach found in source): 52
     src/scripts/_c1a-candidates.ts
        ↳ an env-configured DIRECTORY — a local-layout dependency, unset on the deploy box [process.env.R1_DIR]
     src/scripts/_c1b-collide.ts
        ↳ an env-configured DIRECTORY — a local-layout dependency, unset on the deploy box [process.env.R1_DIR]
     src/scripts/_f2-corpus.ts
        ↳ an env-configured DIRECTORY — a local-layout dependency, unset on the deploy box [process.env.R1_DIR]
     src/scripts/_f2a-hist.ts
        ↳ an env-configured DIRECTORY — a local-layout dependency, unset on the deploy box [process.env.R1_DIR]
     src/scripts/_f2d-proof.ts
        ↳ an env-configured DIRECTORY — a local-layout dependency, unset on the deploy box [process.env.R1_DIR]
     src/scripts/_f4a-state.ts
        ↳ an env-configured DIRECTORY — a local-layout dependency, unset on the deploy box [process.env.R1_DIR]
     src/scripts/_f4b-probe.ts
        ↳ an env-configured DIRECTORY — a local-layout dependency, unset on the deploy box [process.env.R1_DIR]
     src/scripts/_f4b2-probe.ts
        ↳ an env-configured DIRECTORY — a local-layout dependency, unset on the deploy box [process.env.R1_DIR]
     src/scripts/_f4b3-probe.ts
        ↳ an env-configured DIRECTORY — a local-layout dependency, unset on the deploy box [process.env.R1_DIR]
     src/scripts/_f4b4-probe.ts
        ↳ an env-configured DIRECTORY — a local-layout dependency, unset on the deploy box [process.env.R1_DIR]
     src/scripts/_f4b5-probe.ts
        ↳ an env-configured DIRECTORY — a local-layout dependency, unset on the deploy box [process.env.R1_DIR]
     src/scripts/_f4c-prov.ts
        ↳ an env-configured DIRECTORY — a local-layout dependency, unset on the deploy box [process.env.R1_DIR]
     src/scripts/_f5-momentum.ts
        ↳ an env-configured DIRECTORY — a local-layout dependency, unset on the deploy box [process.env.R1_DIR]
     src/scripts/_r1a-gates.ts
        ↳ an env-configured DIRECTORY — a local-layout dependency, unset on the deploy box [process.env.R1_DIR]
     src/scripts/_r1cd-snapshot.ts
        ↳ an env-configured DIRECTORY — a local-layout dependency, unset on the deploy box [process.env.R1_DIR]
     src/scripts/_r2-run.ts
        ↳ an env-configured DIRECTORY — a local-layout dependency, unset on the deploy box [process.env.R1_DIR]
     src/scripts/_r3-fence.ts
        ↳ an env-configured DIRECTORY — a local-layout dependency, unset on the deploy box [process.env.R1_DIR]
     src/scripts/_r3b-attribute.ts
        ↳ an env-configured DIRECTORY — a local-layout dependency, unset on the deploy box [process.env.R1_DIR]
     src/scripts/_r4a-completeness.ts
        ↳ an env-configured DIRECTORY — a local-layout dependency, unset on the deploy box [process.env.R1_DIR]
     src/scripts/_r4b-fill.ts
        ↳ an env-configured DIRECTORY — a local-layout dependency, unset on the deploy box [process.env.R1_DIR]
     src/scripts/_r4c-trace.ts
        ↳ an env-configured DIRECTORY — a local-layout dependency, unset on the deploy box [process.env.R1_DIR]
     src/scripts/_r4d-falsenull.ts
        ↳ an env-configured DIRECTORY — a local-layout dependency, unset on the deploy box [process.env.R1_DIR]
     src/scripts/_r4f-scale.ts
        ↳ an env-configured DIRECTORY — a local-layout dependency, unset on the deploy box [process.env.R1_DIR]
     src/scripts/_r5-exit.ts
        ↳ an env-configured DIRECTORY — a local-layout dependency, unset on the deploy box [process.env.R1_DIR]
     src/scripts/_r5a-lost.ts
        ↳ an env-configured DIRECTORY — a local-layout dependency, unset on the deploy box [process.env.R1_DIR]
     src/scripts/_r5c-misordered.ts
        ↳ an env-configured DIRECTORY — a local-layout dependency, unset on the deploy box [process.env.R1_DIR]
     src/scripts/_r5d-blockers.ts
        ↳ an env-configured DIRECTORY — a local-layout dependency, unset on the deploy box [process.env.R1_DIR]
     src/scripts/_r5e-labels.ts
        ↳ an env-configured DIRECTORY — a local-layout dependency, unset on the deploy box [process.env.R1_DIR]
     src/scripts/_s4-final.ts
        ↳ an env-configured DIRECTORY — a local-layout dependency, unset on the deploy box [process.env.R1_DIR]
     src/scripts/_s41-blast.ts
        ↳ an env-configured DIRECTORY — a local-layout dependency, unset on the deploy box [process.env.R1_DIR]
     src/scripts/_s4b-breach.ts
        ↳ an env-configured DIRECTORY — a local-layout dependency, unset on the deploy box [process.env.R1_DIR]
     src/scripts/_s4b-run.ts
        ↳ an env-configured DIRECTORY — a local-layout dependency, unset on the deploy box [process.env.R1_DIR]
     src/scripts/_s4b-t3state.ts
        ↳ an env-configured DIRECTORY — a local-layout dependency, unset on the deploy box [process.env.R1_DIR]
     src/scripts/_s4d-discontinuity.ts
        ↳ an env-configured DIRECTORY — a local-layout dependency, unset on the deploy box [process.env.R1_DIR]
     src/scripts/_s4d-forward.ts
        ↳ an env-configured DIRECTORY — a local-layout dependency, unset on the deploy box [process.env.R1_DIR]
     src/scripts/_s4d-recount.ts
        ↳ an env-configured DIRECTORY — a local-layout dependency, unset on the deploy box [process.env.R1_DIR]
     src/scripts/_s4d-repair.ts
        ↳ an env-configured DIRECTORY — a local-layout dependency, unset on the deploy box [process.env.R1_DIR]
     src/scripts/_s4d-restore.ts
        ↳ an env-configured DIRECTORY — a local-layout dependency, unset on the deploy box [process.env.R1_DIR]
     src/scripts/_s4d-t4cohort.ts
        ↳ an env-configured DIRECTORY — a local-layout dependency, unset on the deploy box [process.env.R1_DIR]
     src/scripts/_t4-run.ts
        ↳ an env-configured DIRECTORY — a local-layout dependency, unset on the deploy box [process.env.T4_DIR]
     src/scripts/_t4-snapshot.ts
        ↳ an env-configured DIRECTORY — a local-layout dependency, unset on the deploy box [process.env.T4_DIR]
     src/scripts/_t4-verify.ts
        ↳ an env-configured DIRECTORY — a local-layout dependency, unset on the deploy box [process.env.T4_DIR]
     src/scripts/_t5-run.ts
        ↳ an env-configured DIRECTORY — a local-layout dependency, unset on the deploy box [process.env.T4_DIR]
     src/scripts/_zz_sie.ts
        ↳ an env-configured DIRECTORY — a local-layout dependency, unset on the deploy box [process.env.R1_DIR]
     src/scripts/_zz_van.ts
        ↳ an env-configured DIRECTORY — a local-layout dependency, unset on the deploy box [process.env.R1_DIR]
     src/scripts/cross-repo/verify-boundary-render.ts
        ↳ a path literal stepping into a SIBLING REPO [../Vytal-F]
        ↳ an env-configured DIRECTORY — a local-layout dependency, unset on the deploy box [process.env.VYTAL_FRONTEND_DIR]
        ↳ resolves OUT of the checkout, relative to cwd [resolve(process.cwd(), "..]
     src/scripts/cross-repo/verify-metric-label-coverage.ts
        ↳ a path literal stepping into a SIBLING REPO [../Vytal-F]
        ↳ an env-configured DIRECTORY — a local-layout dependency, unset on the deploy box [process.env.VYTAL_FRONTEND_DIR]
        ↳ resolves OUT of the checkout, relative to cwd [resolve(process.cwd(), "..]
     src/scripts/cross-repo/verify-pg-table-copy.ts
        ↳ a path literal stepping into a SIBLING REPO [../Vytal-F]
        ↳ an env-configured DIRECTORY — a local-layout dependency, unset on the deploy box [process.env.VYTAL_FRONTEND_DIR]
        ↳ resolves OUT of the checkout, relative to cwd [resolve(process.cwd(), "..]
     src/scripts/gen-frontend-fallback.ts
        ↳ a path literal stepping into a SIBLING REPO [../Vytal-F]
        ↳ an env-configured DIRECTORY — a local-layout dependency, unset on the deploy box [process.env.VYTAL_FRONTEND_DIR]
        ↳ resolves OUT of the checkout, relative to cwd [resolve(process.cwd(), "..]
     src/scripts/gen-frontend-metric-catalogue.ts
        ↳ an env-configured DIRECTORY — a local-layout dependency, unset on the deploy box [process.env.VYTAL_FRONTEND_DIR]
        ↳ resolves OUT of the checkout, relative to cwd [resolve(process.cwd(), "..]
     src/scripts/seed-stock-overview.ts
        ↳ resolves OUT of the checkout, relative to cwd [resolve(
  process.cwd(),
  "..]
     src/scripts/verify-divergence-authority.ts
        ↳ a path literal stepping into a SIBLING REPO [../Vytal-F]
        ↳ an env-configured DIRECTORY — a local-layout dependency, unset on the deploy box [process.env.VYTAL_FRONTEND_DIR]
        ↳ resolves OUT of the checkout, relative to cwd [resolve(process.cwd(), "..]
  ✅ ★ NOT ONE cross-repo script is reachable from `build` — 52 cross-repo scripts, 24 build gates, disjoint
  ✅ every file in src/scripts/cross-repo/ is wired into a script (re-homed, not deleted by accident) — verify-boundary-render.ts → verify:cross-repo · verify-metric-label-coverage.ts → verify:cross-repo · verify-pg-table-copy.ts → verify:cross-repo · verify-quarter-brief-badge.ts → verify:cross-repo · verify-quarter-brief-money.ts → verify:cross-repo
  ✅ …and NOTHING in src/scripts/cross-repo/ is reachable from `build` — structurally out
  ✅ the scripts that DO run the cross-repo class are themselves out of the build — verify:cross-repo · gen:copy · verify:copy-fresh

════════════════════════════════════════════════════════════════════════════════════════════════════
4 · DB + ENV REACH — declared with a reason, reconciled both ways
════════════════════════════════════════════════════════════════════════════════════════════════════
     src/scripts/dryrun-session-date.ts
        ↳ imports src/db/prisma.ts
     src/scripts/verify-catalogue-endpoint.ts
        ↳ imports src/db/prisma.ts + src/config/env.ts
  ✅ every gate that imports the env module or the DB client is DECLARED, with a reason — src/scripts/dryrun-session-date.ts · src/scripts/verify-catalogue-endpoint.ts
  ✅ …and no declaration describes a gate that no longer reaches (a stale allowance is a lie) — 2 declared
     src/scripts/verify-catalogue-endpoint.ts
        ↳ boots the real app in-process to assert the SERIALISED bytes. app.ts's router imports pull in db/prisma.ts (a pg Pool is constructed but never connected — the pool is lazy) and config/env.ts. The one route it exercises, /api/v1/catalogue, is assembled from frozen constants and reads no DB. Module load must stay env-free: see the lazy JWKS note in src/middleware/auth.ts.
     src/scripts/dryrun-session-date.ts
        ↳ drives the REAL providers' processBhavcopyBody / processIndexBody / parseUdiff against synthetic CSV+zip bodies, so importing them pulls ingestions/shared/ingestion-error.ts → db/prisma.ts. Same shape as the allowance above: a pg Pool is CONSTRUCTED but never connected, because the pool is lazy and this script issues no query. It cannot reach the DB even by accident — reportIngestionError is the only writer on those paths and it is reached ONLY by a GUARD 1 (shape) or GUARD 2 (skip-rate) breach, and no fixture here breaches either. Its own subject, the session-date check, returns BEFORE GUARD 2 by construction. Unlike its dryrun-* siblings (dryrun-ingestion-guards / dryrun-indices-guards, which insert sentinel rows and are correctly NOT build gates) this one writes nothing at all.

════════════════════════════════════════════════════════════════════════════════════════════════════
5 · NETWORK — a build gate may talk to itself and to nothing else
════════════════════════════════════════════════════════════════════════════════════════════════════
  ✅ every URL literal in a build gate is loopback — http://127.0.0.1:${port}/api/v1/catalogue

════════════════════════════════════════════════════════════════════════════════════════════════════
6 · NEGATIVE CONTROLS — the rules, run against the real thing they were written for
════════════════════════════════════════════════════════════════════════════════════════════════════
  ✅ the reach scan FIRES on src/scripts/cross-repo/verify-boundary-render.ts (the gate that broke the deploy) — a path literal stepping into a SIBLING REPO [../Vytal-F] · an env-configured DIRECTORY — a local-layout dependency, unset on the deploy box [process.env.VYTAL_FRONTEND_DIR] · resolves OUT of the checkout, relative to cwd [resolve(process.cwd(), "..]
  ✅ …and it is found by the class discovery, so §3 would catch it if it were wired in — in the discovered class
  ✅ the entry-only scan FIRES on its computed dynamic import — dynamic import of a COMPUTED specifier — static resolution cannot see where it points [import(]
  ✅ the scan catches the SHIPPED line verbatim, on all three of its shapes — 3/3 patterns fired on `const FRONTEND_DIR = process.env.VYTAL_FRONTEND_DIR ?? resolve(process.cwd(), "../Vytal-Frontend");`
  ✅ …each shape independently, so a partial rewrite cannot slip through on the others' backs — sibling path · env directory · cwd escape
  ✅ the entry-only scan catches a COMPUTED dynamic import verbatim — fired on `await import(pathToFileURL(MODULE_PATH).href)`
  ✅ …and does NOT bite a literal one (every static import in this build would else be a finding) — a string-literal specifier is statically resolvable and stays legal
  ✅ a backend-only gate is NOT flagged (the scan discriminates — reach, not mention) — verify-phs-copy.ts clean
  ✅ …and neither is a module that merely NAMES the frontend in a comment — verdicts.ts cites Vytal-Frontend in its header and is clean

════════════════════════════════════════════════════════════════════════════════════════════════════
7 · ★ THE CLAIM MUST BE TRUE — a script that SAYS it enforces at build time must RUN at build time
════════════════════════════════════════════════════════════════════════════════════════════════════
  scripts scanned: 709 · CLAIM build enforcement: 18 · cross-repo exempt by construction: 52
     declared  src/scripts/brief-mobile-height.ts
        ↳ self "fails the build"
        ↳ src/scripts/verify-build-gate-hygiene.ts:190 "fails the build"
     IN BUILD  src/scripts/dryrun-session-date.ts
        ↳ self "BUILD GATE"
     IN BUILD  src/scripts/verify-annual-metrics.ts
        ↳ self "BUILD GATE"
     IN BUILD  src/scripts/verify-build-gate-hygiene.ts
        ↳ self "fails the build"
        ↳ self "the build fails/stops/breaks"
        ↳ self "breaks the build"
        ↳ self "BUILD GATE"
        ↳ src/insight/quarter-brief/annual-rows.ts:28 "fails the build"
        ↳ src/insight/quarter-brief/family-rows.ts:31 "fails the build"
        ↳ src/insight/quarter-brief/margins.ts:6 "fails the build"
        ↳ src/lib/ist-date.ts:9 "BUILD GATE"
        ↳ src/scoring/findings/types.ts:190 "BUILD GATE"
        ↳ src/scripts/cross-repo/verify-boundary-render.ts:7 "fails the build"
        ↳ src/scripts/cross-repo/verify-metric-label-coverage.ts:5 "fails the build"
        ↳ src/scripts/cross-repo/verify-pg-table-copy.ts:6 "fails the build"
        ↳ src/scripts/dryrun-session-date.ts:18 "BUILD GATE"
        ↳ src/scripts/verify-personal-section.ts:5 "fails the build"
        ↳ src/scripts/verify-projection-parity.ts:32 "BUILD GATE"
        ↳ src/scripts/verify-quarter-brief-anchors.ts:5 "fails the build"
     IN BUILD  src/scripts/verify-catalogue.ts
        ↳ self "BUILD GATE"
     IN BUILD  src/scripts/verify-coalescing.ts
        ↳ src/scoring/findings/fired-finding.types.ts:13 "BUILD GATE"
        ↳ src/scoring/findings/types.ts:189 "BUILD GATE"
     IN BUILD  src/scripts/verify-copy-register.ts
        ↳ src/catalogue/not-covered.ts:143 "fails the build"
        ↳ src/scoring/findings/fired-finding.types.ts:13 "BUILD GATE"
        ↳ src/scoring/findings/types.ts:189 "BUILD GATE"
     declared  src/scripts/verify-evaluative-tier.ts
        ↳ self "fails the build"
        ↳ src/ai/guardrail.ts:411 "fails the build"
        ↳ src/scripts/verify-build-gate-hygiene.ts:179 "fails the build"
     IN BUILD  src/scripts/verify-not-covered.ts
        ↳ src/catalogue/not-covered.ts:143 "fails the build"
     declared  src/scripts/verify-number-grounding.ts
        ↳ self "fails the build"
        ↳ src/scripts/verify-build-gate-hygiene.ts:183 "fails the build"
     declared  src/scripts/verify-personal-section.ts
        ↳ self "fails the build"
        ↳ src/scripts/verify-build-gate-hygiene.ts:167 "fails the build"
     IN BUILD  src/scripts/verify-phs-copy.ts
        ↳ self "the build fails/stops/breaks"
        ↳ src/catalogue/phs-findings.ts:6 "fails the build"
     declared  src/scripts/verify-phs-pd-readtime.ts
        ↳ self "fails the build"
        ↳ src/scripts/verify-build-gate-hygiene.ts:186 "fails the build"
     declared  src/scripts/verify-projection-parity.ts
        ↳ self "BUILD GATE"
        ↳ src/scripts/verify-build-gate-hygiene.ts:171 "fails the build"+"BUILD GATE"
     IN BUILD  src/scripts/verify-quarter-brief-anchors.ts
        ↳ self "fails the build"
     IN BUILD  src/scripts/verify-quarter-metrics.ts
        ↳ self "BUILD GATE"
        ↳ src/scripts/verify-annual-metrics.ts:4 "BUILD GATE"
     IN BUILD  src/scripts/verify-score-input-columns.ts
        ↳ self "the build fails/stops/breaks"
        ↳ self "BUILD GATE"
        ↳ src/scoring/inputs/score-input-columns.ts:28 "fails the build"
        ↳ src/scripts/verify-build-gate-hygiene.ts:125 "fails the build"
     declared  src/scripts/verify-t5-omission-keys.ts
        ↳ src/ingestions/amfi/mf-analytics.ts:1133 "fails the build"
        ↳ src/scripts/verify-build-gate-hygiene.ts:175 "fails the build"+"BUILD GATE"
  ✅ ★ every script CLAIMING build-time enforcement is reachable from `build` (or declared below) — 11 wired · 7 declared
  ✅ …and no declaration describes a script that is missing, no longer claims, or is now IN the build — 7 declarations, all live
     src/scripts/verify-personal-section.ts
        ↳ DELIBERATELY WIRED NOWHERE, and its own header says so at :5 — it reaches the frontend, so §3 would reject it from `build`. The 'fails the build' phrase in it describes verify-build-gate-hygiene, not itself. This is what a correct un-wired script looks like; it is the reference case.
     src/scripts/verify-projection-parity.ts
        ↳ Imports src/db/prisma.ts and compares LIVE projections — §2 forbids a build gate from reading the database. Runs in `npm run verify:read-parity`, which `verify:all` chains. Its 'BUILD GATE' phrase is describing the class it belongs to, not a claim to be in `build`.
     src/scripts/verify-t5-omission-keys.ts
        ↳ Imports src/db/prisma.ts and scans live omission keys — cannot be a build gate (§2). The claim is made ABOUT it from src/ingestions/amfi/mf-analytics.ts:1133 ('now fails the build on any omission key that is not a column'), which overstates it. Runs in `npm run verify:live`.
     src/scripts/verify-evaluative-tier.ts
        ↳ Imports src/db/prisma.ts and scans the live chat corpus, and reads A/B arm files from an absolute temp path — twice disqualified from `build` (§2). Claimed of at src/ai/guardrail.ts:411. Runs in `npm run verify:live`.
     src/scripts/verify-number-grounding.ts
        ↳ Imports src/db/prisma.ts and grounds numbers against live instrument rows — cannot be a build gate (§2). Its 'fails the build' at :156 describes its own negative controls. Runs in `npm run verify:live`.
     src/scripts/verify-phs-pd-readtime.ts
        ↳ Reaches src/db/prisma.ts TRANSITIVELY (via controllers/me/portfolio-snapshot-controller.ts, a 131-module closure) — §4 flagged it the moment it was wired into verify:copy, which is how this was found. Runs in `npm run verify:live`.
     src/scripts/brief-mobile-height.ts
        ↳ Not a gate at all. Its :28 'a gate that fails the build because a padding changed would…' is HYPOTHETICAL prose arguing AGAINST making it one. Kept in the scan rather than pattern-excluded, because narrowing the predicate to spare one file is how a scan starts going blind.
  ✅ the claim predicate FIRES on the comment that started this (score-input-columns.ts) — "fails the build"
  ✅ …and on a claim made ABOUT a script from another module (the shape a self-scan cannot see) — src/ingestions/amfi/mf-analytics.ts:1133 "fails the build" · src/scripts/verify-build-gate-hygiene.ts:175 "fails the build"+"BUILD GATE"
  ✅ …and does NOT fire on prose that merely mentions building — mention is not a claim

✅ BUILD-GATE HYGIENE PASSES — the build reads this checkout and nothing else, and every promised gate runs

════════════════════════════════════════════════════════════════════════════════════════════════════
1 · REGISTRY INTEGRITY — no entry ships half-written, no boundary ships empty
════════════════════════════════════════════════════════════════════════════════════════════════════
  registries assembled: stock_finding · lens_face · phs_finding · guardrail_signature
  stock_finding 49 · lens_face 14 · phs_finding 58 · guardrail_signature 11
  ✅ every stock finding has a non-empty name · description · doesntMean — 49 entries
  ✅ every lens face has a non-empty name · description · doesntMean — 14 faces (LP1/LP3/LP4/LP6 resolve the blank library line to the family boundary)
  ✅ every PHS finding has a non-empty doesntMean and ≥1 declared job — 58 entries
  ✅ every guardrail signature has a non-empty name · description · doesntMean — 11 entries
  ✅ every entry's `key` matches the map key it is filed under (no transposition) — self-consistent
  ✅ FAMILY_DOESNT_MEAN is total over A–I + N (no family can render a blank boundary) — 10 families

════════════════════════════════════════════════════════════════════════════════════════════════════
2 · TOTALITY — a pattern without copy is UNREPRESENTABLE, not merely discouraged
════════════════════════════════════════════════════════════════════════════════════════════════════
  The registries are Record<ClosedKeyUnion, Entry>. Adding a key to STOCK_FINDING_KEYS without
  adding its copy does not compile. VERIFIED by adding "foundation_N8_margin_durability"
  to the vocabulary and NOTHING else, then running `npx tsc --noEmit`:

    src/catalogue/stock-findings.ts(194,7): error TS2741: Property
    'foundation_N8_margin_durability' is missing in type '{ ownership_R1_pledge: {…};
    … 32 more …; ownership_N7_pledge_release: StockFindingCopy; }' but required in type
    'Readonly<Record<"ownership_R1_pledge" | … 29 more … |
    "foundation_N8_margin_durability", StockFindingCopy>>'.

  ✅ runtime re-assertion — every key in the vocabulary resolves to an entry — 49/49
  ✅ …and every entry in the map is in the vocabulary (no key smuggled past the union) — no strays

════════════════════════════════════════════════════════════════════════════════════════════════════
3 · LENS MIRROR — the face list still mirrors the pattern library it references
════════════════════════════════════════════════════════════════════════════════════════════════════
  ✅ LENS_FACE_IDS === the library's own ids (a face added to the library cannot go uncatalogued) — LM1 LM2 LM3 LM4 LM5 LM6 LM7 LM8 LP1 LP2 LP3 LP4 LP5 LP6
  ✅ labels + reads are the library's strings, not a copy (identity, not equality) — referenced in place
  ✅ exactly LM3/LM7/LP2/LP5 escalate (the four that ever compose a lens_* key) — LM3,LM7,LP2,LP5
  ✅ composed key → FACE ID resolves for every shape the engine builds (and only those) — lens_lm3_NII→LM3 · lens_lm7_CASA→LM7 · lens_lp2_foundation→LP2 · lens_lp5_momentum→LP5 · lens_lm3_NPyoy→LM3 · ownership_R1_pledge→— · lens_zz9_thing→—
  ✅ …and a composed lens key resolves its BOUNDARY without a registry entry existing for it — boundary by face, never by composed key

════════════════════════════════════════════════════════════════════════════════════════════════════
4 · KEY RECONCILIATION — every emitted key vs every catalogue key, both directions
════════════════════════════════════════════════════════════════════════════════════════════════════
  registered rule files (engine.ts imports): 43
  keys emitted by registered rules:          43
  keys written by the ownership persist path: ownership_R1_pledge
  ⇒ EMITTED total: 43
  CATALOGUE total: 49

  ✅ EVERY EMITTED KEY HAS A CATALOGUE ENTRY (the Stage-6 build gate, asserted early) — all 43
  ✅ every catalogue key with no emitter is EXPLAINED by status, never by a wildcard — divergence_D6_D7_trajectory_collapse [coalesced] · divergence_S1_aligned [never_emitted] · divergence_consolidated [synthesised] · trajectory_B_T2_T3_deterioration_out_of_top_band [coalesced] · trajectory_D_T1_T4_recovery_out_of_low_zone [coalesced] · trajectory_D_T5_T8_foundation_weak_to_strong [coalesced]
  dormant (registered + copy-bearing, not currently firing): ownership_P1_clean_rotation, ownership_P4_dual_exit, ownership_P5_insider_distress
  ✅ every DORMANT key is still emitted by a registered rule (dormant ≠ deregistered) — all still registered
  ✅ every dormant key carries full copy (historical rows still render — this is the point of dormant) — copy mandatory regardless of status

  UNREGISTERED rule files on disk: b-deterioration, c-over-time, c1-divergence, c2-ownership-divergence, c3-floor-trajectory-split, d-recovery, g-convergence, i-band-transition, p2-distribution-retail, p3-promoter-stress
  their keys (must NOT be catalogued): divergence_C1_price_ahead, divergence_C2_ownership_vs_fundamentals, divergence_C3_floor_trajectory_split, divergence_C_over_time_widening, ownership_P2_distribution_retail, ownership_P3_promoter_stress, trajectory_B_deterioration, trajectory_D_recovery, trajectory_G_convergence, trajectory_I_band_transition
  ✅ RETIRED keys (P2 → R6, P3 → R1) are ABSENT from the catalogue — copy for a key that cannot fire is a lie — absent, as designed

════════════════════════════════════════════════════════════════════════════════════════════════════
5 · NO CALIBRATION LEAK — the catalogue carries vocabulary, never mechanism values
════════════════════════════════════════════════════════════════════════════════════════════════════
  ✅ ZERO metric-bar / pillar-weight / nativeZone / peer-formula values in any served string — 319 strings scanned · 9 leak patterns
  ✅ NEGATIVE CONTROL — the scan CATCHES 'nativeZone strong bound is 68 … pillar weight is 25%' — nativeZone bound,pillar weight

════════════════════════════════════════════════════════════════════════════════════════════════════
6 · §5C CONSOLIDATION — the ported rule, behaving as the frontend's does
════════════════════════════════════════════════════════════════════════════════════════════════════
  ✅ four fired sub-types consolidate to ONE row — divergence_consolidated
  ✅ …showing at most TWO sub-type sentences — 2 shown of 2 fired
  ✅ …led by the WIDEST (high before medium) — divergence_D2_price_ahead_trajectory
  ✅ …ordered into slot 3 when any sub-type is wide — rank 3
  ✅ …titled "Divergence — two gaps at once" when two are shown — Divergence — two gaps at once
  ✅ a single notable sub-type → slot 5, titled plain "Divergence" — rank 5 · "Divergence"
  ✅ no divergence fired → null (the caller leaves the set untouched) — null
  ✅ THE CONTRADICTION IS CLOSED — a census of 4 C keys + 2 others reads as 3 rows, on both sides — 3 rows
  ✅ the consolidated row's own copy resolves (it is a catalogue member, not a special case) — "Divergence"

════════════════════════════════════════════════════════════════════════════════════════════════════
7 · ⚠ THE THRESHOLD RULE — two-sided, because the data is opposite on the two sides
════════════════════════════════════════════════════════════════════════════════════════════════════
  ✅ GUARDRAIL — zero threshold constants across every string (description AND doesntMean) — 44 strings · 8 patterns · not one digit
  ✅ …not a single digit anywhere in the guardrail registry, the strongest form of the rule — confirmed digit-free
  ✅ NEGATIVE CONTROL — the scan catches all five raw header sentences it protects against — 5/5 caught
  ✅ FINDINGS — all nine public trigger bars are still named (never 'harmonised' down to the guardrail rule) — 8/8 intact

════════════════════════════════════════════════════════════════════════════════════════════════════
8 · ⚠ GUARDRAIL COPY DESCRIBES THE SYSTEM WE ACTUALLY RUN (0a · 0b · 0c · 0d)
════════════════════════════════════════════════════════════════════════════════════════════════════
  ✅ 0a · NO description asserts a consequence (shape only — the consequence is generated) — 11 descriptions · 12 claim patterns
  ✅ NEGATIVE CONTROL — the scan catches the withdrawn draft's own clause — both caught
  ✅ 0b · guardrail-signatures.ts authors NO consequence string of its own — every one comes from CONSEQUENCE_BY_BEHAVIOUR
  ✅ 0b · every entry's consequence EQUALS the sentence its live behaviour maps to — derived at read time from the enforced contract
  ✅ 0b · the map is TOTAL over GuardrailBehaviour — a fifth behaviour without a sentence will not compile — 4 behaviours
     suppress  × 0 — (none today)
               ↳ "When this is detected, the figures it affects are set aside for the period and the health score is assembled without them. The raw numbers stay visible, marked as excluded."
     annotate  × 6 A-2 A-3 B-1 B-2 B-3 B-4
               ↳ "Detecting this does not change the health score. It is recorded so the reading can be explained, and every figure is scored exactly as it would have been."
     detect    × 2 B-5 C-1
               ↳ "Detecting this does not change the health score. It is recorded together with the change it would propose, and that change is put to a person rather than applied — nothing here reaches the score on its own."
     disabled  × 3 A-1 A-4 C-2
               ↳ "This check is not running. It is described here because it is built and specified, but nothing is being detected and nothing is being recorded."
  ✅ 0c · guardrail-signatures.ts authors NO status of its own — derived from isEvaluable
  ✅ 0c · every entry's status matches isEvaluable (disabled ⇒ not_running) — in step with the contract
  ✅ 0c · exactly A-1, A-4, C-2 are marked not_running (the three `disabled` signatures) — A-1, A-4, C-2
  ✅ 0d · NO "≠" in any guardrail string (it renders literally — there is no label to carry it) — prose throughout
  ✅ 0d · every guardrail doesn't-mean is a full sentence (starts uppercase, ends with a stop) — 11 sentences

════════════════════════════════════════════════════════════════════════════════════════════════════
9 · ⚠ THE BUILD GATE — EVERY REGISTRY, and what each one can and cannot prove
════════════════════════════════════════════════════════════════════════════════════════════════════
  stock_finding    ⇄  BOTH DIRECTIONS, from source
                      emitted → entry : engine.ts's imports → each rule's `key:` literal + the
                                        ownership persist path's `flagKey:`. 34 keys.
                      entry → emitted : every catalogue key must be emitted, EXCEPT a
                                        documented status (synthesised / never_emitted).
  ✅ stock_finding · the bidirectional gate holds — 43 emitted ⇄ 49 catalogued

  lens_face        ⇄  MIRROR ONLY — and this is the ceiling, not a shortcut
                      CAN prove   : the 14 ids mirror the library; all 4 escalating ids resolve.
                      CANNOT prove: which composed keys exist. `lens_lm3_<metricKey>` is one key
                                    per metric that has ever fired — unbounded, and no static
                                    list can enumerate it. Copy is keyed on the FACE for exactly
                                    this reason, which is what makes the mirror sufficient.
  ✅ lens_face · every escalating id resolves a face, so every composable key resolves copy — 4/4 escalating · 14/14 mirrored (§3)

  guardrail_signature ⇄ TOTALITY ONLY
                      CAN prove   : total over SignatureKey — the SAME union GUARDRAIL_BEHAVIOUR
                                    is total over, so a 12th signature is a compile error twice.
                      CANNOT prove: that a signature ever fires. Nothing suppresses today and
                                    three are `disabled`, so there is no persisted trace at all.
                                    That is a fact about the layer, not a hole in the gate.
  ✅ guardrail_signature · total over the live SignatureKey union — 11/11

  phs_finding      ⇄  DERIVED — drift is impossible by construction
                      CAN prove   : the registry is Object.entries() over copy.ts, so an id
                                    added there appears here on the next build and one removed
                                    disappears. There is no second list to fall behind.
                      CANNOT prove: emitter coverage — that is verify-phs-copy.ts's job and it
                                    already does it (emitted set parsed from patterns.ts).
                                    Duplicating it here would be two gates for one rule.
  ✅ phs_finding · derived from copy.ts, no independent key list exists to drift — 58 ids, derived

✅ CATALOGUE GATES PASS — one home, four registries, every key reconciled

════════════════════════════════════════════════════════════════════════════════════════════════════
1 · COVERAGE — which catalogue keys have an authored File-1 renderer, and which do not
════════════════════════════════════════════════════════════════════════════════════════════════════
  authored renderers: 47 of 49 catalogue keys
  no renderer:        divergence_consolidated, divergence_S1_aligned
  ✅ every key WITHOUT a renderer is explained (the synthesised consolidation row, which composes its sub-types' sentences; and never_emitted keys, which have no evidence to bind a dynamic verdict to) — divergence_consolidated [synthesised] · divergence_S1_aligned [never_emitted]
  ✅ no renderer exists for a key the catalogue does not carry (no dead verdict copy) — 47 renderers, all catalogued

════════════════════════════════════════════════════════════════════════════════════════════════════
2–3 · EVERY FIXTURE RENDERS · every branch exercised BOTH ways
════════════════════════════════════════════════════════════════════════════════════════════════════
  ✅ renderVerdict NEVER returns an empty string — 71 fixtures
  ✅ every fixture rendered the EXPECTED branch — 71 branch assertions
  ✅ every fixture OMITTED what it must not say (the relaxed-tier claim rule) — 6 omission assertions

════════════════════════════════════════════════════════════════════════════════════════════════════
4 · PRECEDENCE — the authored renderer wins; the engine's own sentence is the FALLBACK
════════════════════════════════════════════════════════════════════════════════════════════════════
  ✅ an authored renderer BEATS both evidence.verdict and evidence.verbatim — "A business that was already sound is getting sounder. Uncommon, and in the few cases of this we have, it has held."
  ✅ with NO authored renderer, evidence.verbatim wins over evidence.verdict — "ENGINE VERBATIM"
  ✅ …and evidence.verdict when there is no verbatim — "ENGINE VERDICT"
  ✅ with nothing at all, the generic last resort — family-aware (A reads as an override, others as conditional) — A: "R9 unknown — an override condition that takes pr…"
  ✅ a renderer that THROWS falls through to the engine sentence / generic — never breaks the row — "Atypical Composition — a conditional signal; review the …"

════════════════════════════════════════════════════════════════════════════════════════════════════
5 · §8.3 GUARD — a Family-N verdict with missing evidence renders the DESCRIPTION
════════════════════════════════════════════════════════════════════════════════════════════════════
  ✅ all seven N verdicts fall back to their static description when evidence is absent — 7/7
  ✅ …and not one of them interpolated a missing value — no holes

════════════════════════════════════════════════════════════════════════════════════════════════════
6 · NO INTERPOLATION HOLES — no rendered sentence leaks undefined / null / NaN
════════════════════════════════════════════════════════════════════════════════════════════════════
  ✅ zero interpolation holes across every fixture — 71 sentences
  ✅ NEGATIVE CONTROL — an UNGUARDED template leaks 'undefined' (this is what §8.3 prevents) — "for undefined straight years"

════════════════════════════════════════════════════════════════════════════════════════════════════
7 · ONE HOME — the renderers are not duplicated anywhere backend-side
════════════════════════════════════════════════════════════════════════════════════════════════════
  ✅ health-view.service imports renderVerdict rather than authoring sentences — imported
  ✅ watchlist-enrich reuses the CANONICAL row type + the same renderer (was a structural clone) — converged
  ✅ PILLAR_LABEL covers all four pillars (the renderers' only display map) — Foundation · Momentum · Market · Ownership

════════════════════════════════════════════════════════════════════════════════════════════════════
8 · THE RENDERED SENTENCES
════════════════════════════════════════════════════════════════════════════════════════════════════
  ownership_R1_pledge (level only)
      Promoter pledged holding is at 62.4% of promoter stake — a financing-stress signal that overrides the composite.
  ownership_R1_pledge (sharp quarterly rise)
      Pledged holding rose 14.2pp this quarter to 62.4% of promoter stake — a financing-stress signal that overrides the composite.
  ownership_R2_promoter_exit
      Promoter exit — promoter holding fell 7.31pp into FY26Q1 (past the 5pp line), a genuine sell-down — not a QIP/rights dilution.
  foundation_R3_earnings_quality
      Earnings quality breakdown — net profit has exceeded operating cash flow for 5 straight years (FY21–FY25).
  foundation_R4_debt_explosion
      Debt explosion — debt-to-equity reached 3.42× in FY25, crossing 3× for the first time in 5 years.
  foundation_R5_interest_coverage
      Interest coverage collapse — TTM interest coverage held below 1.5× for 3 straight quarters (latest 1.12×).
  ownership_R6_distribution
      Distribution pattern — promoter -6.30pp and FII -2.10pp both cut while retail absorbed +8.40pp, same quarter (FY26Q1).
  ownership_P1_clean_rotation
      Clean institutional rotation — DII added (+2.40pp) as FII trimmed (-2.20pp) with the promoter steady, into FY26Q1.
  ownership_P4_dual_exit
      Dual institutional exit — FII (-1.80pp) and DII (-1.20pp) both cut in the same quarter (FY26Q1).
  ownership_P5_insider_distress
      Insider-confirmed distress — 3 insiders sold a net ₹47 Cr on an already-weak name (composite 41).
  ownership_P5_insider_distress (single seller — singular)
      Insider-confirmed distress — 1 insider sold a net ₹12 Cr on an already-weak name (composite 44).
  ownership_P6_insider_conviction
      Insider conviction — 2 directors/KMP bought a net ₹18 Cr over the last quarter.
  foundation_P7_accruals (positive OCF)
      Accruals divergence — operating cash backed only 55% of FY25 net profit (₹339 Cr of profit not converted to cash).
  foundation_P7_accruals (NEGATIVE OCF branch)
      Accruals divergence — operating cash flow was negative (−₹104 Cr) against ₹759 Cr net profit in FY25: earnings entirely unbacked by operating cash.
  foundation_P8_receivables (revenue grew)
      Capital tied in receivables — receivables grew 29.6% in FY26 while revenue grew 4.2% (a 25.4pp gap).
  foundation_P8_receivables (revenue FELL branch)
      Capital tied in receivables — receivables grew 29.6% in FY26 while revenue fell 8.5% (a 38.1pp gap).
  ownership_P10_promoter_defense
      Promoter defense buying — the promoter bought a net ₹64 Cr (3 trades) into price weakness (Market 31).
  ownership_P10_promoter_defense (single trade — singular)
      Promoter defense buying — the promoter bought a net ₹12 Cr (1 trade) into price weakness (Market 28).
  momentum_P11_margin_compression
      Operating margin has been compressing for 3 quarters: 30.8 → 29.1 → 28.0.
  momentum_P12_margin_recovery
      Operating margin recovering from trough: 11.2 → 12.9 → 14.4.
  momentum_P13_revenue_inflection (accelerating)
      Revenue growth accelerated from 6.2% to 11.9%.
  momentum_P13_revenue_inflection (decelerating)
      Revenue growth decelerated from 14.0% to 8.1%.
  ★ divergence_D1 BUILDING (Market below 68) ⇒ shape named, NO claim
      The price is running ahead of what the balance sheet shows, though modestly so far. One reading sits in the middle band.
  ★ divergence_D1 BUILDING ⇒ names BOTH leg distances (the mixed case)
      The price is running ahead of what the balance sheet shows, though modestly so far.
  ★ divergence_D1 BUILDING · material ⇒ 'modestly', and NO threshold named
      The price is running ahead of what the balance sheet shows, though modestly so far. One reading sits in the middle band.
  ★ divergence_D1 BUILDING · stretched ⇒ 'moderately'
      The price is running ahead of what the balance sheet shows, and by a moderate margin.
  ★ divergence_D2 BUILDING · extreme ⇒ 'sharply' (the third register word)
      The Market pillar is moving well ahead of the trajectory.
  divergence_D1_price_ahead_quality (inheritance stated)
      The price is running well ahead of what the balance sheet supports. Gaps like this close one of two ways: the business grows into the price, or the Market pillar comes back toward Foundation. More often than not it has been the Market pillar that moved.
  divergence_D2_price_ahead_trajectory (inheritance stated)
      The Market pillar is running ahead of the trajectory — an improvement is being priced that the results have not delivered. This can close quickly in either direction; a single set of results is enough to settle it. In most cases of this, it has been the Market pillar that moved.
  divergence_D3 (strong ⇒ the evidenced claim IS spoken)
      Institutional ownership is rising while Foundation still reads as weak. Someone is adding to a position against what the published numbers show. In most cases of this, the Market pillar has strengthened in the readings that followed.
  divergence_D3 (NOT strong ⇒ the evidenced claim is WITHHELD)
      Institutional ownership is rising while Foundation still reads as weak. Someone is adding to a position against what the published numbers show.
  divergence_D4 (strong ⇒ evidenced + the n=11 caveat)
      Institutional ownership has fallen while Foundation still reads as sound. This may be profit-taking, a mandate change, or a view forming ahead of the accounts — the model cannot tell which. In the few cases of this we have, Foundation has tended to weaken in the readings that followed.
  divergence_D4 (NOT strong ⇒ withheld)
      Institutional ownership has fallen while Foundation still reads as sound. This may be profit-taking, a mandate change, or a view forming ahead of the accounts — the model cannot tell which.
  divergence_D5_laggard_catching_up (mirror + n=5 caveat both present)
      Foundation was already strong and the trajectory is now turning up toward it. The weaker pillar is moving toward the stronger one rather than away — the direction of travel is what separates this from the same rise on a deteriorating base. One reading sits in the middle band. We have only a handful of cases; this has tended to be the more constructive version.
  divergence_D6_quality_rolling_over (crossing named)
      Foundation is strong but Momentum has slowed and is now turning the other way. The business is not weak — it is no longer following its own stronger trend. Whether that is a seasonal dip, a one-off, or the start of something the model cannot distinguish.
  divergence_D7_trajectory_breaking_base_holds (the base does NOT cushion it)
      The balance sheet is still sound but the operating trajectory has broken into weak territory. In the few cases of this we have, the intact base did not cushion it — the reading was more negative than the trajectory break alone.
  divergence_S2_sticky_divergence (sustain count + no return claim)
      These readings have disagreed across more than one period and are not converging. One reading sits in the middle band. They have sat at this distance for 3 consecutive readings without converging. At this distance neither pillar reliably closes toward the other at the next reading. The tension is real; when it resolves is not something the model can tell you.
  T3 · HOT ⇒ the directional read IS spoken
      The overall reading has slipped out of the top band while the sector is running hot. In the few cases of this we have, a fully-priced business losing the thing that justified the price was the least forgiving combination.
  ★ T3 · NORMAL ⇒ crossing SHOWN, direction WITHHELD (§1.4 line 87)
      The overall reading has slipped out of the top band. Markets are calm, so this reading now rests on what future results deliver rather than on anything the crossing itself carries.
  ★ T3 · regime UNKNOWN ⇒ says so, never the no-read line
      The overall reading has slipped out of the top band. The market phase could not be established for this sector, and this reading depends on it.
  T6 · NORMAL ⇒ the directional read IS spoken
      The operating trajectory has broken into weak territory. The balance sheet may still be intact, but the direction of the business has changed. This reads most clearly in calm markets; in a hot sector it has tended to be masked.
  ★ T6 · HOT ⇒ masked, crossing shown without a direction
      The operating trajectory has broken into weak territory. The balance sheet may still be intact, but the direction of the business has changed. This reads most clearly in calm markets; in a hot sector it has tended to be masked.
  ★ T2 · Tier 2 — the phase is ALWAYS displayed (NORMAL)
      A business that was sound is measurably weakening. In most cases of this, the Market pillar followed. Market phase at the time of this reading: NORMAL.
  ★ T2 · HOT appends the spec's postponement sentence
      A business that was sound is measurably weakening. In most cases of this, the Market pillar followed. Market phase at the time of this reading: HOT. The sector is in a strong run, which has historically postponed this kind of deterioration showing up in the Market pillar rather than cancelling it.
  T1 · Tier 3 — HOT adds the magnitude caveat
      A struggling business is turning, driven by the underlying pillars rather than the Market pillar alone. In most cases of this, the Market pillar had already begun moving by the time this showed. The sector is running hot, which flatters the size of moves like this one.
  T4 · the unpreserved-n caveat rides in the sentence
      The overall reading has crossed into steady. A recovery that has held long enough to cross a band.
  T5 · small gains carried the drift (R1 on the card)
      The latest results moved the balance-sheet reading out of weak territory. Of the single-pillar improvements, this one has held up most consistently.
  ★ T7 · a LARGE Momentum rise says the price already ran (R3)
      The turn is happening while the business still reads as weak — the earliest point at which a recovery becomes visible in the numbers. On a move this size the Market pillar has usually already moved before the reading catches up.
  T7 · a small rise omits the R3 clause
      The turn is happening while the business still reads as weak — the earliest point at which a recovery becomes visible in the numbers.
  T8 · already strong, still strengthening
      A business that was already sound is getting sounder. Uncommon, and in the few cases of this we have, it has held.
  ★ T9 · quotes the HIT-RATE, never the misleading +0.6% mean
      A business that was already weak is continuing to erode. Not a break — a slow one. More often than not, Foundation deterioration of this kind has shown up in the Market pillar in the readings that followed.
  composition_F1_atypical
      A 66 that isn't a typical below-par — Foundation runs 15pp above its band-typical (masking) while Market sits 29pp below.
  trajectory_F2_composition_shift (leader changed)
      Mix shifted while the score held (75→77) — lead passed from Foundation to Ownership.
  trajectory_F2_composition_shift (leader held)
      Mix shifted while the score held (75→77).
  ownership_H_block_events (net buying)
      Ownership event — 2 block/bulk deals (₹312 Cr, net buying) this window.
  ownership_H_block_events (single deal, net selling)
      Ownership event — 1 block/bulk deal (₹88 Cr, net selling) this window.
  ownership_H_block_events (two-sided)
      Ownership event — 4 block/bulk deals (₹640 Cr, two-sided) this window.
  foundation_N1_cash_backed_earnings
      Reported profit has converted to cash for 6 straight years.
  foundation_N1 (⚠ evidence key ABSENT → falls back to the DESCRIPTION, never 'undefined')
      Operating cash flow has covered reported profit across consecutive years — earnings converting to cash rather than accumulating as accruals.
  foundation_N2_working_capital
      Receivables have grown slower than revenue for 4 years.
  foundation_N3_deleveraging
      Debt relative to equity has fallen for 3 straight years, from 1.8× to 0.6×.
  foundation_N3 (partial evidence → description, not a half-sentence)
      Borrowings relative to net worth have fallen across consecutive years — a decline wide enough to reflect repayment or equity accumulation rather than measurement drift.
  foundation_N4_coverage_strengthening
      Interest coverage has strengthened for 4 straight quarters, from a thin 1.2×.
  ownership_N5_dual_institutional_build
      Both foreign and domestic institutions added in the same quarter — FII 1.4pp, DII 0.9pp.
  ownership_N6_promoter_accumulation
      Promoters have increased their holding for 3 straight quarters — up 2.7pp.
  ownership_N7_pledge_release
      Pledged promoter shares have fallen from 41% to 12.5% of their holding.
  ★ precedence · an authored renderer BEATS the engine's own evidence.verdict
      A business that was already sound is getting sounder. Uncommon, and in the few cases of this we have, it has held.
  ★ fallback 2 · no authored renderer → the engine's evidence.verbatim
      NII: below its absolute bar but above the peer field — the peer group is weak on this metric.
  ★ fallback 2 · no authored renderer → the engine's evidence.verdict
      foundation: a majority of metrics are declining against their own history.
  ★ fallback 3 · nothing at all, family A → the generic override sentence
      R9 unknown flag — an override condition that takes precedence over the composite score.
  ★ fallback 3 · nothing at all, non-A → the generic conditional sentence
      P99 unknown — a conditional signal; review the evidence below.

✅ VERDICT GATES PASS — 71 fixtures, every branch, precedence preserved

════════════════════════════════════════════════════════════════════════════════════════════════════
1 · THE MODULE IS WIRED — scanForwardLanguage / FORWARD_LANGUAGE_BANS have a consumer
════════════════════════════════════════════════════════════════════════════════════════════════════
  ✅ FORWARD_LANGUAGE_BANS is non-empty and reachable from a gate (it was exported and imported by nothing) — the R2/R3 lint runs here
  ✅ every trajectory key declares a severity (the R1 structural guard's own checklist) — 9 keys

════════════════════════════════════════════════════════════════════════════════════════════════════
2 · R2 / R3 — no clause implies the reader is early, or that Momentum leads the composite
════════════════════════════════════════════════════════════════════════════════════════════════════
  ✅ no R2/R3 violation in any emitted clause, or across a clause seam — clean
  ✅ …and none in the STATIC copy either (description + boundary, which render on evidence-free surfaces) — 22 keys

════════════════════════════════════════════════════════════════════════════════════════════════════
3 · R1 — no clause presents a LARGER move as a STRONGER signal
════════════════════════════════════════════════════════════════════════════════════════════════════
  ✅ no magnitude-scaling claim in any clause or description — clean
  ✅ NEGATIVE CONTROL — a bigger-is-stronger sentence IS caught — caught
  ✅ …and T7's REQUIRED R3 sentence is NOT caught (the bans discriminate) — not a false positive

════════════════════════════════════════════════════════════════════════════════════════════════════
4 · ★ THE CLAIM RULE — a relaxed-tier finding emits NO size clause and NO phase clause
════════════════════════════════════════════════════════════════════════════════════════════════════
  patterns declaring a relaxed register: divergence_D1_price_ahead_quality, divergence_D2_price_ahead_trajectory, divergence_D3_ownership_building_weak_foundation, divergence_D4_ownership_exiting_healthy
  ✅ a BUILDING finding emits neither a claim nor a phase clause (the shape is named; nothing is asserted) — 2 building probes, observation+movement+boundary only
  ✅ POSITIVE CONTROL — the same evidence marked FORMED DOES emit its claim — speaks
  ✅ a RELAXED-tier finding emits neither a claim nor a phase clause (the card describes and stops) — 2 relaxed probes, observation+boundary only
  ✅ …specifically, a HOT stamp on a relaxed finding does NOT produce a regime flourish — suppressed
  ✅ POSITIVE CONTROL — at the EVIDENCED tier the same patterns DO emit their claim (the rule gates, it does not mute) — both speak when strong

════════════════════════════════════════════════════════════════════════════════════════════════════
5 · CLAUSE ORDER + SHAPE — fixed order, no empty clause, boundary never joined into text
════════════════════════════════════════════════════════════════════════════════════════════════════
  ✅ every clause set is in fixed order, non-empty, with the boundary out of the joined text — clean
  ✅ every D/S/T pattern that can fire emits an observation clause — observation is unconditional
  ✅ isPatternKey agrees with PATTERN_KEYS (the gate scans the same closed set the composer does) — 22 keys

✅ TRAJECTORY COPY GATES PASS — R1/R2/R3 enforced, and the claim rule holds

════════════════════════════════════════════════════════════════════════════════════════════════════
0 · ★ THE TRIGGER↔REASON MAPPING, AGAINST THE AUTHORITATIVE TABLE — mechanically, not by eyeball
════════════════════════════════════════════════════════════════════════════════════════════════════
  ✅ the authoritative table has exactly 10 rows, one per id — 10
  ✅ every record's reason matches the authoritative table's row for its id — 10/10 match

════════════════════════════════════════════════════════════════════════════════════════════════════
1 · ★ THE ABSOLUTE RULE — no measured figure, no direction word, in any not-covered copy
════════════════════════════════════════════════════════════════════════════════════════════════════
  ✅ no percentage, sample size, hit rate or effect size in any record's copy — 11 records, clean
  ✅ no direction word (bullish/bearish/positive/negative/…) in any record's copy — 11 records, clean
  ✅ …and none in the assembled wire text either (copy + closing, as a reader receives it) — assembled text clean
  ✅ …and no direction word in the assembled wire text either — assembled text clean
  ✅ NEGATIVE CONTROL — '+16.9% (HOT +24.9%)' IS caught — caught
  ✅ NEGATIVE CONTROL — 'n=365' IS caught — caught
  ✅ NEGATIVE CONTROL — '7/10 fell' IS caught — caught
  ✅ …and the real copy is NOT caught (the figure bans discriminate) — NC6 clean
  ✅ NEGATIVE CONTROL — a planted direction word ('tested bullish overall') IS caught — bullish
  ✅ …and NC6's real copy alone is NOT caught (the word bans discriminate) — NC6 clean

════════════════════════════════════════════════════════════════════════════════════════════════════
2 · ★ SEPARATION — this registry is not the finding catalogue, and its persisted namespace is excluded everywhere
════════════════════════════════════════════════════════════════════════════════════════════════════
  ✅ no not-covered id is a stock-finding key — disjoint
  ✅ no not-covered id is a pattern key (so none can carry PatternFacts) — disjoint
  ✅ every record carries the tested_not_shipped basis, and only that — 11/11
  ✅ every declared id has a record, and the registry holds no others — 11 ids, all resolved
  ✅ notCoveredPatternKey round-trips through isNotCoveredKey for every id — 11/11
  ✅ a real finding key is NOT caught by isNotCoveredKey (the prefix test discriminates) — discriminates
  ✅ dropNotCoveredPatterns removes exactly the notcovered_ rows from a mixed set — 2/4 survive: divergence_S2_sticky_divergence, trajectory_D_T7_momentum_improving_while_weak
  ✅ notCoveredKeysSqlPredicate produces a NOT LIKE fragment on the declared prefix — p.pattern_key NOT LIKE 'notcovered_%'

════════════════════════════════════════════════════════════════════════════════════════════════════
3 · ★ NO SEVERITY FIELD, EVER — NO SIZE OR ORDERING IN COPY. THE 41-POINT TRAP.
════════════════════════════════════════════════════════════════════════════════════════════════════
  ✅ no note carries a severity field — not present, not null — 3 notes: no severity key at all
  ✅ readings carry a subject and a value, and nothing derived from the pair — subject+value only
  ✅ NC1 (two real pillars) carries a pair for chart parity — {"high":{"pillar":"foundation","subtotal":80},"low":{"pillar":"market","subtotal":30},"gap":50}
  ✅ the gap carried in `pair` is never stated in `text` (data, not prose) — 2 two-pillar notes clean
  ✅ single-subject records (NC3–NC10) carry pair: null — no pillar pair to draw — null for all single-subject matches

════════════════════════════════════════════════════════════════════════════════════════════════════
4 · TRIGGERS — a reading that merely SITS past a mark has not crossed it
════════════════════════════════════════════════════════════════════════════════════════════════════
  ✅ a stock whose readings did not move matches NO crossing record — none — sitting past a mark is not crossing it
  ✅ …and neither does a stock with no prior reading (nothing has crossed anything) — none
  ✅ POSITIVE CONTROL — Foundation 61 → 59 DOES match NC5 (crosses down through 60) — NC5

════════════════════════════════════════════════════════════════════════════════════════════════════
5 · ★ THE MATCH ENGINE — notCoveredFor (read) and notCoveredFirings (persist) never disagree
════════════════════════════════════════════════════════════════════════════════════════════════════
  ✅ notCoveredFor and notCoveredFirings report identical id sets for the same readings — read=NC1,NC11,NC2 write=NC1,NC11,NC2
  ✅ notCoveredFirings carries the raw triggering numbers not-covered.service.ts's wire shape omits — triggerDetail present on every firing

════════════════════════════════════════════════════════════════════════════════════════════════════
6 · THE NOTE DESCRIBES THE STOCK, NOT US — no first-person account of our own testing
════════════════════════════════════════════════════════════════════════════════════════════════════
  ✅ no record's copy narrates our own testing — 11 records describe the stock only
  ✅ NEGATIVE CONTROL — a planted 'We tested this configuration twice' IS caught — caught
  ✅ no record's text carries an appended closing line (the two shared closings are deleted) — text === copy, verbatim
  ✅ the registry exposes no closeVariant field on any record — field removed
  ✅ NOT_COVERED_SILENT_LINE is non-empty and carries no measured figure or direction word — Quiet means nothing tested reliable here, not that nothing was looked at.

✅ NOT-COVERED GATES PASS — no measured figure, no direction word, no severity field, registry separate, persisted namespace excluded everywhere

════════════════════════════════════════════════════════════════════════════════════════════════════
1 · FRAGMENT SHAPE — the text each helper emits
════════════════════════════════════════════════════════════════════════════════════════════════════
  ✅ retiredKeysSqlPredicate emits `<column> NOT IN (<quoted list>)` — p.pattern_key NOT IN ('ownership_P2_distribution_retail', 'ownership_P3_promoter_stress', …
  ✅ …listing every live retired key, and only those — 10 keys
  ✅ no retired key can break out of its quoting (identifier charset only) — all [A-Za-z0-9_]
  ✅ notCoveredKeysSqlPredicate emits `<column> NOT LIKE '<prefix>%'` on the declared prefix — p.pattern_key NOT LIKE 'notcovered_%'
  ✅ both helpers honour the column they are given (no hardcoded column) — parameterised on column

════════════════════════════════════════════════════════════════════════════════════════════════════
2 · ★ SPLICE MECHANICS — the defect itself, reproduced against the real Prisma.Sql composer
════════════════════════════════════════════════════════════════════════════════════════════════════
  ✅ ⚠ UNWRAPPED in a tagged template: the predicate is BOUND, not spliced (this is the 22P02 bug) — values=[1], sql="SELECT 1 FROM score_patterns p WHERE ?"
  ✅ ✅ Prisma.raw in a tagged template: the predicate becomes SQL, nothing is bound — values=[0]
  ✅ the composed census keeps user input BOUND while both predicates are SQL — values=[1] (userId only)
  ✅ no placeholder sits where a predicate belongs in the composed statement — y_D_recovery', 'trajectory_I_band_transition') AND p.pattern_key NOT LIKE 'notcovered_%'

════════════════════════════════════════════════════════════════════════════════════════════════════
3 · ★ CALL SITES — every reference in src/, classified and held to the splice rule
════════════════════════════════════════════════════════════════════════════════════════════════════
  ✅ the scanner found call sites at all (a silent zero would pass everything below) — 5 sites
  ✅ scanner self-test: catches a bare helper inside a tagged template — tagged + unwrapped ⇒ flagged
  ✅ scanner self-test: accepts a Prisma.raw-wrapped helper inside a tagged template — tagged + wrapped ⇒ clean
  ✅ scanner self-test: does not mistake a $queryRawUnsafe plain literal for a tagged template — plain literal ⇒ not tagged
  ✅ every helper call inside a tagged $queryRaw/$executeRaw template is wrapped in Prisma.raw — 2 tagged site(s), all wrapped
  ✅ no helper call is Prisma.raw-wrapped outside a tagged template (it would stringify, not splice) — none
     · src/relational/base-rates.ts:151 retiredKeysSqlPredicate() plain string ✅
     · src/relational/base-rates.ts:151 notCoveredKeysSqlPredicate() plain string ✅
     · src/relational/reader-context.ts:327 retiredKeysSqlPredicate() tagged+Prisma.raw ✅
     · src/relational/reader-context.ts:328 notCoveredKeysSqlPredicate() tagged+Prisma.raw ✅
     · src/scripts/verify-not-covered.ts:201 notCoveredKeysSqlPredicate() plain string ✅

════════════════════════════════════════════════════════════════════════════════════════════════════
4 · BOUNDARY ROSTER — the known raw-SQL readers, and nothing else, reach for these helpers
════════════════════════════════════════════════════════════════════════════════════════════════════
  ✅ no unrostered file calls a suppression predicate — 3 rostered file(s)
  ✅ src/relational/base-rates.ts applies BOTH suppressions — boundary 7 of 9 — universe base rates, plain template → $queryRawUnsafe
  ✅ src/relational/base-rates.ts splices them in the PLAIN (bare string) form — 151:plain 151:plain
  ✅ src/relational/reader-context.ts applies BOTH suppressions — boundary 8 of 9 — book-wide echo census, tagged $queryRaw → needs Prisma.raw
  ✅ src/relational/reader-context.ts splices them in the TAGGED (Prisma.raw) form — 327:tagged+raw 328:tagged+raw
  ✅ src/scripts/verify-not-covered.ts still reaches a suppression helper — the not-covered gate — asserts that helper's fragment text only
  ✅ src/scripts/verify-not-covered.ts splices them in the PLAIN (bare string) form — 201:plain

════════════════════════════════════════════════════════════════════════════════════════════════════
SQL PREDICATE SPLICE GATE — all checks passed
════════════════════════════════════════════════════════════════════════════════════════════════════

════════════════════════════════════════════════════════════════════════════════════════════════════
1 · ★ NO PRICE OUTCOME, NO CENTRAL TENDENCY, NO FIGURE, NO ADVISORY — every D/S/T render
════════════════════════════════════════════════════════════════════════════════════════════════════
  ✅ every rendered D/S/T clause and boundary is clean (521 strings across 22 patterns × 8 branches) — clean

════════════════════════════════════════════════════════════════════════════════════════════════════
2 · ★ THE SAME RULES OVER THE NOT-COVERED REGISTRY AND THE SILENT LINE
════════════════════════════════════════════════════════════════════════════════════════════════════
  ✅ all ten not-covered records and the silent line are clean — 11 strings, clean

════════════════════════════════════════════════════════════════════════════════════════════════════
3 · ★ NEGATIVE CONTROLS — each ban bites the sentence it exists to stop
════════════════════════════════════════════════════════════════════════════════════════════════════
  ✅ NEGATIVE CONTROL — a planted 'on average' (rule 2) IS caught — caught
  ✅ NEGATIVE CONTROL — a planted 'worth watching' (rule 4) IS caught — caught
  ✅ NEGATIVE CONTROL — a planted 'worth investigating' (rule 4) IS caught — caught
  ✅ NEGATIVE CONTROL — a planted 'the price fell' (rule 1) IS caught — caught
  ✅ NEGATIVE CONTROL — a planted 'typically returned' (rule 2) IS caught — caught
  ✅ NEGATIVE CONTROL — a planted 'n=79' (rule 3) IS caught — caught
  ✅ NEGATIVE CONTROL — a planted '+5.8%' (rule 3) IS caught — caught
  ✅ NEGATIVE CONTROL — a planted 'you're early' (existing R3 forward-language scan) IS caught — caught
  ✅ …and the shipped copy is NOT caught (the bans discriminate) — both registers clean

════════════════════════════════════════════════════════════════════════════════════════════════════
4 · ★ THE REGISTER-VOCABULARY GATE — robust copy speaks robust, directional speaks directional
════════════════════════════════════════════════════════════════════════════════════════════════════
  ✅ no pattern's copy speaks in a register other than the one its record declares — 22 patterns, every branch
  ✅ a record declaring `described` speaks in NEITHER register — it has no population to speak from — 3 described record(s), no register phrase
     carry no register phrase at all (permitted — the copy makes no strength claim): divergence_S1_aligned, divergence_D6_quality_rolling_over, divergence_S2_sticky_divergence, trajectory_D_T4_recovering_out_of_below_par, trajectory_D_T7_momentum_improving_while_weak, divergence_D6_D7_trajectory_collapse, trajectory_D_T5_T8_foundation_weak_to_strong
  ✅ `described` copy (every Building render + all ten not-covered records) carries NEITHER register — no strength vocabulary where nothing was measured
  ✅ NEGATIVE CONTROL — robust copy carrying the DIRECTIONAL register IS caught — caught "has tended to" against a robust record
  ✅ NEGATIVE CONTROL — directional copy carrying the ROBUST register IS caught — caught "In most cases of this" against a directional record
  ✅ …and each shipped line matches its OWN record's register, not the other — D1 robust-only · D4 directional-only

════════════════════════════════════════════════════════════════════════════════════════════════════
5 · ★ THE CONFIDENCE REGISTER IS DECLARED ON EVERY PATTERN
════════════════════════════════════════════════════════════════════════════════════════════════════
  ✅ every pattern declares a confidence in {robust, directional, described} — 22/22
  ✅ a STATIC `described` record has nothing to speak from — no claim source, or no preserved sample — 3 static: trajectory_D_T4_recovering_out_of_below_par, divergence_D6_D7_trajectory_collapse, trajectory_D_T5_T8_foundation_weak_to_strong
  ✅ …and every coalesced entry with `claimSource: null` declares `described` (the two cannot drift) — consistent
  ✅ every measured pattern's confidence matches the declared boundary (n >= 20 ⇒ robust) — boundary n=20, every measured record consistent
     robust (10) · directional (9) · described (3)

✅ COPY REGISTER GATES PASS — pillars not price, typical case not average, no figures, no advisory

════════════════════════════════════════════════════════════════════════════════════════════════════
1 · ★ EVERY REACHABLE CASE MERGES — the §5 table, from fixtures
════════════════════════════════════════════════════════════════════════════════════════════════════
  ✅ D6 + D7 → Trajectory Collapse (described, no claim) · S2 and D2 untouched — merges into one entry — divergence_D6_D7_trajectory_collapse
  ✅ …and the constituents no longer appear separately — consumed
  ✅ …and every non-constituent survives untouched — 2 untouched
  ✅ T2 + T3 → Deterioration out of the top band (claim resolves on phase) — merges into one entry — trajectory_B_T2_T3_deterioration_out_of_top_band
  ✅ …and the constituents no longer appear separately — consumed
  ✅ …and every non-constituent survives untouched — 0 untouched
  ✅ T1 + T4 → Recovery out of the low zone (T1 speaks; T4 a fact) — merges into one entry — trajectory_D_T1_T4_recovery_out_of_low_zone
  ✅ …and the constituents no longer appear separately — consumed
  ✅ …and every non-constituent survives untouched — 0 untouched
  ✅ T5 + T8 → Foundation weak to strong (described on R1 grounds) — merges into one entry — trajectory_D_T5_T8_foundation_weak_to_strong
  ✅ …and the constituents no longer appear separately — consumed
  ✅ …and every non-constituent survives untouched — 0 untouched

════════════════════════════════════════════════════════════════════════════════════════════════════
2 · ★ CONSOLIDATE, NEVER SUPPRESS — every constituent named, every mark carried
════════════════════════════════════════════════════════════════════════════════════════════════════
  ✅ D6 + D7 → Trajectory Collapse (described, no claim) · S2 and D2 untouched — every constituent is named as a fact inside the entry — divergence_D6_quality_rolling_over, divergence_D7_trajectory_breaking_base_holds
  ✅ …and each keeps its own evidence payload — evidence retained per constituent
  ✅ …and every mark the one move passed is carried — [54,75] (expected [54,75])
  ✅ …and `coalescedFrom` records what fired — ["divergence_D6_quality_rolling_over","divergence_D7_trajectory_breaking_base_holds"]
  ✅ T2 + T3 → Deterioration out of the top band (claim resolves on phase) — every constituent is named as a fact inside the entry — trajectory_B_T2_deterioration_high_base, trajectory_B_T3_falling_out_of_pristine
  ✅ …and each keeps its own evidence payload — evidence retained per constituent
  ✅ …and every mark the one move passed is carried — [74] (expected [74])
  ✅ …and `coalescedFrom` records what fired — ["trajectory_B_T2_deterioration_high_base","trajectory_B_T3_falling_out_of_pristine"]
  ✅ T1 + T4 → Recovery out of the low zone (T1 speaks; T4 a fact) — every constituent is named as a fact inside the entry — trajectory_D_T1_recovery_low_zone, trajectory_D_T4_recovering_out_of_below_par
  ✅ …and each keeps its own evidence payload — evidence retained per constituent
  ✅ …and every mark the one move passed is carried — [62] (expected [62])
  ✅ …and `coalescedFrom` records what fired — ["trajectory_D_T1_recovery_low_zone","trajectory_D_T4_recovering_out_of_below_par"]
  ✅ T5 + T8 → Foundation weak to strong (described on R1 grounds) — every constituent is named as a fact inside the entry — trajectory_D_T5_foundation_out_of_weak, trajectory_D_T8_foundation_strong_improving
  ✅ …and each keeps its own evidence payload — evidence retained per constituent
  ✅ …and every mark the one move passed is carried — [60,72] (expected [60,72])
  ✅ …and `coalescedFrom` records what fired — ["trajectory_D_T5_foundation_out_of_weak","trajectory_D_T8_foundation_strong_improving"]

════════════════════════════════════════════════════════════════════════════════════════════════════
3 · ★ AT MOST ONE CLAIM — claim_source, and the silence that must follow a null one
════════════════════════════════════════════════════════════════════════════════════════════════════
  ✅ D6 + D7 → Trajectory Collapse (described, no claim) · S2 and D2 untouched — claim_source is as ruled — null (expected null)
  ✅ …and evidenceBasis is as ruled — described (expected described)
  ✅ T2 + T3 → Deterioration out of the top band (claim resolves on phase) — claim_source is as ruled — trajectory_B_T3_falling_out_of_pristine (expected trajectory_B_T3_falling_out_of_pristine)
  ✅ …and evidenceBasis is as ruled — inherited (expected inherited)
  ✅ T1 + T4 → Recovery out of the low zone (T1 speaks; T4 a fact) — claim_source is as ruled — trajectory_D_T1_recovery_low_zone (expected trajectory_D_T1_recovery_low_zone)
  ✅ …and evidenceBasis is as ruled — inherited (expected inherited)
  ✅ T5 + T8 → Foundation weak to strong (described on R1 grounds) — claim_source is as ruled — null (expected null)
  ✅ …and evidenceBasis is as ruled — described (expected described)
  ✅ a `described` coalesced entry emits NO claim clause in any phase — 2 described entries, silent in all four branches
  ✅ …and an entry declaring a claim source can speak in at least one phase — every claiming entry has a phase it speaks in
  ✅ T2+T3 names exactly one speaker in every phase (complementary regime maps) — HOT→T3_falling_out_of_pristine · NORMAL→T2_deterioration_high_base · STRESSED→T2_deterioration_high_base
  ✅ …and it is T3 in HOT, T2 otherwise — never one in the other's phase — T3 in HOT · T2 in NORMAL/STRESSED
  ✅ …and an unknown phase licenses no speaker at all — null phase ⇒ null speaker

════════════════════════════════════════════════════════════════════════════════════════════════════
4 · ★ NEGATIVE CONTROLS — a merge rule with none is indistinguishable from merging everything
════════════════════════════════════════════════════════════════════════════════════════════════════
  ✅ D6 alone does not become the coalesced entry — divergence_D6_quality_rolling_over
  ✅ D7 alone does not become the coalesced entry — divergence_D7_trajectory_breaking_base_holds
  ✅ D6 with an unrelated pattern (D2) does not coalesce — divergence_D6_quality_rolling_over, divergence_D2_price_ahead_trajectory
  ✅ T2 alone does not coalesce — trajectory_B_T2_deterioration_high_base
  ✅ S2 alone is never consumed — divergence_S2_sticky_divergence

════════════════════════════════════════════════════════════════════════════════════════════════════
5 · ★ THE UNREACHABLE SET STAYS UNREACHABLE — checked against the rules' own thresholds
════════════════════════════════════════════════════════════════════════════════════════════════════
  ✅ D5 cannot co-fire with D6/D7 — its movement floor requires a RISE, the crossings require a FALL — D5 movementFloor=+5
  ✅ D3 and D4 are mutually exclusive by their Foundation legs — D3 foundation <60 · D4 foundation >=72
  ✅ Market↔Foundation and Market↔Momentum each carry exactly one pattern (no combination possible) — foundation+market=1 · market+momentum=1

════════════════════════════════════════════════════════════════════════════════════════════════════
6 · ★ claimantOf IS THE GENERAL RULE — a single pattern is the case where the speaker is itself
════════════════════════════════════════════════════════════════════════════════════════════════════
  ✅ a single measured pattern is its own claimant — D1 → D1
  ✅ a single `described` pattern has no claimant (T4 — sample never preserved) — T4 → null
  ✅ a coalesced entry defers to its claim source — T2+T3 in HOT → T3

✅ COALESCING GATES PASS — one move one entry, every constituent named, at most one claim
◇ injected env (24) from .env // tip: ◈ encrypted .env [www.dotenvx.com]

════════════════════════════════════════════════════════════════════════════════════════════════════
1 · ROUTING — every path resolves, and /names is not swallowed by /:registry
════════════════════════════════════════════════════════════════════════════════════════════════════
  ✅ GET /api/v1/catalogue → 200 — 200
  ✅ …in the v1 envelope { success, data } — envelope
  ✅ …with NO auth header sent (public read) — no Authorization on any request in this run
  ✅ GET /catalogue/names → 200 and a name map (route order: static before param) — 200 · 49 names
  ✅ GET /catalogue/stock_finding → 200 — 200 · 49 entries
  ✅ GET /catalogue/lens_face → 200 — 200 · 14 entries
  ✅ GET /catalogue/phs_finding → 200 — 200 · 58 entries
  ✅ GET /catalogue/guardrail_signature → 200 — 200 · 11 entries
  ✅ an unknown registry → 404 that NAMES the real ones (never a silent empty document) — 404: Unknown registry "not_a_registry". Served registries: stock_finding, lens_face, phs_finding, guardrail_signature.

════════════════════════════════════════════════════════════════════════════════════════════════════
2 · COMPLETENESS — the LIVE key set equals the catalogue's, registry by registry
════════════════════════════════════════════════════════════════════════════════════════════════════
  ✅ stock_finding: 49/49 keys served — exact
  ✅ lens_face: 14/14 keys served — exact
  ✅ phs_finding: 58/58 keys served — exact
  ✅ guardrail_signature: 11/11 keys served — exact
  ✅ the boundary maps ship (a consumer can resolve a composed lens key and an unknown key) — family 10 · lens 4
  ✅ …and on the stock_finding SEGMENT too (a segmented consumer is not left without them) — present
  ✅ every SERVED stock finding carries name + description + doesntMean + family + concern + status — 49 entries
  ✅ every SERVED guardrail signature carries the generated consequence + status (0b · 0c reach the wire) — 11 entries

════════════════════════════════════════════════════════════════════════════════════════════════════
3 · CACHE-CONTROL + ETAG — public and shared, because nothing here is per-reader
════════════════════════════════════════════════════════════════════════════════════════════════════
  ✅ Cache-Control is public, max-age=3600, stale-while-revalidate=86400 — public, max-age=3600, stale-while-revalidate=86400
  ✅ …`public`, NOT relational's `private, no-store` — opposite need, opposite header — shared-cacheable
  ✅ a strong ETag is set — "057d3191171ec25a"
  ✅ a conditional GET returns 304 with no body (revalidation costs a round trip, not the payload) — 304 · 0 bytes
  ✅ …and a STALE ETag returns the full 200 (never a false 304) — 200
  ✅ every segment carries the SAME version (a segmented consumer can detect a split-deploy mix) — 057d3191171ec25a

════════════════════════════════════════════════════════════════════════════════════════════════════
4 · ⚠ SECURITY — scanned over the SERIALISED RESPONSE BODY, not the source modules
════════════════════════════════════════════════════════════════════════════════════════════════════
  scanning 722 prose string values from the live response body (269 identity fields excluded — see note)
  ✅ no metric bar / pillar weight / nativeZone bound / peer formula in any served string — 8 patterns
  ✅ GUARDRAIL: not one digit in any served guardrail string (Stage 2's rule, on the wire) — 66 strings, digit-free
  ✅ no INTERNAL IDENTIFIER inside any served prose string — 6 patterns · keys deliberately out of scope
  ✅ NEGATIVE CONTROL — the identifier scan catches 'suppress F1 ROCE and M2 per §2B (outcome O2)' — 3 of 6 patterns fired
  ✅ nothing user-scoped in the body — no user fields, no addresses
  ✅ …and the route takes no identifying input (two requests, byte-identical bodies) — deterministic per deploy

════════════════════════════════════════════════════════════════════════════════════════════════════
5 · NO VERDICTS ON THIS DOCUMENT — they ride the finding rows (Stage 3)
════════════════════════════════════════════════════════════════════════════════════════════════════
  ✅ no `verdict` field anywhere in the served body — static copy only
  ✅ no un-interpolated template placeholder in any served string — no holes
  ✅ …and the 47 verdict renderers stay server-side (functions cannot serialise) — not on the wire

════════════════════════════════════════════════════════════════════════════════════════════════════
6 · SIZE — the report, and a budget that fails on unexplained growth
════════════════════════════════════════════════════════════════════════════════════════════════════
     FULL document                  67533 bytes    66.0 KB
       stock_finding                29867 bytes    29.2 KB (44% of full)
       lens_face                     6733 bytes     6.6 KB (10% of full)
       phs_finding                  19044 bytes    18.6 KB (28% of full)
       guardrail_signature          10388 bytes    10.1 KB (15% of full)
       /names (alert picker)         3176 bytes     3.1 KB (5% of full)
  ✅ the full document is under the 117.2 KB budget — 66.0 KB
  ✅ the alert picker's projection is a small fraction of the full document — 3.1 KB vs 66.0 KB — 21× smaller

  document version (ETag): 057d3191171ec25a

✅ ENDPOINT GATES PASS — complete key set, cacheable, nothing leaked, no verdicts

════════════════════════════════════════════════════════════════════════════════════════════════════
1 · SOURCE — neither model-facing surface reads `evidence.name` any more
════════════════════════════════════════════════════════════════════════════════════════════════════
  ✅ ai/grounding.ts resolves names through the CATALOGUE — imported
  ✅ ai/grounding.ts no longer reads a `name` field off evidence — evidence.name is gone
  ✅ ai/grounding.ts never falls back to the raw key for a NAME — no `?? key` name fallback
  ✅ chat/tools/get-stock-facts.ts resolves names through the CATALOGUE — imported
  ✅ chat/tools/get-stock-facts.ts no longer reads a `name` field off evidence — evidence.name is gone
  ✅ chat/tools/get-stock-facts.ts never falls back to the raw key for a NAME — no `?? key` name fallback

════════════════════════════════════════════════════════════════════════════════════════════════════
2 · RENDERED — every emitted key, name-checked on both surfaces
════════════════════════════════════════════════════════════════════════════════════════════════════
  ✅ the CANONICAL name is present for all emitted keys (both surfaces) — 48 keys
  ✅ NO raw key is ever quoted AS a name — 96 rendered heads
  ✅ NEGATIVE CONTROL — the leak check catches the pre-Stage-5 R1 output — caught

════════════════════════════════════════════════════════════════════════════════════════════════════
3 · THE STALE evidence.name CANNOT WIN, even when it is present and disagrees
════════════════════════════════════════════════════════════════════════════════════════════════════
  ✅ composition_F1_atypical: catalogue "Atypical Composition" beats evidence "Composition (atypical-for-band)" — canonical wins
  ✅ foundation_N3_deleveraging: catalogue "Sustained deleveraging" beats evidence "Deleveraging" — canonical wins
  ✅ NEGATIVE CONTROL — a fixture key absent from the catalogue fails by name, not by throwing — "__ghost_key_for_regression_test__" is absent from the catalogue — retired or renamed; re-point STALE_NAME at a live key
  ✅ ownership_R1_pledge — evidence carries NO name at all, and the model still gets one — "Pledging Crisis"

════════════════════════════════════════════════════════════════════════════════════════════════════
4 · THE SENTENCE — the model gets the row's verdict, the same one the reader sees
════════════════════════════════════════════════════════════════════════════════════════════════════
  ✅ the authored verdict beats the engine's own evidence.verdict on the row the model reads — "Promoter pledged holding is at 62.4% of promoter stake — a financing-str…"
  ✅ ai/grounding.ts emits the row's verdict field — verdict on the wire to the model

✅ GROUNDING NAME GATES PASS — one vocabulary, no raw keys, no stale evidence names

════════════════════════════════════════════════════════════════════════════════════════════════════
1 · COVERAGE — every registered rule's assertive sentences are in scope
════════════════════════════════════════════════════════════════════════════════════════════════════
  rule files on disk: 53 · REGISTERED (scanned): 43  + the ownership persist path (R1)
  assertive sentences extracted: 73  (rule-file, other families: 18 · Family N inline [dead — see §3]: 7 · Family N LIVE, rendered from verdicts.ts: 16 · D/T/S rendered from verdicts.ts: 32 across 18 rules)
  ✅ every registered rule yielded at least one sentence — from its rule file, or (D/T/S) from verdicts.ts rendered against every branch fixture — 44/44
  ✅ all seven Family N patterns' LIVE copy (verdicts.ts, not the dead rule-file text) is scanned, including the §8.3 missing-evidence fallback branch for each — 7/7 rules · 16 sentences (incl. 7/7 fallback branches)
  ✅ NEGATIVE CONTROL — a rule file with no `key:` at all fails "NO SOURCE", not silently — x.ts: NO SOURCE — no rule-file verdict/verbatim, and no readable `key:` to look up a renderer by
  ✅ NEGATIVE CONTROL — a key with no rule-file sentence AND no VERDICTS renderer fails "NO SOURCE" — x.ts: NO SOURCE — "__ghost_finding_key_never_registered__" has no rule-file verdict/verbatim and no VERDICTS["__ghost_finding_key_never_registered__"] renderer in verdicts.ts
  ✅ NEGATIVE CONTROL — a renderer that exists but renders empty on every fixture fails "PRODUCED NOTHING", not "NO SOURCE" — x.ts: SOURCE FOUND BUT PRODUCED NOTHING — VERDICTS["fake_key"] rendered empty for all 1 fixture(s) keyed to it

════════════════════════════════════════════════════════════════════════════════════════════════════
2 · UNIVERSAL REGISTER — promotional adjectives, banned in every family
════════════════════════════════════════════════════════════════════════════════════════════════════
  ⚪ EXEMPTED — s2-sticky-divergence.ts .verdict (rendered · divergence_S2_sticky_divergence (sustain count + no return claim)): "reliably" — NEGATED, not a durability claim — the sentence says the gap does NOT reliably close. The inverse of what the ban targets.
  ✅ ZERO promotional adjectives in any rule-authored sentence, beyond declared narrow exemptions — 73 sentences · 8 terms · 1 exempted
  ✅ NEGATIVE CONTROL — the scan CATCHES N1's pre-fix "earnings converting reliably to cash" — reliably
  ✅ NEGATIVE CONTROL — the S2 exemption does NOT leak: an AFFIRMATIVE "reliably" in the same key still fails — correctly flagged, not exempted

════════════════════════════════════════════════════════════════════════════════════════════════════
3 · FAMILY-N REGISTER — §4.2's remaining words, applied ONLY where they are a verdict
════════════════════════════════════════════════════════════════════════════════════════════════════
  ✅ ZERO §4.2 words in any Family-N sentence — 23 constructive sentences
  ✅ NEGATIVE CONTROL — it WOULD catch "a strong, healthy balance sheet" in an N rule — strong,healthy
  ✅ …and does NOT bite "Interest coverage has strengthened for N straight quarters" (§4.2 permits the change verb) — described change, not a verdict
  ✅ SCOPE PROOF — "Earnings quality breakdown" passes (a locked A-family spec name, not promotion) — risk-family domain vocabulary, deliberately not banned
  ✅ SCOPE PROOF — "the regime-robust tell" passes, but "a robust balance sheet" does NOT — the compound is methodology; the bare adjective is a verdict

════════════════════════════════════════════════════════════════════════════════════════════════════
4 · NO PREDICTION — what happens NEXT is never claimed
════════════════════════════════════════════════════════════════════════════════════════════════════
  ✅ ZERO predictive terms in any rule-authored sentence, beyond declared narrow exemptions — 73 sentences · 15 terms
  ✅ NEGATIVE CONTROL — the scan CATCHES "the gap will likely revert — a buying opportunity" — will,likely,opportunity,revert
  ✅ NEGATIVE CONTROL — the S2 exemption does NOT leak: an AFFIRMATIVE "will" (forecast) in the same key still fails — correctly flagged, not exempted
  ✅ …and does NOT bite "a genuine sell-down" or "Promoter defense buying" (facts about what owners DID) — descriptive, not predictive

✅ EVIDENCE-REGISTER GATES PASS — rule-authored copy is held to the same rules as authored copy

════════════════════════════════════════════════════════════════════════════════════════════
1 · EVERY EMITTED FINDING HAS A `doesntMean` — the build fails, nobody 'notices in review'
════════════════════════════════════════════════════════════════════════════════════════════
  reached 33 distinct ids across 11 books: [PA1, PA2, PA3, PB1, PB6, PB7, PC1, PC2, PC3, PC4, PC5, PC6, PC7, PC8, PE1, PE2, PE4, PE5, PQ1, PQ3, PQ4, PS1, PS2, PS5, PV1, PV2, PV4, PV5, PV6, PX1, PX4, PX5, PX6]
  ✅ every FIRED finding carries a non-empty doesntMean — all 111 fired instances
  emitted by patterns.ts: 41 · + PQ2/PQ3 (undeclared, honest-empty) = 41
  ✅ copy.ts covers ALL 41 ids (24 original + PC6/PC7/PC8/PB6/PB7 built this stage + PQ2/PQ3) — 41 entries
  ✅ copy.ts carries NO ORPHANS (every entry maps to a real finding — PV3 stays retired with the ceiling) — none

════════════════════════════════════════════════════════════════════════════════════════════
2 · THE ADVICE-VERB GREP AT ZERO — §1: describes what the book IS; never what to DO or what is NEXT
════════════════════════════════════════════════════════════════════════════════════════════
  ✅ ZERO advice/forward verbs in any emitted `read` — 75 reads scanned · 14 portfolio terms + the shared forward list
  ✅ ZERO advice/forward verbs in copy.ts's raw `read` templates — clean
  ✅ NEGATIVE CONTROL — the gate CATCHES '38% is too concentrated — consider trimming.' — trim,consider,too-adjective
  ✅ NEGATIVE CONTROL — the gate CATCHES 'Switch to Direct to save on fees.' — switch
  ✅ …and `doesntMean` is OUT OF SCOPE by construction — it would trip the gate, which is it doing its job — 10 would-be hits across 41 negations (e.g. "≠ trim it", "≠ it will fall") — never scanned

════════════════════════════════════════════════════════════════════════════════════════════
3 · EVERY `doesntMean` IS CLASSIFIED — the taxonomy is a required field, not a comment
════════════════════════════════════════════════════════════════════════════════════════════
  ✅ every entry declares ≥1 job — all classified
  ✅ every declared job is one of the three — closed set
     advice-block         ×22 — PA1 PA2 PA3 PX6 PC1 PC2 PC3 PC4 PC5 PC6 PC7 PC8 PB2 PB3 PB6 PB7 PQ2 PQ3 PQ4 PS2 PV5 PX1
     misread-block        ×38 — PA1 PA2 PA3 PE1 PE2 PE3 PE4 PE5 PV6 PX6 PC2 PC3 PC4 PC5 PC6 PC7 PC8 PB1 PB3 PB6 PB7 PQ1 PQ2 PQ3 PS1 PS2 PS3 PS4 PS5 PV1 PV2 PV4 PV5 PX1 PX2 PX3 PX4 PX5
     misattribution-block × 9 — PE2 PE3 PE5 PV6 PS5 PV2 PV4 PV5 PX5

════════════════════════════════════════════════════════════════════════════════════════════
4 · THE FIVE CONSTRUCTIVE ONES STATE THEIR SCOPE — their failure mode is INACTION
════════════════════════════════════════════════════════════════════════════════════════════
  ✅ the five Constructive ids are exactly PQ1/PB1/PS5/PV1/PX4 — matches doc 1 §B.8
  ✅ none is the lazy disclaimer ('≠ a recommendation' — nobody was about to act on good news) — no non-sentences
  ✅ PQ1 scopes to the SCORED holdings, as they are TODAY (not the whole book, not what is next) — ≠ the book is safe, ≠ nothing here can deteriorate. It reads t…
  ✅ PB1 scopes to SHAPE, explicitly not to the quality of the names in it — ≠ your holdings are good — spread is a fact about shape, not a…
  ✅ PV1 says 'verified' is about US, not about the book being good — ≠ your holdings are good, ≠ the book is verified as sound. It mean…
  ✅ PX4 says 'nothing is CURRENTLY firing', not 'nothing can go wrong' — ≠ nothing can go wrong here. Every pillar reads well at once…
  ✅ PS5 separates 'nothing is wrong' from 'nothing is visible' (absence has two causes) — that has not appeared yet is indistinguishable from one that never will.
     PQ1: ≠ the book is safe, ≠ nothing here can deteriorate. It reads the holdings we scored, as they are today —…
     PB1: ≠ your holdings are good — spread is a fact about shape, not about the companies in it. A well-spread bo…
     PS5: ≠ nothing is wrong — it means nothing our lenses read is firing right now, on the names we scored. An un…
     PV1: ≠ your holdings are good, ≠ the book is verified as sound. It means we could READ nearly all of it: cove…
     PX4: ≠ nothing can go wrong here. Every pillar reads well at once, today, over the part of the book we can se…

════════════════════════════════════════════════════════════════════════════════════════════
5 · ONE COPY MODULE — no sentence lives anywhere else
════════════════════════════════════════════════════════════════════════════════════════════
  ✅ patterns.ts authors NO doesntMean of its own (every one reads FINDING_COPY) — all from the module
  ✅ patterns.ts imports the module (one home, imported by the engine — §3) — imported
  ✅ there is no phs/catalog.ts (the prose ruled for deletion never existed — nothing was lost) — confirmed absent

✅ COPY GATES PASS — every finding says what it does not mean, and nothing says what to do

════════════════════════════════════════════════════════════════════════════════════════════════════
1 · ⚠ REGISTER SEPARATION — the label is derived from SHAPE, so shape is the contract
════════════════════════════════════════════════════════════════════════════════════════════════════
  portfolio register: 41 strings  ·  stock/family/lens register: 63 strings
  ✅ every PORTFOLIO boundary carries the marker (without it the line renders as "How to read it") — 41/41
  ✅ NO stock/family/lens boundary carries the marker (with it the line renders as "Doesn't mean" — false for this register) — 63/63 clean

════════════════════════════════════════════════════════════════════════════════════════════════════
2 · ⚠ NO BLANK SEGMENT — the transform's only lossy branch, proved unreachable for this corpus
════════════════════════════════════════════════════════════════════════════════════════════════════
  ✅ no portfolio string has an empty marker-delimited segment (no doubled or trailing marker) — 65 segments over 41 strings, none blank
  ✅ marker count EQUALS non-blank segment count, string by string (nothing to drop) — one clause per marker
  ✅ …and no segment is nothing but its trailing separator (which would strip to empty) — every segment carries words

════════════════════════════════════════════════════════════════════════════════════════════════════
3 · NO LEAD PROSE — the marker opens the line, so the opening words are not rendered last
════════════════════════════════════════════════════════════════════════════════════════════════════
  ✅ every portfolio boundary STARTS with the marker — 41/41

════════════════════════════════════════════════════════════════════════════════════════════════════
4 · CLEAN EDGES — the served bytes and the rendered string are the same string
════════════════════════════════════════════════════════════════════════════════════════════════════
  ✅ no boundary in either register relies on leading or trailing whitespace — 104 strings
  ✅ no boundary is empty (an empty one renders as nothing at all, in either shape) — all non-empty

════════════════════════════════════════════════════════════════════════════════════════════════════
5 · NEGATIVE CONTROLS — every rule above, fired on the input it exists to reject
════════════════════════════════════════════════════════════════════════════════════════════════════
  ✅ register separation CATCHES a stock string that acquired a marker — caught
  ✅ the blank-segment rule CATCHES a doubled marker — caught
  ✅ the separator-only rule CATCHES a segment that is just a comma — caught
  ✅ the lead-prose rule CATCHES words before the first marker — caught
  ✅ …and none of them bites a real portfolio string (the rules discriminate) — sample: "≠ this mix is right or wrong for you. We describe what you…"

════════════════════════════════════════════════════════════════════════════════════════════════════
6 · THE CORPUS, BY SEGMENT — what the transform is handed
════════════════════════════════════════════════════════════════════════════════════════════════════
  PA1   1 segment(s) · this mix is right or wrong for you. We describe what you hold. There is no correct equity/debt r
  PA2   2 segment(s) · you hold too many things · consolidate. A fact about arithmetic, not a verdict on your choices: 
  PA3   1 segment(s) · duplication is a mistake. It states how much rides on one company — which the instrument count h
  …38 more portfolio strings
  63 stock/family/lens strings pass through as prose, unsplit

✅ BOUNDARY CORPUS GATE PASSES — both registers still in shape; the transform's lossy branch is unreachable

════════════════════════════════════════════════════════════════════════════════════════════════
QUARTER IN BRIEF — VOCABULARY + lowerIsBetter GATE
════════════════════════════════════════════════════════════════════════════════════════════════

1 · VERDICT VOCABULARY vs RESERVED WORDS
  reserved list derived: 37 words from 9 vocabularies
  ✓ all 9 verdict labels clear of every reserved word
  ✓ verdict registry is total — every key has a label and a meaning
  ✓ doesn't-mean line disclaims both the company and the share price
  ✓ badge treatment carries no colour semantics; direction rides the glyph

2 · lowerIsBetter CONSEQUENCE CLAUSE (synthetic general-insurance windows)
  ✓ 3 lowerIsBetter series carry a consequence clause, plain words, and percent-scale values
  ✓ a rising combined ratio explicitly states "more of each ₹100" — it cannot read as improvement

────────────────────────────────────────────────────────────────────────────────────────────────
PASSED — vocabulary is clear and the lowerIsBetter flag is load-bearing.
════════════════════════════════════════════════════════════════════════════════════════════════════
QUARTER IN BRIEF — ANCHORS, PEER CROSS-SECTION AND THE STORY CHAIN
════════════════════════════════════════════════════════════════════════════════════════════════════

1 · REGISTRIES — every declared key is a metric its family actually files
  ✓ all 5 families carry a valid always-anchor and peer set

2 · POSITION, NEVER JUDGEMENT (1b) — scanned against the guardrail's own evaluative list
  ✓ 6 anchor and peer sentences carry no evaluative or ranking word

3 · DEGENERATE CASES (1e) — found by rendering, each pinned by a synthetic row
  ✓ 10 degenerate cases hold: ties, small n, mid-group, size, depth, precision and suppression

4 · DEPTH — the count is always named, and above DEEP_HISTORY so is the earliest period
  ✓ the depth is stated on every history anchor and the span is named above 12

5 · THE ANCHOR BUDGET — a card can never carry more than the cap
  ✓ the worst synthetic case produced 4 anchors, at or under the cap of 4
  ✓ no metric carries more than one anchor
  ✓ the always-anchored metric holds its place against the movers
  ✓ every anchor is its own field, absent from `movement`, and composed back by movementWithAnchor
  ✓ an anchor with no movement stands alone, sentence-cased

6 · SHARE-OF-MOVE — above 100% there is no percentage, and the decomposition adds up
  ✓ both driver forms render correctly and the offset form reconciles

7 · ★ PERIOD SEPARATION — neither rule file can reach the other period's figures
  ✓ neither file imports the other period's manifest (3 + 4 specifiers scanned)

8 · THE THIRTEEN NEW RULES — each fires, each stays a fact, and neither set names the other period
  ✓ Q-K + 5 quarter rules + 7 annual rules fire on their own cases; Q-K's three figures reconcile, it names no cause, and it refuses on an unreported term, on both insurance families and inside its floors; 17 sentences carry no judgement, and every annual one names its period

────────────────────────────────────────────────────────────────────────────────────────────────────
PASSED — anchors state a position, the counts stay counts, and the chain holds its order.

§1 · Coverage
  ✓ every gloss is used by at least one manifest (no orphan copy) — 66 glosses, all used
  ✓ every manifest metric resolves to a gloss (compiler-enforced; re-asserted at runtime) — 95 manifest slots across 5 families
  ✓ non_financial: no duplicate metric within the family
  ✓ banking: no duplicate metric within the family
  ✓ nbfc: no duplicate metric within the family
  ✓ life_insurance: no duplicate metric within the family
  ✓ general_insurance: no duplicate metric within the family

§2 · Copy content
  ✓ all glosses: three fields present, prose not glyphs, meaning is one sentence — 66 entries checked
  ✓ negative control: the ≠ scan detects a glyph when one is present
  ✓ negative control: the one-sentence scan detects a second sentence

§3 · Scale and bounds
  ✓ non_financial.revenue: bounds and outOfRangeReason are both set or both absent — unbounded
  ✓ non_financial.revenue: money line carries no per-metric steady band
  ✓ non_financial.otherIncome: bounds and outOfRangeReason are both set or both absent — unbounded
  ✓ non_financial.otherIncome: money line carries no per-metric steady band
  ✓ non_financial.expenses: bounds and outOfRangeReason are both set or both absent — unbounded
  ✓ non_financial.expenses: money line carries no per-metric steady band
  ✓ non_financial.depreciation: bounds and outOfRangeReason are both set or both absent — unbounded
  ✓ non_financial.depreciation: money line carries no per-metric steady band
  ✓ non_financial.financeCosts: bounds and outOfRangeReason are both set or both absent — unbounded
  ✓ non_financial.financeCosts: money line carries no per-metric steady band
  ✓ non_financial.otherOperatingCosts: bounds and outOfRangeReason are both set or both absent — unbounded
  ✓ non_financial.otherOperatingCosts: money line carries no per-metric steady band
  ✓ non_financial.operatingProfit: bounds and outOfRangeReason are both set or both absent — unbounded
  ✓ non_financial.operatingProfit: money line carries no per-metric steady band
  ✓ non_financial.profitBeforeTax: bounds and outOfRangeReason are both set or both absent — unbounded
  ✓ non_financial.profitBeforeTax: money line carries no per-metric steady band
  ✓ non_financial.tax: bounds and outOfRangeReason are both set or both absent — unbounded
  ✓ non_financial.tax: money line carries no per-metric steady band
  ✓ non_financial.netProfit: bounds and outOfRangeReason are both set or both absent — unbounded
  ✓ non_financial.netProfit: money line carries no per-metric steady band
  ✓ non_financial.operatingMargin: bounds and outOfRangeReason are both set or both absent — bounded
  ✓ non_financial.operatingMargin: ratio/multiple has a steady band
  ✓ non_financial.operatingMargin: steady band records what it was fitted on
  ✓ non_financial.operatingMargin: ratio/multiple is bounded
  ✓ non_financial.netMargin: bounds and outOfRangeReason are both set or both absent — bounded
  ✓ non_financial.netMargin: ratio/multiple has a steady band
  ✓ non_financial.netMargin: steady band records what it was fitted on
  ✓ non_financial.netMargin: ratio/multiple is bounded
  ✓ banking.interestEarned: bounds and outOfRangeReason are both set or both absent — unbounded
  ✓ banking.interestEarned: money line carries no per-metric steady band
  ✓ banking.interestExpended: bounds and outOfRangeReason are both set or both absent — unbounded
  ✓ banking.interestExpended: money line carries no per-metric steady band
  ✓ banking.netInterestIncome: bounds and outOfRangeReason are both set or both absent — unbounded
  ✓ banking.netInterestIncome: money line carries no per-metric steady band
  ✓ banking.otherIncome: bounds and outOfRangeReason are both set or both absent — unbounded
  ✓ banking.otherIncome: money line carries no per-metric steady band
  ✓ banking.totalIncome: bounds and outOfRangeReason are both set or both absent — unbounded
  ✓ banking.totalIncome: money line carries no per-metric steady band
  ✓ banking.staffCost: bounds and outOfRangeReason are both set or both absent — unbounded
  ✓ banking.staffCost: money line carries no per-metric steady band
  ✓ banking.operatingExpenses: bounds and outOfRangeReason are both set or both absent — unbounded
  ✓ banking.operatingExpenses: money line carries no per-metric steady band
  ✓ banking.provisions: bounds and outOfRangeReason are both set or both absent — unbounded
  ✓ banking.provisions: money line carries no per-metric steady band
  ✓ banking.exceptionalItems: bounds and outOfRangeReason are both set or both absent — unbounded
  ✓ banking.exceptionalItems: money line carries no per-metric steady band
  ✓ banking.preProvisionOperatingProfit: bounds and outOfRangeReason are both set or both absent — unbounded
  ✓ banking.preProvisionOperatingProfit: money line carries no per-metric steady band
  ✓ banking.profitBeforeTax: bounds and outOfRangeReason are both set or both absent — unbounded
  ✓ banking.profitBeforeTax: money line carries no per-metric steady band
  ✓ banking.tax: bounds and outOfRangeReason are both set or both absent — unbounded
  ✓ banking.tax: money line carries no per-metric steady band
  ✓ banking.netProfit: bounds and outOfRangeReason are both set or both absent — unbounded
  ✓ banking.netProfit: money line carries no per-metric steady band
  ✓ banking.grossNpaAmount: bounds and outOfRangeReason are both set or both absent — unbounded
  ✓ banking.grossNpaAmount: money line carries no per-metric steady band
  ✓ banking.netNpaAmount: bounds and outOfRangeReason are both set or both absent — unbounded
  ✓ banking.netNpaAmount: money line carries no per-metric steady band
  ✓ banking.grossNpaRatio: bounds and outOfRangeReason are both set or both absent — bounded
  ✓ banking.grossNpaRatio: ratio/multiple has a steady band
  ✓ banking.grossNpaRatio: steady band records what it was fitted on
  ✓ banking.grossNpaRatio: ratio/multiple is bounded
  ✓ banking.netNpaRatio: bounds and outOfRangeReason are both set or both absent — bounded
  ✓ banking.netNpaRatio: ratio/multiple has a steady band
  ✓ banking.netNpaRatio: steady band records what it was fitted on
  ✓ banking.netNpaRatio: ratio/multiple is bounded
  ✓ banking.provisionCoverageRatio: bounds and outOfRangeReason are both set or both absent — bounded
  ✓ banking.provisionCoverageRatio: ratio/multiple has a steady band
  ✓ banking.provisionCoverageRatio: steady band records what it was fitted on
  ✓ banking.provisionCoverageRatio: ratio/multiple is bounded
  ✓ banking.cet1Ratio: bounds and outOfRangeReason are both set or both absent — bounded
  ✓ banking.cet1Ratio: ratio/multiple has a steady band
  ✓ banking.cet1Ratio: steady band records what it was fitted on
  ✓ banking.cet1Ratio: ratio/multiple is bounded
  ✓ banking.returnOnAssetsQuarterly: bounds and outOfRangeReason are both set or both absent — bounded
  ✓ banking.returnOnAssetsQuarterly: ratio/multiple has a steady band
  ✓ banking.returnOnAssetsQuarterly: steady band records what it was fitted on
  ✓ banking.returnOnAssetsQuarterly: ratio/multiple is bounded
  ✓ banking.costToIncomeRatio: bounds and outOfRangeReason are both set or both absent — bounded
  ✓ banking.costToIncomeRatio: ratio/multiple has a steady band
  ✓ banking.costToIncomeRatio: steady band records what it was fitted on
  ✓ banking.costToIncomeRatio: ratio/multiple is bounded
  ✓ banking.netMargin: bounds and outOfRangeReason are both set or both absent — bounded
  ✓ banking.netMargin: ratio/multiple has a steady band
  ✓ banking.netMargin: steady band records what it was fitted on
  ✓ banking.netMargin: ratio/multiple is bounded
  ✓ nbfc.revenue: bounds and outOfRangeReason are both set or both absent — unbounded
  ✓ nbfc.revenue: money line carries no per-metric steady band
  ✓ nbfc.interestIncome: bounds and outOfRangeReason are both set or both absent — unbounded
  ✓ nbfc.interestIncome: money line carries no per-metric steady band
  ✓ nbfc.feeAndCommissionIncome: bounds and outOfRangeReason are both set or both absent — unbounded
  ✓ nbfc.feeAndCommissionIncome: money line carries no per-metric steady band
  ✓ nbfc.netGainOnFairValueChanges: bounds and outOfRangeReason are both set or both absent — unbounded
  ✓ nbfc.netGainOnFairValueChanges: money line carries no per-metric steady band
  ✓ nbfc.otherIncome: bounds and outOfRangeReason are both set or both absent — unbounded
  ✓ nbfc.otherIncome: money line carries no per-metric steady band
  ✓ nbfc.totalIncome: bounds and outOfRangeReason are both set or both absent — unbounded
  ✓ nbfc.totalIncome: money line carries no per-metric steady band
  ✓ nbfc.netInterestIncome: bounds and outOfRangeReason are both set or both absent — unbounded
  ✓ nbfc.netInterestIncome: money line carries no per-metric steady band
  ✓ nbfc.financeCosts: bounds and outOfRangeReason are both set or both absent — unbounded
  ✓ nbfc.financeCosts: money line carries no per-metric steady band
  ✓ nbfc.impairmentOnFinancialInstruments: bounds and outOfRangeReason are both set or both absent — unbounded
  ✓ nbfc.impairmentOnFinancialInstruments: money line carries no per-metric steady band
  ✓ nbfc.staffCost: bounds and outOfRangeReason are both set or both absent — unbounded
  ✓ nbfc.staffCost: money line carries no per-metric steady band
  ✓ nbfc.depreciation: bounds and outOfRangeReason are both set or both absent — unbounded
  ✓ nbfc.depreciation: money line carries no per-metric steady band
  ✓ nbfc.otherExpenses: bounds and outOfRangeReason are both set or both absent — unbounded
  ✓ nbfc.otherExpenses: money line carries no per-metric steady band
  ✓ nbfc.totalExpenses: bounds and outOfRangeReason are both set or both absent — unbounded
  ✓ nbfc.totalExpenses: money line carries no per-metric steady band
  ✓ nbfc.profitBeforeTax: bounds and outOfRangeReason are both set or both absent — unbounded
  ✓ nbfc.profitBeforeTax: money line carries no per-metric steady band
  ✓ nbfc.tax: bounds and outOfRangeReason are both set or both absent — unbounded
  ✓ nbfc.tax: money line carries no per-metric steady band
  ✓ nbfc.netProfit: bounds and outOfRangeReason are both set or both absent — unbounded
  ✓ nbfc.netProfit: money line carries no per-metric steady band
  ✓ nbfc.netMargin: bounds and outOfRangeReason are both set or both absent — bounded
  ✓ nbfc.netMargin: ratio/multiple has a steady band
  ✓ nbfc.netMargin: steady band records what it was fitted on
  ✓ nbfc.netMargin: ratio/multiple is bounded
  ✓ life_insurance.grossPremiumIncome: bounds and outOfRangeReason are both set or both absent — unbounded
  ✓ life_insurance.grossPremiumIncome: money line carries no per-metric steady band
  ✓ life_insurance.netPremiumIncome: bounds and outOfRangeReason are both set or both absent — unbounded
  ✓ life_insurance.netPremiumIncome: money line carries no per-metric steady band
  ✓ life_insurance.incomeFirstYearPremium: bounds and outOfRangeReason are both set or both absent — unbounded
  ✓ life_insurance.incomeFirstYearPremium: money line carries no per-metric steady band
  ✓ life_insurance.incomeRenewalPremium: bounds and outOfRangeReason are both set or both absent — unbounded
  ✓ life_insurance.incomeRenewalPremium: money line carries no per-metric steady band
  ✓ life_insurance.incomeSinglePremium: bounds and outOfRangeReason are both set or both absent — unbounded
  ✓ life_insurance.incomeSinglePremium: money line carries no per-metric steady band
  ✓ life_insurance.reinsuranceCeded: bounds and outOfRangeReason are both set or both absent — unbounded
  ✓ life_insurance.reinsuranceCeded: money line carries no per-metric steady band
  ✓ life_insurance.incomeFromInvestments: bounds and outOfRangeReason are both set or both absent — unbounded
  ✓ life_insurance.incomeFromInvestments: money line carries no per-metric steady band
  ✓ life_insurance.totalRevenuePolicyholders: bounds and outOfRangeReason are both set or both absent — unbounded
  ✓ life_insurance.totalRevenuePolicyholders: money line carries no per-metric steady band
  ✓ life_insurance.totalCommission: bounds and outOfRangeReason are both set or both absent — unbounded
  ✓ life_insurance.totalCommission: money line carries no per-metric steady band
  ✓ life_insurance.insuranceRunningCosts: bounds and outOfRangeReason are both set or both absent — unbounded
  ✓ life_insurance.insuranceRunningCosts: money line carries no per-metric steady band
  ✓ life_insurance.benefitsPaidNet: bounds and outOfRangeReason are both set or both absent — unbounded
  ✓ life_insurance.benefitsPaidNet: money line carries no per-metric steady band
  ✓ life_insurance.changeInValuationOfLiabilities: bounds and outOfRangeReason are both set or both absent — unbounded
  ✓ life_insurance.changeInValuationOfLiabilities: money line carries no per-metric steady band
  ✓ life_insurance.profitBeforeTax: bounds and outOfRangeReason are both set or both absent — unbounded
  ✓ life_insurance.profitBeforeTax: money line carries no per-metric steady band
  ✓ life_insurance.tax: bounds and outOfRangeReason are both set or both absent — unbounded
  ✓ life_insurance.tax: money line carries no per-metric steady band
  ✓ life_insurance.netProfit: bounds and outOfRangeReason are both set or both absent — unbounded
  ✓ life_insurance.netProfit: money line carries no per-metric steady band
  ✓ life_insurance.solvencyRatio: bounds and outOfRangeReason are both set or both absent — bounded
  ✓ life_insurance.solvencyRatio: ratio/multiple has a steady band
  ✓ life_insurance.solvencyRatio: steady band records what it was fitted on
  ✓ life_insurance.solvencyRatio: ratio/multiple is bounded
  ✓ life_insurance.persistencyRatio13Month: bounds and outOfRangeReason are both set or both absent — bounded
  ✓ life_insurance.persistencyRatio13Month: ratio/multiple has a steady band
  ✓ life_insurance.persistencyRatio13Month: steady band records what it was fitted on
  ✓ life_insurance.persistencyRatio13Month: ratio/multiple is bounded
  ✓ life_insurance.persistencyRatio25Month: bounds and outOfRangeReason are both set or both absent — bounded
  ✓ life_insurance.persistencyRatio25Month: ratio/multiple has a steady band
  ✓ life_insurance.persistencyRatio25Month: steady band records what it was fitted on
  ✓ life_insurance.persistencyRatio25Month: ratio/multiple is bounded
  ✓ life_insurance.persistencyRatio37Month: bounds and outOfRangeReason are both set or both absent — bounded
  ✓ life_insurance.persistencyRatio37Month: ratio/multiple has a steady band
  ✓ life_insurance.persistencyRatio37Month: steady band records what it was fitted on
  ✓ life_insurance.persistencyRatio37Month: ratio/multiple is bounded
  ✓ life_insurance.persistencyRatio49Month: bounds and outOfRangeReason are both set or both absent — bounded
  ✓ life_insurance.persistencyRatio49Month: ratio/multiple has a steady band
  ✓ life_insurance.persistencyRatio49Month: steady band records what it was fitted on
  ✓ life_insurance.persistencyRatio49Month: ratio/multiple is bounded
  ✓ life_insurance.persistencyRatio61Month: bounds and outOfRangeReason are both set or both absent — bounded
  ✓ life_insurance.persistencyRatio61Month: ratio/multiple has a steady band
  ✓ life_insurance.persistencyRatio61Month: steady band records what it was fitted on
  ✓ life_insurance.persistencyRatio61Month: ratio/multiple is bounded
  ✓ life_insurance.newBusinessPremiumPct: bounds and outOfRangeReason are both set or both absent — bounded
  ✓ life_insurance.newBusinessPremiumPct: ratio/multiple has a steady band
  ✓ life_insurance.newBusinessPremiumPct: steady band records what it was fitted on
  ✓ life_insurance.newBusinessPremiumPct: ratio/multiple is bounded
  ✓ life_insurance.expenseRatioPolicyholders: bounds and outOfRangeReason are both set or both absent — bounded
  ✓ life_insurance.expenseRatioPolicyholders: ratio/multiple has a steady band
  ✓ life_insurance.expenseRatioPolicyholders: steady band records what it was fitted on
  ✓ life_insurance.expenseRatioPolicyholders: ratio/multiple is bounded
  ✓ life_insurance.netMargin: bounds and outOfRangeReason are both set or both absent — bounded
  ✓ life_insurance.netMargin: ratio/multiple has a steady band
  ✓ life_insurance.netMargin: steady band records what it was fitted on
  ✓ life_insurance.netMargin: ratio/multiple is bounded
  ✓ general_insurance.grossPremiumsWritten: bounds and outOfRangeReason are both set or both absent — unbounded
  ✓ general_insurance.grossPremiumsWritten: money line carries no per-metric steady band
  ✓ general_insurance.netPremiumWritten: bounds and outOfRangeReason are both set or both absent — unbounded
  ✓ general_insurance.netPremiumWritten: money line carries no per-metric steady band
  ✓ general_insurance.premiumEarned: bounds and outOfRangeReason are both set or both absent — unbounded
  ✓ general_insurance.premiumEarned: money line carries no per-metric steady band
  ✓ general_insurance.incomeFromInvestments: bounds and outOfRangeReason are both set or both absent — unbounded
  ✓ general_insurance.incomeFromInvestments: money line carries no per-metric steady band
  ✓ general_insurance.otherIncome: bounds and outOfRangeReason are both set or both absent — unbounded
  ✓ general_insurance.otherIncome: money line carries no per-metric steady band
  ✓ general_insurance.totalIncome: bounds and outOfRangeReason are both set or both absent — unbounded
  ✓ general_insurance.totalIncome: money line carries no per-metric steady band
  ✓ general_insurance.claimsPaid: bounds and outOfRangeReason are both set or both absent — unbounded
  ✓ general_insurance.claimsPaid: money line carries no per-metric steady band
  ✓ general_insurance.incurredClaims: bounds and outOfRangeReason are both set or both absent — unbounded
  ✓ general_insurance.incurredClaims: money line carries no per-metric steady band
  ✓ general_insurance.netCommission: bounds and outOfRangeReason are both set or both absent — unbounded
  ✓ general_insurance.netCommission: money line carries no per-metric steady band
  ✓ general_insurance.insuranceRunningCosts: bounds and outOfRangeReason are both set or both absent — unbounded
  ✓ general_insurance.insuranceRunningCosts: money line carries no per-metric steady band
  ✓ general_insurance.underwritingProfitOrLoss: bounds and outOfRangeReason are both set or both absent — unbounded
  ✓ general_insurance.underwritingProfitOrLoss: money line carries no per-metric steady band
  ✓ general_insurance.profitBeforeTax: bounds and outOfRangeReason are both set or both absent — unbounded
  ✓ general_insurance.profitBeforeTax: money line carries no per-metric steady band
  ✓ general_insurance.tax: bounds and outOfRangeReason are both set or both absent — unbounded
  ✓ general_insurance.tax: money line carries no per-metric steady band
  ✓ general_insurance.netProfit: bounds and outOfRangeReason are both set or both absent — unbounded
  ✓ general_insurance.netProfit: money line carries no per-metric steady band
  ✓ general_insurance.combinedRatio: bounds and outOfRangeReason are both set or both absent — bounded
  ✓ general_insurance.combinedRatio: ratio/multiple has a steady band
  ✓ general_insurance.combinedRatio: steady band records what it was fitted on
  ✓ general_insurance.combinedRatio: ratio/multiple is bounded
  ✓ general_insurance.incurredClaimRatio: bounds and outOfRangeReason are both set or both absent — bounded
  ✓ general_insurance.incurredClaimRatio: ratio/multiple has a steady band
  ✓ general_insurance.incurredClaimRatio: steady band records what it was fitted on
  ✓ general_insurance.incurredClaimRatio: ratio/multiple is bounded
  ✓ general_insurance.expensesOfManagementRatio: bounds and outOfRangeReason are both set or both absent — bounded
  ✓ general_insurance.expensesOfManagementRatio: ratio/multiple has a steady band
  ✓ general_insurance.expensesOfManagementRatio: steady band records what it was fitted on
  ✓ general_insurance.expensesOfManagementRatio: ratio/multiple is bounded
  ✓ general_insurance.netRetentionRatio: bounds and outOfRangeReason are both set or both absent — bounded
  ✓ general_insurance.netRetentionRatio: ratio/multiple has a steady band
  ✓ general_insurance.netRetentionRatio: steady band records what it was fitted on
  ✓ general_insurance.netRetentionRatio: ratio/multiple is bounded
  ✓ general_insurance.solvencyRatio: bounds and outOfRangeReason are both set or both absent — bounded
  ✓ general_insurance.solvencyRatio: ratio/multiple has a steady band
  ✓ general_insurance.solvencyRatio: steady band records what it was fitted on
  ✓ general_insurance.solvencyRatio: ratio/multiple is bounded
  ✓ general_insurance.netMargin: bounds and outOfRangeReason are both set or both absent — bounded
  ✓ general_insurance.netMargin: ratio/multiple has a steady band
  ✓ general_insurance.netMargin: steady band records what it was fitted on
  ✓ general_insurance.netMargin: ratio/multiple is bounded
  ✓ shared glosses carry one scale across every family that reports them — 66 distinct keys

§4 · Stage-0 rulings (C15 / C17 / C18 / C19)
  ✓ C15 · non_financial.operatingProfit is driver-ineligible, permanently — ineligible
  ✓ C15 · non_financial.operatingProfit records WHY (the trap someone rebuilds)
  ✓ C18 · non_financial: reports its top line (revenue)
  ✓ C18 · non_financial.revenue is never named as the driver — context
  ✓ C18 · banking: reports its top line (netInterestIncome)
  ✓ C18 · banking.netInterestIncome is never named as the driver — context
  ✓ C18 · nbfc: reports its top line (revenue)
  ✓ C18 · nbfc.revenue is never named as the driver — context
  ✓ C18 · life_insurance: reports its top line (netPremiumIncome)
  ✓ C18 · life_insurance.netPremiumIncome is never named as the driver — context
  ✓ C18 · general_insurance: reports its top line (grossPremiumsWritten)
  ✓ C18 · general_insurance.grossPremiumsWritten is never named as the driver — context
  ✓ C18 · otherOperatingCosts (the residual bucket) is context, never eligible
  ✓ C17 · life_insurance has NO driver-eligible metric — 0 eligible, by design
  ✓ C17 · life_insurance.tax records why the bridge cannot close (so nobody retries it)
  ✓ C17 · banking has driver-eligible metrics — otherIncome, operatingExpenses, provisions, exceptionalItems, tax
  ✓ C17 · non_financial has driver-eligible metrics — otherIncome, depreciation, financeCosts, tax
  ✓ C17 · nbfc names total costs as ONE line, not its components — otherIncome, totalExpenses, tax
  ✓ C17 · general_insurance's eligible set is the UNDERWRITING bridge only (never net profit) — incurredClaims, netCommission, insuranceRunningCosts
  ✓ C17 · general_insurance.profitBeforeTax is marked unreachable from the bridge
  ✓ C19 · banking.operatingExpenses is derived by subtraction
  ✓ C19 · banking.operatingExpenses records why the additive form is wrong
  ✓ no ratio or multiple is driver-eligible (a share-of-move figure is measured in rupees)

§5 · Not quarterly-computable
  ✓ no annual-only metric is in the gloss catalogue — none

✅ QUARTER-METRIC GATES PASS — 66 glosses, 95 manifest slots, every Stage-0 ruling held

§1 · Coverage
  ✓ every annual gloss is used by at least one manifest (no orphan copy) — 43 glosses, all used
  ✓ every annual manifest metric resolves to a gloss (compiler-enforced; re-asserted at runtime) — 67 manifest slots across 5 families
  ✓ non_financial: no duplicate metric within the family
  ✓ non_financial: declares at least one metric — 19 metrics
  ✓ non_financial: declares at least one balance-sheet line (annual-section.ts gate 4) — 8 of 19
  ✓ non_financial: every balance-sheet line is a money line — totalAssets, netWorth, totalDebt, debtDueWithinAYear, cashAndCashEquivalents, inventories, tradeReceivables, propertyPlantAndEquipment
  ✓ banking: no duplicate metric within the family
  ✓ banking: declares at least one metric — 15 metrics
  ✓ banking: declares at least one balance-sheet line (annual-section.ts gate 4) — 6 of 15
  ✓ banking: every balance-sheet line is a money line — deposits, advances, totalAssets, netWorth, bankBorrowings, investmentBook
  ✓ nbfc: no duplicate metric within the family
  ✓ nbfc: declares at least one metric — 14 metrics
  ✓ nbfc: declares at least one balance-sheet line (annual-section.ts gate 4) — 5 of 14
  ✓ nbfc: every balance-sheet line is a money line — loanBook, totalAssets, totalLiabilities, netWorth, cashAndCashEquivalents
  ✓ life_insurance: no duplicate metric within the family
  ✓ life_insurance: declares at least one metric — 11 metrics
  ✓ life_insurance: declares at least one balance-sheet line (annual-section.ts gate 4) — 5 of 11
  ✓ life_insurance: every balance-sheet line is a money line — policyholdersFunds, investmentsPolicyholders, investmentsShareholders, assetsHeldToCoverLinkedLiabilities, netWorth
  ✓ general_insurance: no duplicate metric within the family
  ✓ general_insurance: declares at least one metric — 8 metrics
  ✓ general_insurance: declares at least one balance-sheet line (annual-section.ts gate 4) — 4 of 8
  ✓ general_insurance: every balance-sheet line is a money line — insurerInvestments, netWorth, fairValueChangeAccount, cashAndCashEquivalents
  ✓ no key exists in BOTH the quarterly and annual gloss catalogues — 43 annual keys, all distinct

§2 · Copy content
  ✓ all annual glosses: three fields present, prose not glyphs, meaning is one sentence — 43 entries checked
  ✓ negative control: the ≠ scan detects a glyph when one is present
  ✓ negative control: the one-sentence scan detects a second sentence

§3 · Scale and bounds
  ✓ non_financial.totalAssets: bounds and outOfRangeReason are both set or both absent — unbounded
  ✓ non_financial.totalAssets: money line carries no per-metric steady band
  ✓ non_financial.totalAssets: declares a moneySense — level
  ✓ non_financial.totalAssets: comparable:false and comparabilityReason are both set or both absent
  ✓ non_financial.netWorth: bounds and outOfRangeReason are both set or both absent — unbounded
  ✓ non_financial.netWorth: money line carries no per-metric steady band
  ✓ non_financial.netWorth: declares a moneySense — level
  ✓ non_financial.netWorth: comparable:false and comparabilityReason are both set or both absent
  ✓ non_financial.totalDebt: bounds and outOfRangeReason are both set or both absent — unbounded
  ✓ non_financial.totalDebt: money line carries no per-metric steady band
  ✓ non_financial.totalDebt: declares a moneySense — level
  ✓ non_financial.totalDebt: comparable:false and comparabilityReason are both set or both absent
  ✓ non_financial.debtDueWithinAYear: bounds and outOfRangeReason are both set or both absent — unbounded
  ✓ non_financial.debtDueWithinAYear: money line carries no per-metric steady band
  ✓ non_financial.debtDueWithinAYear: declares a moneySense — level
  ✓ non_financial.debtDueWithinAYear: comparable:false and comparabilityReason are both set or both absent
  ✓ non_financial.cashAndCashEquivalents: bounds and outOfRangeReason are both set or both absent — unbounded
  ✓ non_financial.cashAndCashEquivalents: money line carries no per-metric steady band
  ✓ non_financial.cashAndCashEquivalents: declares a moneySense — level
  ✓ non_financial.cashAndCashEquivalents: comparable:false and comparabilityReason are both set or both absent
  ✓ non_financial.inventories: bounds and outOfRangeReason are both set or both absent — unbounded
  ✓ non_financial.inventories: money line carries no per-metric steady band
  ✓ non_financial.inventories: declares a moneySense — level
  ✓ non_financial.inventories: comparable:false and comparabilityReason are both set or both absent
  ✓ non_financial.tradeReceivables: bounds and outOfRangeReason are both set or both absent — unbounded
  ✓ non_financial.tradeReceivables: money line carries no per-metric steady band
  ✓ non_financial.tradeReceivables: declares a moneySense — level
  ✓ non_financial.tradeReceivables: comparable:false and comparabilityReason are both set or both absent
  ✓ non_financial.propertyPlantAndEquipment: bounds and outOfRangeReason are both set or both absent — unbounded
  ✓ non_financial.propertyPlantAndEquipment: money line carries no per-metric steady band
  ✓ non_financial.propertyPlantAndEquipment: declares a moneySense — level
  ✓ non_financial.propertyPlantAndEquipment: comparable:false and comparabilityReason are both set or both absent
  ✓ non_financial.cashFromOperating: bounds and outOfRangeReason are both set or both absent — unbounded
  ✓ non_financial.cashFromOperating: money line carries no per-metric steady band
  ✓ non_financial.cashFromOperating: declares a moneySense — flow
  ✓ non_financial.cashFromOperating: comparable:false and comparabilityReason are both set or both absent
  ✓ non_financial.cashFromInvesting: bounds and outOfRangeReason are both set or both absent — unbounded
  ✓ non_financial.cashFromInvesting: money line carries no per-metric steady band
  ✓ non_financial.cashFromInvesting: declares a moneySense — flow
  ✓ non_financial.cashFromInvesting: comparable:false and comparabilityReason are both set or both absent
  ✓ non_financial.cashFromFinancing: bounds and outOfRangeReason are both set or both absent — unbounded
  ✓ non_financial.cashFromFinancing: money line carries no per-metric steady band
  ✓ non_financial.cashFromFinancing: declares a moneySense — flow
  ✓ non_financial.cashFromFinancing: comparable:false and comparabilityReason are both set or both absent
  ✓ non_financial.capitalExpenditure: bounds and outOfRangeReason are both set or both absent — unbounded
  ✓ non_financial.capitalExpenditure: money line carries no per-metric steady band
  ✓ non_financial.capitalExpenditure: declares a moneySense — level
  ✓ non_financial.capitalExpenditure: comparable:false and comparabilityReason are both set or both absent
  ✓ non_financial.freeCashFlow: bounds and outOfRangeReason are both set or both absent — unbounded
  ✓ non_financial.freeCashFlow: money line carries no per-metric steady band
  ✓ non_financial.freeCashFlow: declares a moneySense — level
  ✓ non_financial.freeCashFlow: comparable:false and comparabilityReason are both set or both absent
  ✓ non_financial.dividendsPaid: bounds and outOfRangeReason are both set or both absent — unbounded
  ✓ non_financial.dividendsPaid: money line carries no per-metric steady band
  ✓ non_financial.dividendsPaid: declares a moneySense — level
  ✓ non_financial.dividendsPaid: comparable:false and comparabilityReason are both set or both absent
  ✓ non_financial.basicEps: bounds and outOfRangeReason are both set or both absent — unbounded
  ✓ non_financial.basicEps: non-money line declares no moneySense
  ✓ non_financial.basicEps: comparable:false and comparabilityReason are both set or both absent
  ✓ non_financial.basicEps: non-money metric has a steady band
  ✓ non_financial.basicEps: steady band records what it was fitted on
  ✓ non_financial.returnOnEquity: bounds and outOfRangeReason are both set or both absent — bounded
  ✓ non_financial.returnOnEquity: non-money line declares no moneySense
  ✓ non_financial.returnOnEquity: comparable:false and comparabilityReason are both set or both absent
  ✓ non_financial.returnOnEquity: non-money metric has a steady band
  ✓ non_financial.returnOnEquity: steady band records what it was fitted on
  ✓ non_financial.returnOnEquity: cross-field guard carries a reader-facing reason
  ✓ non_financial.returnOnEquity: cross-field guard only reads metrics this family reports — netWorth
  ✓ non_financial.debtToEquity: bounds and outOfRangeReason are both set or both absent — bounded
  ✓ non_financial.debtToEquity: non-money line declares no moneySense
  ✓ non_financial.debtToEquity: comparable:false and comparabilityReason are both set or both absent
  ✓ non_financial.debtToEquity: non-money metric has a steady band
  ✓ non_financial.debtToEquity: steady band records what it was fitted on
  ✓ non_financial.debtToEquity: cross-field guard carries a reader-facing reason
  ✓ non_financial.debtToEquity: cross-field guard only reads metrics this family reports — netWorth
  ✓ non_financial.interestCoverage: bounds and outOfRangeReason are both set or both absent — bounded
  ✓ non_financial.interestCoverage: non-money line declares no moneySense
  ✓ non_financial.interestCoverage: comparable:false and comparabilityReason are both set or both absent
  ✓ non_financial.interestCoverage: non-money metric has a steady band
  ✓ non_financial.interestCoverage: steady band records what it was fitted on
  ✓ non_financial.receivablesDays: bounds and outOfRangeReason are both set or both absent — bounded
  ✓ non_financial.receivablesDays: non-money line declares no moneySense
  ✓ non_financial.receivablesDays: comparable:false and comparabilityReason are both set or both absent
  ✓ non_financial.receivablesDays: non-money metric has a steady band
  ✓ non_financial.receivablesDays: steady band records what it was fitted on
  ✓ banking.deposits: bounds and outOfRangeReason are both set or both absent — unbounded
  ✓ banking.deposits: money line carries no per-metric steady band
  ✓ banking.deposits: declares a moneySense — level
  ✓ banking.deposits: comparable:false and comparabilityReason are both set or both absent
  ✓ banking.advances: bounds and outOfRangeReason are both set or both absent — unbounded
  ✓ banking.advances: money line carries no per-metric steady band
  ✓ banking.advances: declares a moneySense — level
  ✓ banking.advances: comparable:false and comparabilityReason are both set or both absent
  ✓ banking.totalAssets: bounds and outOfRangeReason are both set or both absent — unbounded
  ✓ banking.totalAssets: money line carries no per-metric steady band
  ✓ banking.totalAssets: declares a moneySense — level
  ✓ banking.totalAssets: comparable:false and comparabilityReason are both set or both absent
  ✓ banking.netWorth: bounds and outOfRangeReason are both set or both absent — unbounded
  ✓ banking.netWorth: money line carries no per-metric steady band
  ✓ banking.netWorth: declares a moneySense — level
  ✓ banking.netWorth: comparable:false and comparabilityReason are both set or both absent
  ✓ banking.bankBorrowings: bounds and outOfRangeReason are both set or both absent — unbounded
  ✓ banking.bankBorrowings: money line carries no per-metric steady band
  ✓ banking.bankBorrowings: declares a moneySense — level
  ✓ banking.bankBorrowings: comparable:false and comparabilityReason are both set or both absent
  ✓ banking.investmentBook: bounds and outOfRangeReason are both set or both absent — unbounded
  ✓ banking.investmentBook: money line carries no per-metric steady band
  ✓ banking.investmentBook: declares a moneySense — level
  ✓ banking.investmentBook: comparable:false and comparabilityReason are both set or both absent
  ✓ banking.cashFromOperating: bounds and outOfRangeReason are both set or both absent — unbounded
  ✓ banking.cashFromOperating: money line carries no per-metric steady band
  ✓ banking.cashFromOperating: declares a moneySense — flow
  ✓ banking.cashFromOperating: comparable:false and comparabilityReason are both set or both absent
  ✓ banking.cashFromInvesting: bounds and outOfRangeReason are both set or both absent — unbounded
  ✓ banking.cashFromInvesting: money line carries no per-metric steady band
  ✓ banking.cashFromInvesting: declares a moneySense — flow
  ✓ banking.cashFromInvesting: comparable:false and comparabilityReason are both set or both absent
  ✓ banking.cashFromFinancing: bounds and outOfRangeReason are both set or both absent — unbounded
  ✓ banking.cashFromFinancing: money line carries no per-metric steady band
  ✓ banking.cashFromFinancing: declares a moneySense — flow
  ✓ banking.cashFromFinancing: comparable:false and comparabilityReason are both set or both absent
  ✓ banking.netInterestMargin: bounds and outOfRangeReason are both set or both absent — bounded
  ✓ banking.netInterestMargin: non-money line declares no moneySense
  ✓ banking.netInterestMargin: comparable:false and comparabilityReason are both set or both absent
  ✓ banking.netInterestMargin: non-money metric has a steady band
  ✓ banking.netInterestMargin: steady band records what it was fitted on
  ✓ banking.creditCost: bounds and outOfRangeReason are both set or both absent — bounded
  ✓ banking.creditCost: non-money line declares no moneySense
  ✓ banking.creditCost: comparable:false and comparabilityReason are both set or both absent
  ✓ banking.creditCost: non-money metric has a steady band
  ✓ banking.creditCost: steady band records what it was fitted on
  ✓ banking.creditDepositRatio: bounds and outOfRangeReason are both set or both absent — bounded
  ✓ banking.creditDepositRatio: non-money line declares no moneySense
  ✓ banking.creditDepositRatio: comparable:false and comparabilityReason are both set or both absent
  ✓ banking.creditDepositRatio: non-money metric has a steady band
  ✓ banking.creditDepositRatio: steady band records what it was fitted on
  ✓ banking.returnOnEquity: bounds and outOfRangeReason are both set or both absent — bounded
  ✓ banking.returnOnEquity: non-money line declares no moneySense
  ✓ banking.returnOnEquity: comparable:false and comparabilityReason are both set or both absent
  ✓ banking.returnOnEquity: non-money metric has a steady band
  ✓ banking.returnOnEquity: steady band records what it was fitted on
  ✓ banking.returnOnEquity: cross-field guard carries a reader-facing reason
  ✓ banking.returnOnEquity: cross-field guard only reads metrics this family reports — netWorth
  ✓ banking.returnOnAssetsAnnual: bounds and outOfRangeReason are both set or both absent — bounded
  ✓ banking.returnOnAssetsAnnual: non-money line declares no moneySense
  ✓ banking.returnOnAssetsAnnual: comparable:false and comparabilityReason are both set or both absent
  ✓ banking.returnOnAssetsAnnual: non-money metric has a steady band
  ✓ banking.returnOnAssetsAnnual: steady band records what it was fitted on
  ✓ banking.basicEps: bounds and outOfRangeReason are both set or both absent — unbounded
  ✓ banking.basicEps: non-money line declares no moneySense
  ✓ banking.basicEps: comparable:false and comparabilityReason are both set or both absent
  ✓ banking.basicEps: non-money metric has a steady band
  ✓ banking.basicEps: steady band records what it was fitted on
  ✓ nbfc.loanBook: bounds and outOfRangeReason are both set or both absent — unbounded
  ✓ nbfc.loanBook: money line carries no per-metric steady band
  ✓ nbfc.loanBook: declares a moneySense — level
  ✓ nbfc.loanBook: comparable:false and comparabilityReason are both set or both absent
  ✓ nbfc.totalAssets: bounds and outOfRangeReason are both set or both absent — unbounded
  ✓ nbfc.totalAssets: money line carries no per-metric steady band
  ✓ nbfc.totalAssets: declares a moneySense — level
  ✓ nbfc.totalAssets: comparable:false and comparabilityReason are both set or both absent
  ✓ nbfc.totalLiabilities: bounds and outOfRangeReason are both set or both absent — unbounded
  ✓ nbfc.totalLiabilities: money line carries no per-metric steady band
  ✓ nbfc.totalLiabilities: declares a moneySense — level
  ✓ nbfc.totalLiabilities: comparable:false and comparabilityReason are both set or both absent
  ✓ nbfc.netWorth: bounds and outOfRangeReason are both set or both absent — unbounded
  ✓ nbfc.netWorth: money line carries no per-metric steady band
  ✓ nbfc.netWorth: declares a moneySense — level
  ✓ nbfc.netWorth: comparable:false and comparabilityReason are both set or both absent
  ✓ nbfc.cashAndCashEquivalents: bounds and outOfRangeReason are both set or both absent — unbounded
  ✓ nbfc.cashAndCashEquivalents: money line carries no per-metric steady band
  ✓ nbfc.cashAndCashEquivalents: declares a moneySense — level
  ✓ nbfc.cashAndCashEquivalents: comparable:false and comparabilityReason are both set or both absent
  ✓ nbfc.cashFromOperating: bounds and outOfRangeReason are both set or both absent — unbounded
  ✓ nbfc.cashFromOperating: money line carries no per-metric steady band
  ✓ nbfc.cashFromOperating: declares a moneySense — flow
  ✓ nbfc.cashFromOperating: comparable:false and comparabilityReason are both set or both absent
  ✓ nbfc.cashFromInvesting: bounds and outOfRangeReason are both set or both absent — unbounded
  ✓ nbfc.cashFromInvesting: money line carries no per-metric steady band
  ✓ nbfc.cashFromInvesting: declares a moneySense — flow
  ✓ nbfc.cashFromInvesting: comparable:false and comparabilityReason are both set or both absent
  ✓ nbfc.cashFromFinancing: bounds and outOfRangeReason are both set or both absent — unbounded
  ✓ nbfc.cashFromFinancing: money line carries no per-metric steady band
  ✓ nbfc.cashFromFinancing: declares a moneySense — flow
  ✓ nbfc.cashFromFinancing: comparable:false and comparabilityReason are both set or both absent
  ✓ nbfc.netInterestMargin: bounds and outOfRangeReason are both set or both absent — bounded
  ✓ nbfc.netInterestMargin: non-money line declares no moneySense
  ✓ nbfc.netInterestMargin: comparable:false and comparabilityReason are both set or both absent
  ✓ nbfc.netInterestMargin: non-money metric has a steady band
  ✓ nbfc.netInterestMargin: steady band records what it was fitted on
  ✓ nbfc.creditCost: bounds and outOfRangeReason are both set or both absent — bounded
  ✓ nbfc.creditCost: non-money line declares no moneySense
  ✓ nbfc.creditCost: comparable:false and comparabilityReason are both set or both absent
  ✓ nbfc.creditCost: non-money metric has a steady band
  ✓ nbfc.creditCost: steady band records what it was fitted on
  ✓ nbfc.costToIncomeAnnual: bounds and outOfRangeReason are both set or both absent — bounded
  ✓ nbfc.costToIncomeAnnual: non-money line declares no moneySense
  ✓ nbfc.costToIncomeAnnual: comparable:false and comparabilityReason are both set or both absent
  ✓ nbfc.costToIncomeAnnual: non-money metric has a steady band
  ✓ nbfc.costToIncomeAnnual: steady band records what it was fitted on
  ✓ nbfc.borrowingsToEquity: bounds and outOfRangeReason are both set or both absent — bounded
  ✓ nbfc.borrowingsToEquity: non-money line declares no moneySense
  ✓ nbfc.borrowingsToEquity: comparable:false and comparabilityReason are both set or both absent
  ✓ nbfc.borrowingsToEquity: non-money metric has a steady band
  ✓ nbfc.borrowingsToEquity: steady band records what it was fitted on
  ✓ nbfc.returnOnEquity: bounds and outOfRangeReason are both set or both absent — bounded
  ✓ nbfc.returnOnEquity: non-money line declares no moneySense
  ✓ nbfc.returnOnEquity: comparable:false and comparabilityReason are both set or both absent
  ✓ nbfc.returnOnEquity: non-money metric has a steady band
  ✓ nbfc.returnOnEquity: steady band records what it was fitted on
  ✓ nbfc.returnOnEquity: cross-field guard carries a reader-facing reason
  ✓ nbfc.returnOnEquity: cross-field guard only reads metrics this family reports — netWorth
  ✓ nbfc.basicEps: bounds and outOfRangeReason are both set or both absent — unbounded
  ✓ nbfc.basicEps: non-money line declares no moneySense
  ✓ nbfc.basicEps: comparable:false and comparabilityReason are both set or both absent
  ✓ nbfc.basicEps: non-money metric has a steady band
  ✓ nbfc.basicEps: steady band records what it was fitted on
  ✓ life_insurance.policyholdersFunds: bounds and outOfRangeReason are both set or both absent — unbounded
  ✓ life_insurance.policyholdersFunds: money line carries no per-metric steady band
  ✓ life_insurance.policyholdersFunds: declares a moneySense — level
  ✓ life_insurance.policyholdersFunds: comparable:false and comparabilityReason are both set or both absent
  ✓ life_insurance.investmentsPolicyholders: bounds and outOfRangeReason are both set or both absent — unbounded
  ✓ life_insurance.investmentsPolicyholders: money line carries no per-metric steady band
  ✓ life_insurance.investmentsPolicyholders: declares a moneySense — level
  ✓ life_insurance.investmentsPolicyholders: comparable:false and comparabilityReason are both set or both absent
  ✓ life_insurance.investmentsShareholders: bounds and outOfRangeReason are both set or both absent — unbounded
  ✓ life_insurance.investmentsShareholders: money line carries no per-metric steady band
  ✓ life_insurance.investmentsShareholders: declares a moneySense — level
  ✓ life_insurance.investmentsShareholders: comparable:false and comparabilityReason are both set or both absent
  ✓ life_insurance.assetsHeldToCoverLinkedLiabilities: bounds and outOfRangeReason are both set or both absent — unbounded
  ✓ life_insurance.assetsHeldToCoverLinkedLiabilities: money line carries no per-metric steady band
  ✓ life_insurance.assetsHeldToCoverLinkedLiabilities: declares a moneySense — level
  ✓ life_insurance.assetsHeldToCoverLinkedLiabilities: comparable:false and comparabilityReason are both set or both absent
  ✓ life_insurance.netWorth: bounds and outOfRangeReason are both set or both absent — unbounded
  ✓ life_insurance.netWorth: money line carries no per-metric steady band
  ✓ life_insurance.netWorth: declares a moneySense — level
  ✓ life_insurance.netWorth: comparable:false and comparabilityReason are both set or both absent
  ✓ life_insurance.surplusFromRevenueAccount: bounds and outOfRangeReason are both set or both absent — unbounded
  ✓ life_insurance.surplusFromRevenueAccount: money line carries no per-metric steady band
  ✓ life_insurance.surplusFromRevenueAccount: declares a moneySense — level
  ✓ life_insurance.surplusFromRevenueAccount: comparable:false and comparabilityReason are both set or both absent
  ✓ life_insurance.transferFromPolicyholders: bounds and outOfRangeReason are both set or both absent — unbounded
  ✓ life_insurance.transferFromPolicyholders: money line carries no per-metric steady band
  ✓ life_insurance.transferFromPolicyholders: declares a moneySense — level
  ✓ life_insurance.transferFromPolicyholders: comparable:false and comparabilityReason are both set or both absent
  ✓ life_insurance.incomeFromInvestmentsShareholders: bounds and outOfRangeReason are both set or both absent — unbounded
  ✓ life_insurance.incomeFromInvestmentsShareholders: money line carries no per-metric steady band
  ✓ life_insurance.incomeFromInvestmentsShareholders: declares a moneySense — level
  ✓ life_insurance.incomeFromInvestmentsShareholders: comparable:false and comparabilityReason are both set or both absent
  ✓ life_insurance.shareholdersExpenses: bounds and outOfRangeReason are both set or both absent — unbounded
  ✓ life_insurance.shareholdersExpenses: money line carries no per-metric steady band
  ✓ life_insurance.shareholdersExpenses: declares a moneySense — level
  ✓ life_insurance.shareholdersExpenses: comparable:false and comparabilityReason are both set or both absent
  ✓ life_insurance.returnOnEquity: bounds and outOfRangeReason are both set or both absent — bounded
  ✓ life_insurance.returnOnEquity: non-money line declares no moneySense
  ✓ life_insurance.returnOnEquity: comparable:false and comparabilityReason are both set or both absent
  ✓ life_insurance.returnOnEquity: non-money metric has a steady band
  ✓ life_insurance.returnOnEquity: steady band records what it was fitted on
  ✓ life_insurance.returnOnEquity: cross-field guard carries a reader-facing reason
  ✓ life_insurance.returnOnEquity: cross-field guard only reads metrics this family reports — netWorth
  ✓ life_insurance.basicEps: bounds and outOfRangeReason are both set or both absent — unbounded
  ✓ life_insurance.basicEps: non-money line declares no moneySense
  ✓ life_insurance.basicEps: comparable:false and comparabilityReason are both set or both absent
  ✓ life_insurance.basicEps: non-money metric has a steady band
  ✓ life_insurance.basicEps: steady band records what it was fitted on
  ✓ general_insurance.insurerInvestments: bounds and outOfRangeReason are both set or both absent — unbounded
  ✓ general_insurance.insurerInvestments: money line carries no per-metric steady band
  ✓ general_insurance.insurerInvestments: declares a moneySense — level
  ✓ general_insurance.insurerInvestments: comparable:false and comparabilityReason are both set or both absent
  ✓ general_insurance.netWorth: bounds and outOfRangeReason are both set or both absent — unbounded
  ✓ general_insurance.netWorth: money line carries no per-metric steady band
  ✓ general_insurance.netWorth: declares a moneySense — level
  ✓ general_insurance.netWorth: comparable:false and comparabilityReason are both set or both absent
  ✓ general_insurance.fairValueChangeAccount: bounds and outOfRangeReason are both set or both absent — unbounded
  ✓ general_insurance.fairValueChangeAccount: money line carries no per-metric steady band
  ✓ general_insurance.fairValueChangeAccount: declares a moneySense — level
  ✓ general_insurance.fairValueChangeAccount: comparable:false and comparabilityReason are both set or both absent
  ✓ general_insurance.cashAndCashEquivalents: bounds and outOfRangeReason are both set or both absent — unbounded
  ✓ general_insurance.cashAndCashEquivalents: money line carries no per-metric steady band
  ✓ general_insurance.cashAndCashEquivalents: declares a moneySense — level
  ✓ general_insurance.cashAndCashEquivalents: comparable:false and comparabilityReason are both set or both absent
  ✓ general_insurance.changeInOutstandingClaims: bounds and outOfRangeReason are both set or both absent — unbounded
  ✓ general_insurance.changeInOutstandingClaims: money line carries no per-metric steady band
  ✓ general_insurance.changeInOutstandingClaims: declares a moneySense — reserveMove
  ✓ general_insurance.changeInOutstandingClaims: comparable:false and comparabilityReason are both set or both absent
  ✓ general_insurance.premiumDeficiency: bounds and outOfRangeReason are both set or both absent — unbounded
  ✓ general_insurance.premiumDeficiency: money line carries no per-metric steady band
  ✓ general_insurance.premiumDeficiency: declares a moneySense — reserveMove
  ✓ general_insurance.premiumDeficiency: comparable:false and comparabilityReason are both set or both absent
  ✓ general_insurance.returnOnEquity: bounds and outOfRangeReason are both set or both absent — bounded
  ✓ general_insurance.returnOnEquity: non-money line declares no moneySense
  ✓ general_insurance.returnOnEquity: comparable:false and comparabilityReason are both set or both absent
  ✓ general_insurance.returnOnEquity: non-money metric has a steady band
  ✓ general_insurance.returnOnEquity: steady band records what it was fitted on
  ✓ general_insurance.returnOnEquity: cross-field guard carries a reader-facing reason
  ✓ general_insurance.returnOnEquity: cross-field guard only reads metrics this family reports — netWorth
  ✓ general_insurance.basicEps: bounds and outOfRangeReason are both set or both absent — unbounded
  ✓ general_insurance.basicEps: non-money line declares no moneySense
  ✓ general_insurance.basicEps: comparable:false and comparabilityReason are both set or both absent
  ✓ general_insurance.basicEps: non-money metric has a steady band
  ✓ general_insurance.basicEps: steady band records what it was fitted on
  ✓ no manifest reads a column measured 0% populated — 10 empty columns checked
  ✓ returnOnEquity: scale divergence is declared in SCALE_SEAMS — non_financial=percent vs banking=fraction
  ✓ returnOnEquity: scale divergence is declared in SCALE_SEAMS — non_financial=percent vs nbfc=fraction
  ✓ returnOnEquity: scale divergence is declared in SCALE_SEAMS — non_financial=percent vs life_insurance=fraction
  ✓ returnOnEquity: scale divergence is declared in SCALE_SEAMS — non_financial=percent vs general_insurance=fraction
  ✓ SCALE_SEAMS.returnOnEquity describes a divergence that still exists
  ✓ every scale divergence is declared, and every declaration is real — 43 distinct keys, 1 seam(s)

§4 · No annual attribution
  ✓ no annual metric carries a driver role (there is no annual bridge — see the manifest header)

§5 · Stage-4 rulings
  ✓ non_financial.returnOnEquity is guarded against a non-positive net worth — guarded
  ✓ non_financial.debtToEquity is guarded against a non-positive net worth — guarded
  ✓ banking.returnOnEquity is guarded against a non-positive net worth — guarded
  ✓ nbfc.returnOnEquity is guarded against a non-positive net worth — guarded
  ✓ life_insurance.returnOnEquity is guarded against a non-positive net worth — guarded
  ✓ general_insurance.returnOnEquity is guarded against a non-positive net worth — guarded
  ✓ negative control: the guard SUPPRESSES on a negative net worth
  ✓ negative control: the guard PASSES on a positive net worth
  ✓ negative control: the guard SUPPRESSES when net worth is absent (unknown is not positive)
  ✓ non_financial.basicEps is reported as a level only, never compared year on year
  ✓ non_financial.basicEps names the share count as the reason
  ✓ banking.basicEps is reported as a level only, never compared year on year
  ✓ banking.basicEps names the share count as the reason
  ✓ nbfc.basicEps is reported as a level only, never compared year on year
  ✓ nbfc.basicEps names the share count as the reason
  ✓ life_insurance.basicEps is reported as a level only, never compared year on year
  ✓ life_insurance.basicEps names the share count as the reason
  ✓ general_insurance.basicEps is reported as a level only, never compared year on year
  ✓ general_insurance.basicEps names the share count as the reason
  ✓ no manifest declares a per-share book value (the KOTAKBANK face-value parse — see banking.basicEps)
  ✓ banking.basicEps records WHY the per-share book value is absent (so nobody re-adds it)
  ✓ life_insurance: does not declare total_assets (the insurer application-of-funds trap)
  ✓ general_insurance: does not declare total_assets (the insurer application-of-funds trap)
  ✓ life_insurance records WHY total_assets is a trap on the insurance tables
  ✓ C31 · banking.deposits records that deposits >= advances is NOT asserted despite holding 51/51
  ✓ C31 · life_insurance.surplusFromRevenueAccount records the same-population candidate the DATA refused
  ✓ life_insurance.transferFromPolicyholders corrects manifest.ts's claim that the annual lines close the bridge

§6 · What the quarterly card promises not to promise, this one delivers
  ✓ annual catalogue carries "netInterestMargin" (absent from the quarterly one by ruling 1e)
  ✓ annual catalogue carries "creditCost" (absent from the quarterly one by ruling 1e)
  ✓ annual catalogue carries "loanBook" (absent from the quarterly one by ruling 1e)
  ✓ annual catalogue carries "borrowingsToEquity" (absent from the quarterly one by ruling 1e)

§7 · The parser backlog (C33)
  ✓ every manifest containment names a backlog entry — claims: PB-2, PB-1, PB-3
  ✓ every backlog entry is referenced by the manifest containment it describes — register: PB-1, PB-2, PB-3
  ✓ PB-1: names its columns, its origin, its containment and its fix — life_insurance_quarterly_results.persistency_ratio_{13,25,37,49,61}_month
  ✓ PB-2: names its columns, its origin, its containment and its fix — banking_quarterly_results.tier1_ratio
  ✓ PB-3: names its columns, its origin, its containment and its fix — fundamentals.book_value_per_share

§8 · The stored schema (Stage 5)
  ✓ the payload interfaces were found — BriefLine, BriefTakeaway, BriefQuarterSection, BriefAnnualSection, BriefHealthSection, BriefPayload
  ✓ BriefLine: carries no numeric field — all strings
  ✓ BriefTakeaway: carries no numeric field — all strings
  ✓ BriefQuarterSection: carries no numeric field — all strings
  ✓ BriefAnnualSection: carries no numeric field — all strings
  ✓ BriefHealthSection: carries no numeric field — all strings
  ✓ BriefPayload: carries no numeric field — all strings
  ✓ BriefPayload carries no `personal` key (section 3 is per-reader and never stored)
  ✓ schema.ts does not import personal.ts (the stored shape cannot reach a reader's position)

✅ ANNUAL-METRIC GATES PASS — 43 glosses, 67 manifest slots, 3 backlog entries, every ruling held

════════════════════════════════════════════════════════════════════════════════════════════════════
1 · ★ EVERY AUTHORED SENTENCE, BYTE-IDENTICAL
════════════════════════════════════════════════════════════════════════════════════════════════════

  ── SCORED · full · Q1–Q3 voice (Momentum only) ──
  ✓ before/held — verbatim
  ✓ before/watching — verbatim
  ✓ before/none — verbatim
  ✓ day_of/held — verbatim
  ✓ day_of/watching — verbatim
  ✓ day_of/none — verbatim

  ── SCORED · full · Q4 voice (the brief's original pillar wording) ──
  ✓ before/held — verbatim
  ✓ before/watching — verbatim
  ✓ before/none — verbatim
  ✓ day_of/held — verbatim
  ✓ day_of/watching — verbatim
  ✓ day_of/none — verbatim

  ── UNSCORED · full · Q1–Q3 (quarter only) ──
  ✓ before/held — verbatim
  ✓ before/watching — verbatim
  ✓ before/none — verbatim
  ✓ day_of/held — verbatim
  ✓ day_of/watching — verbatim
  ✓ day_of/none — verbatim
  ✓ after/held — verbatim
  ✓ after/watching — verbatim
  ✓ after/none — verbatim

  ── UNSCORED · full · Q4 (audited full year rides along) ──
  ✓ before/held — verbatim
  ✓ before/watching — verbatim
  ✓ before/none — verbatim
  ✓ day_of/held — verbatim
  ✓ day_of/watching — verbatim
  ✓ day_of/none — verbatim
  ✓ after/held — verbatim
  ✓ after/watching — verbatim
  ✓ after/none — verbatim

  ── SCORED · short · Q1–Q3 voice ──
  ✓ before/held — verbatim
  ✓ before/watching — verbatim
  ✓ before/none — verbatim
  ✓ day_of/held — verbatim
  ✓ day_of/watching — verbatim
  ✓ day_of/none — verbatim

  ── UNSCORED · short · Q1–Q3 ──
  ✓ before/held — verbatim
  ✓ before/watching — verbatim
  ✓ before/none — verbatim
  ✓ day_of/held — verbatim
  ✓ day_of/watching — verbatim
  ✓ day_of/none — verbatim
  ✓ after/held — verbatim
  ✓ after/watching — verbatim
  ✓ after/none — verbatim

  ── UNSCORED · short · Q4 ──
  ✓ before/held — verbatim
  ✓ before/watching — verbatim
  ✓ before/none — verbatim
  ✓ day_of/held — verbatim
  ✓ day_of/watching — verbatim
  ✓ day_of/none — verbatim
  ✓ after/held — verbatim
  ✓ after/watching — verbatim
  ✓ after/none — verbatim

  ── ★ FILED TODAY · full · Q1–Q3 ──
  ✓ filed_today/held — verbatim
  ✓ filed_today/watching — verbatim
  ✓ filed_today/none — verbatim

  ── ★ FILED TODAY · full · Q4 ──
  ✓ filed_today/held — verbatim
  ✓ filed_today/watching — verbatim
  ✓ filed_today/none — verbatim

  ── ★ FILED TODAY · short · Q1–Q3 ──
  ✓ filed_today/held — verbatim
  ✓ filed_today/watching — verbatim
  ✓ filed_today/none — verbatim

  ── ★ FILED TODAY · short · Q4 ──
  ✓ filed_today/held — verbatim
  ✓ filed_today/watching — verbatim
  ✓ filed_today/none — verbatim

════════════════════════════════════════════════════════════════════════════════════════════════════
1b · ★ THE POST-RESULT PHASES CARRY NO SCORE CLAUSE, IN EITHER COPY SET
════════════════════════════════════════════════════════════════════════════════════════════════════
  ✓ every post-result cell is identical across copy sets — 2 phases × 3 positions × 2 quarters × publication branch
  ✓ no post-result string claims our score is behind — clean
  ✓ NEGATIVE CONTROL — the retired after/held sentence WOULD be caught
  ✓ the forward phases still name the score

════════════════════════════════════════════════════════════════════════════════════════════════════
2 · ★ THE PILLAR VOICE MATCHES THE FILING (this replaced a standing warning)
════════════════════════════════════════════════════════════════════════════════════════════════════
  ✓ a Q1 meeting names Momentum and NOT Foundation
  ✓ a Q4 meeting names BOTH
  ✓ "One of the four pillars" for Q1–Q3
  ✓ "Two of the four pillars" for Q4
  ✓ Q1–Q3 voice agrees in number across all 7 clauses — clean
  ✓ Q4 voice agrees in number across all 7 clauses — clean
  ✓ 2026-08-12 (Q1) → momentum only
  ✓ 2026-05-14 (Q4) → foundation + momentum
  ✓ no sentence in ANY cell names Foundation when the pillars do not

════════════════════════════════════════════════════════════════════════════════════════════════════
3 · ★ THE UNSCORED SET CLAIMS NOTHING ABOUT A SCORE THAT DOES NOT EXIST
════════════════════════════════════════════════════════════════════════════════════════════════════
  ✓ all 60 unscored strings are clean of score/pillar/ingestion/staleness — clean
  ✓ NEGATIVE CONTROL — the same scan DOES bite the scored copy (forward phase) — caught
  ✓ every unscored string still states the results fact — 9 cells × 2 forms
  ✓ unscored/held names the holding
  ✓ unscored/watching names the watchlist

════════════════════════════════════════════════════════════════════════════════════════════════════
3b · ★ THE UNSCORED SET NAMES WHAT THE FILING CONTAINS, AND VARIES IT BY QUARTER
════════════════════════════════════════════════════════════════════════════════════════════════════
  ✓ every unscored string names what the filing contains — 18 cells × 2 forms
  ✓ unscored/before — Q1–Q3 and Q4 differ
  ✓ unscored/before — only the Q4 voice names the full year
  ✓ unscored/before — the period month is named
  ✓ unscored/day_of — Q1–Q3 and Q4 differ
  ✓ unscored/day_of — only the Q4 voice names the full year
  ✓ unscored/day_of — the period month is named
  ✓ unscored/after — Q1–Q3 and Q4 differ
  ✓ unscored/after — only the Q4 voice names the full year
  ✓ unscored/after — the period month is named
  ✓ 2026-08-12 → June, not annual-bearing — {"monthName":"June","isAnnualBearing":false}
  ✓ 2026-05-14 → March, annual-bearing — {"monthName":"March","isAnnualBearing":true}
  ✓ 2026-11-05 → September
  ✓ 2027-02-04 → December
  ✓ every unscored clause's tense matches whether a filing exists — present only where confirmed

════════════════════════════════════════════════════════════════════════════════════════════════════
4 · ★ THE DATE IS A SEGMENT, IN MONO, AND ONLY WHERE THE SENTENCE CARRIES ONE
════════════════════════════════════════════════════════════════════════════════════════════════════
  ✓ 72 dated strings carry exactly one mono date segment
  ✓ 48 "today"-phase strings carry none, and name no date

════════════════════════════════════════════════════════════════════════════════════════════════════
5 · ★ THE EXISTING FORWARD-LANGUAGE SCAN (R2/R3) OVER EVERY STRING
════════════════════════════════════════════════════════════════════════════════════════════════════
  ✓ all 120 rendered strings pass scanForwardLanguage — clean
  ✓ NEGATIVE CONTROL — a planted R3 phrase IS caught — caught
  ✓ NEGATIVE CONTROL — a planted R2 phrase IS caught — caught

════════════════════════════════════════════════════════════════════════════════════════════════════
6 · ★ PART 2's MECHANICAL CONSTRAINTS, OVER BOTH FORMS
════════════════════════════════════════════════════════════════════════════════════════════════════
  ✓ no promise of movement (incl. `expect`) — clean across all 120 strings
  ✓ no lag number — clean across all 120 strings
  ✓ no instruction — clean across all 120 strings
  ✓ NEGATIVE CONTROL — 'the score will move' IS caught
  ✓ NEGATIVE CONTROL — 'so expect the score to shift' IS caught (the retired wording)
  ✓ NEGATIVE CONTROL — 'Momentum will move once ingested' IS caught
  ✓ NEGATIVE CONTROL — 'within three days' IS caught
  ✓ NEGATIVE CONTROL — 'keep an eye on this' IS caught
  ✓ NEGATIVE CONTROL — 'check this after it lands' IS caught
  ✓ NEGATIVE CONTROL — "See the results page for the June-quarter figures." IS caught
  ✓ NEGATIVE CONTROL — "Check the results page once they are filed." IS caught
  ✓ NEGATIVE CONTROL — "Review the results page for the full-year accounts." IS caught
  ✓ NEGATIVE CONTROL — "Look at the results page for the March quarter." IS caught
  ✓ NEGATIVE CONTROL — "You can find them on the results page." IS caught
  ✓ NEGATIVE CONTROL — "Head to the results page for the numbers." IS caught
  ✓ …and shipped descriptive copy is NOT caught: "The June-quarter top line, profit and margins …"
  ✓ …and shipped descriptive copy is NOT caught: "Results are due on 12 August. Foundation and M…"
  ✓ …and shipped descriptive copy is NOT caught: "A year-end filing carries the audited full-yea…"
  ✓ …and 'you're watching this' is NOT caught (descriptive, not an instruction)

════════════════════════════════════════════════════════════════════════════════════════════════════
7 · ★ THE SHORT FORM IS SHORTER, AND STILL DISTINGUISHES EVERY READER STATE
════════════════════════════════════════════════════════════════════════════════════════════════════
  ✓ all 60 short forms are no longer than their full form
  ✓ every short form is within the 150-character budget (~4 lines at 360px) — longest 135
  ✓ NEGATIVE CONTROL — the retired full-length day-of sentence WOULD blow the budget — 202 chars
  ✓ scored/before — three DISTINCT short forms
  ✓ scored/day_of — three DISTINCT short forms
  ✓ scored/filed_today — three DISTINCT short forms
  ✓ scored/after — three DISTINCT short forms
  ✓ unscored/before — three DISTINCT short forms
  ✓ unscored/day_of — three DISTINCT short forms
  ✓ unscored/filed_today — three DISTINCT short forms
  ✓ unscored/after — three DISTINCT short forms
  ✓ scored/before — three DISTINCT full forms
  ✓ scored/day_of — three DISTINCT full forms
  ✓ scored/filed_today — three DISTINCT full forms
  ✓ scored/after — three DISTINCT full forms
  ✓ unscored/before — three DISTINCT full forms
  ✓ unscored/day_of — three DISTINCT full forms
  ✓ unscored/filed_today — three DISTINCT full forms
  ✓ unscored/after — three DISTINCT full forms
  ✓ scored/before/held names the holding, not the watchlist
  ✓ scored/day_of/held names the holding, not the watchlist
  ✓ scored/filed_today/held names the holding, not the watchlist
  ✓ scored/after/held names the holding, not the watchlist
  ✓ unscored/before/held names the holding, not the watchlist
  ✓ unscored/day_of/held names the holding, not the watchlist
  ✓ unscored/filed_today/held names the holding, not the watchlist
  ✓ unscored/after/held names the holding, not the watchlist
  ✓ chip labels
  ✓ no chip for a stranger

════════════════════════════════════════════════════════════════════════════════════════════════════
8 · ★ THE UNCONFIRMED-PUBLICATION BRANCH MAKES NO PUBLICATION CLAIM — BOTH SETS, BOTH FORMS
════════════════════════════════════════════════════════════════════════════════════════════════════
  ✓ scored/after/held · full — no publication claim — states the schedule only
  ✓ scored/after/held · full — says "were scheduled for"
  ✓ scored/after/held · short — no publication claim — states the schedule only
  ✓ scored/after/held · short — says "were scheduled for"
  ✓ scored/after/watching · full — no publication claim — states the schedule only
  ✓ scored/after/watching · full — says "were scheduled for"
  ✓ scored/after/watching · short — no publication claim — states the schedule only
  ✓ scored/after/watching · short — says "were scheduled for"
  ✓ scored/after/none · full — no publication claim — states the schedule only
  ✓ scored/after/none · full — says "were scheduled for"
  ✓ scored/after/none · short — no publication claim — states the schedule only
  ✓ scored/after/none · short — says "were scheduled for"
  ✓ scored — the unconfirmed watchlist copy carries no pronoun for unpublished results
  ✓ scored — the confirmed branch DOES state publication (all three, both forms)
  ✓ unscored/after/held · full — no publication claim — states the schedule only
  ✓ unscored/after/held · full — says "were scheduled for"
  ✓ unscored/after/held · short — no publication claim — states the schedule only
  ✓ unscored/after/held · short — says "were scheduled for"
  ✓ unscored/after/watching · full — no publication claim — states the schedule only
  ✓ unscored/after/watching · full — says "were scheduled for"
  ✓ unscored/after/watching · short — no publication claim — states the schedule only
  ✓ unscored/after/watching · short — says "were scheduled for"
  ✓ unscored/after/none · full — no publication claim — states the schedule only
  ✓ unscored/after/none · full — says "were scheduled for"
  ✓ unscored/after/none · short — no publication claim — states the schedule only
  ✓ unscored/after/none · short — says "were scheduled for"
  ✓ unscored — the unconfirmed watchlist copy carries no pronoun for unpublished results
  ✓ unscored — the confirmed branch DOES state publication (all three, both forms)

════════════════════════════════════════════════════════════════════════════════════════════════════
9 · ★ THE WINDOW, AT EVERY BOUNDARY
════════════════════════════════════════════════════════════════════════════════════════════════════
  ✓ T-8  (outside) → silence — silence
  ✓ T-7  (after, far edge) → after — after
  ✓ T-1  (after, near edge) → after — after
  ✓ T+0  (the day) → day_of — day_of
  ✓ T+1  (before, near edge) → before — before
  ✓ T+7  (before, far edge) → before — before
  ✓ T+8  (outside) → silence — silence
  ✓ daysOut ignores a stray time component
  ✓ utcMidnight normalises

════════════════════════════════════════════════════════════════════════════════════════════════════
10 · ★ RESCHEDULE RESIDUE — the stale row must never win
════════════════════════════════════════════════════════════════════════════════════════════════════
  ✓ two future dates → the EARLIEST (the next meeting actually coming)
  ✓ one past + one future → the FUTURE one (JUBLPHARMA: 7 Aug stale, 10 Aug live)
  ✓ all past → the LATEST (the most recent thing that happened)
  ✓ today counts as ahead, not behind
  ✓ no dates → null

════════════════════════════════════════════════════════════════════════════════════════════════════
11 · PERIOD END + THE PILLARS A FILING ACTUALLY FEEDS
════════════════════════════════════════════════════════════════════════════════════════════════════
  ✓ meeting 2026-08-12 → period end 2026-06-30 — 2026-06-30
  ✓ meeting 2026-08-12 → [momentum]
  ✓ meeting 2026-11-05 → period end 2026-09-30 — 2026-09-30
  ✓ meeting 2026-11-05 → [momentum]
  ✓ meeting 2027-02-04 → period end 2026-12-31 — 2026-12-31
  ✓ meeting 2027-02-04 → [momentum]
  ✓ meeting 2026-05-14 → period end 2026-03-31 — 2026-03-31
  ✓ meeting 2026-05-14 → [foundation, momentum]
  ✓ meeting 2026-01-20 → period end 2025-12-31 — 2025-12-31
  ✓ meeting 2026-01-20 → [momentum]

════════════════════════════════════════════════════════════════════════════════════════════════════
12 · DATE VOICE + THE SERVER-BUILT LINK
════════════════════════════════════════════════════════════════════════════════════════════════════
  ✓ 12 Aug 2026 renders as "12 August" — 12 August
  ✓ 1 Sep renders as "1 September" (no leading zero) — 1 September
  ✓ no year on the strip
  ✓ link label
  ✓ link href is built server-side and encoded — /results/M%26M?tab=snapshot

────────────────────────────────────────────────────────────────────────────────────────────────────
matrix: 60 cells × 2 forms = 120 rendered strings
PASSED — every cell of the copy matrix holds, and no standing warnings remain.

════════════════════════════════════════════════════════════════════════════════════════════════════
1 · ★ EVERY AUTHORED SENTENCE, BYTE-IDENTICAL
════════════════════════════════════════════════════════════════════════════════════════════════════

  ── the four states · full · ahead branch · Q1–Q3 · all scored ──
  ✓ none_reported — verbatim
  ✓ partly — verbatim
  ✓ one_remaining — verbatim
  ✓ all_reported — verbatim

  ── the four states · short ──
  ✓ none_reported — verbatim
  ✓ partly — verbatim
  ✓ one_remaining — verbatim
  ✓ all_reported — verbatim

  ── the BEHIND branch · full ──
  ✓ none_reported — verbatim
  ✓ partly — verbatim
  ✓ one_remaining — verbatim

  ── the BEHIND branch · short ──
  ✓ none_reported — verbatim
  ✓ partly — verbatim
  ✓ one_remaining — verbatim

  ── reader exposure · full ──
  ✓ stranger — verbatim
  ✓ watching×2 — verbatim
  ✓ held×1 — verbatim
  ✓ held×1+watching×2 — verbatim

  ── reader exposure · short ──
  ✓ stranger — verbatim
  ✓ watching×2 — verbatim
  ✓ held×1 — verbatim
  ✓ held×1+watching×2 — verbatim

  ── the scoring clause · full ──
  ✓ Q1/all — verbatim
  ✓ Q1/partly — verbatim
  ✓ Q1/none — verbatim
  ✓ Q4/all — verbatim
  ✓ Q4/partly — verbatim
  ✓ Q4/none — verbatim

  ── the scoring clause · short ──
  ✓ Q1/all — verbatim
  ✓ Q1/partly — verbatim
  ✓ Q1/none — verbatim
  ✓ Q4/all — verbatim
  ✓ Q4/partly — verbatim
  ✓ Q4/none — verbatim

  ── the one-dated-member season ──
  ✓ none_reported/ahead · full — verbatim
  ✓ none_reported/ahead · short — verbatim
  ✓ none_reported/behind · full — verbatim
  ✓ none_reported/behind · short — verbatim
  ✓ all_reported · full — verbatim
  ✓ all_reported · short — verbatim

════════════════════════════════════════════════════════════════════════════════════════════════════
2 · ★ THE EXISTING FORWARD-LANGUAGE SCAN (R2/R3) OVER EVERY STRING
════════════════════════════════════════════════════════════════════════════════════════════════════
  ✓ all 336 rendered strings pass scanForwardLanguage — clean
  ✓ NEGATIVE CONTROL — a planted R3 phrase IS caught — caught
  ✓ NEGATIVE CONTROL — a planted R2 phrase IS caught — caught

════════════════════════════════════════════════════════════════════════════════════════════════════
3 · ★ THE SHARED INSTRUCTION / MOVEMENT-PROMISE / LAG-NUMBER SCANS — THE SAME OBJECTS THE STOCK STRIP'S GATE RUNS
════════════════════════════════════════════════════════════════════════════════════════════════════
  ✓ no promise of movement (incl. `expect`) — clean across all 336 strings
  ✓ no lag number — clean across all 336 strings
  ✓ no instruction — clean across all 336 strings
  ✓ NEGATIVE CONTROL — 'Momentum will move once the last one lands' IS caught
  ✓ NEGATIVE CONTROL — 'expect the group's score to shift' IS caught
  ✓ NEGATIVE CONTROL — 'the last three report within two days' IS caught
  ✓ NEGATIVE CONTROL — 'three are still to come over the next two weeks' IS caught
  ✓ NEGATIVE CONTROL — "Check the ones still to report." IS caught
  ✓ NEGATIVE CONTROL — "See the results page for each of them." IS caught
  ✓ NEGATIVE CONTROL — "Watch for the last two." IS caught
  ✓ NEGATIVE CONTROL — "Keep an eye on the remaining three." IS caught
  ✓ NEGATIVE CONTROL — "You can find them on the results feed." IS caught
  ✓ NEGATIVE CONTROL — "Review the seven that have posted results." IS caught
  ✓ …and shipped descriptive copy is NOT caught: "Foundation reads the annual accounts, so a J…"
  ✓ …and shipped descriptive copy is NOT caught: "Momentum reads the quarter; all ten scored.…"
  ✓ …and shipped descriptive copy is NOT caught: "Two are on your watchlist and one you hold.…"

════════════════════════════════════════════════════════════════════════════════════════════════════
4 · ★ THE COUNTS COME FROM DATA — change one and the sentence changes
════════════════════════════════════════════════════════════════════════════════════════════════════
  ✓ due (7 vs 10) — full form varies
  ✓ due (7 vs 10) — short form varies
  ✓ reported (5 vs 7 of ten) — full form varies
  ✓ reported (5 vs 7 of ten) — short form varies
  ✓ remaining follows reported — full form varies
  ✓ remaining follows reported — short form varies
  ✓ scored (10 vs 6) — full form varies
  ✓ scored (10 vs 6) — short form varies
  ✓ held (1 vs 3) — full form varies
  ✓ held (1 vs 3) — short form varies
  ✓ watching (1 vs 3) — full form varies
  ✓ watching (1 vs 3) — short form varies
  ✓ the quarter (June vs March) — full form varies
  ✓ the quarter (June vs March) — short form varies
  ✓ the opening date — full form varies
  ✓ the opening date — short form varies
  ✓ the next date — full form varies
  ✓ the next date — short form varies
  ✓ the last filing date — full form varies
  ✓ the last filing date — short form varies
  ✓ the remaining member's name — full form varies
  ✓ the remaining member's name — short form varies
  ✓ a 9-member season states nine, six, three, two and four — Six of the nine have posted results. Three are still to come, the next on 11 August. Three are on your watchlist and two you hold. Foundation reads the annual accounts, so a June-quarter filing bears on Momentum alone; four of the nine are scored.

════════════════════════════════════════════════════════════════════════════════════════════════════
5 · ★ THE READER'S EXPOSURE IS COUNTS ONLY — no name, no value, no position readout
════════════════════════════════════════════════════════════════════════════════════════════════════
  ✓ all 252 exposed strings carry counts only — clean
  ✓ NEGATIVE CONTROL — a value claim WOULD be caught
  ✓ none_reported · full — four DISTINCT exposure variants
  ✓ none_reported · short — four DISTINCT exposure variants
  ✓ partly · full — four DISTINCT exposure variants
  ✓ partly · short — four DISTINCT exposure variants
  ✓ one_remaining · full — four DISTINCT exposure variants
  ✓ one_remaining · short — four DISTINCT exposure variants
  ✓ all_reported · full — four DISTINCT exposure variants
  ✓ all_reported · short — four DISTINCT exposure variants
  ✓ both counts appear in one clause — All ten have posted results, the last on 6 August. Two are on your watchlist and one you hold. Foundation reads the annual accounts, so a June-quarter filing bears on Momentum alone; all ten of them are scored.
  ✓ …and in the short form too — All ten posted results — last on 6 August. Two on your watchlist, one held. Momentum reads the quarter; all ten scored.

════════════════════════════════════════════════════════════════════════════════════════════════════
6 · ★ THE PILLAR VOICE MATCHES THE FILING, AND A ZERO-SCORED SEASON NAMES NO PILLAR
════════════════════════════════════════════════════════════════════════════════════════════════════
  ✓ no Q1–Q3 string claims Foundation is fed by the quarter — checked across the whole matrix
  ✓ a Q1–Q3 season says Momentum ALONE
  ✓ a Q4 season names BOTH
  ✓ a Q4 season names the audited full year
  ✓ the period MONTH is named and comes from the descriptor
  ✓ zero-scored [Q1–Q3] names no pillar — All ten have posted results, the last on 6 August. None of them carries a health score, so a June-quarter filing changes nothing on our side.All ten posted results — last on 6 August. None of them is scored.
  ✓ zero-scored [Q1–Q3] says so plainly
  ✓ zero-scored [Q4] names no pillar — All ten have posted results, the last on 6 August. None of them carries a health score, so a year-end filing changes nothing on our side.All ten posted results — last on 6 August. None of them is scored.
  ✓ zero-scored [Q4] says so plainly
  ✓ NEGATIVE CONTROL — a scored season DOES name a pillar
  ✓ 2026-08-12 → June, not annual-bearing — {"monthName":"June","isAnnualBearing":false}
  ✓ 2026-05-14 → March, annual-bearing — {"monthName":"March","isAnnualBearing":true}

════════════════════════════════════════════════════════════════════════════════════════════════════
7 · ★ THE DATE IS A SEGMENT, IN MONO, AND ONLY THE DATE IS
════════════════════════════════════════════════════════════════════════════════════════════════════
  ✓ 360 mono segments across the matrix, every one a date
  ✓ none_reported names TWO dates (the opening and the last)
  ✓ all_reported names ONE date (the last filing)

════════════════════════════════════════════════════════════════════════════════════════════════════
8 · ★ NUMBER AGREEMENT — the seam a fragment-assembler gets wrong
════════════════════════════════════════════════════════════════════════════════════════════════════
  ✓ every count agrees in number — clean
  ✓ singular reported reads "One of the ten has posted results"
  ✓ plural reported reads "Seven of the ten have posted results"
  ✓ singular watchlist reads "One is on your watchlist"
  ✓ plural watchlist reads "Two are on your watchlist"
  ✓ NEGATIVE CONTROL — the shipped-then-fixed disagreement WOULD be caught
  ✓ due=2 · full reads "Both have posted results" — Both have posted results, the last on 6 August. Foundation reads the annual accounts, so a June-quarter filing bears on Momentum alone; both of them are scored.
  ✓ due=2 · short reads "Both posted results" — Both posted results — last on 6 August. Momentum reads the quarter; both scored.
  ✓ due=2 · the scoring tail says "both", never "all two" — Both posted results — last on 6 August. Momentum reads the quarter; both scored.
  ✓ NEGATIVE CONTROL — "All two" appears nowhere in the matrix
  ✓ NEGATIVE CONTROL — the retired phrasing WOULD be caught
  ✓ countWord 0…10
  ✓ countWord falls back to a numeral above ten
  ✓ CountWord capitalises

════════════════════════════════════════════════════════════════════════════════════════════════════
9 · ★ THE AHEAD/BEHIND BRANCH MAKES NO CLAIM ABOUT A DATE THAT HAS PASSED
════════════════════════════════════════════════════════════════════════════════════════════════════
  ✓ no behind-branch string claims a future date — clean
  ✓ NEGATIVE CONTROL — the ahead branch DOES make the claim
  ✓ none_reported behind — states the schedule in the past tense — Nothing has been posted for this group's June quarter. Ten members have a date, the last of them on 18 August. Foundation reads the annual accounts, so a June-quarter filing bears on Momentum alone; all ten of them are scored.
  ✓ partly behind — states the schedule in the past tense — Seven of the ten have posted results. Three are still to come; the earliest of them was scheduled for 11 August. Foundation reads the annual accounts, so a June-quarter filing bears on Momentum alone; all ten of them are scored.
  ✓ one_remaining behind — states the schedule in the past tense — Nine of the ten have posted results. Only ZYDUSLIFE is left; it was scheduled for 11 August. Foundation reads the annual accounts, so a June-quarter filing bears on Momentum alone; all ten of them are scored.

════════════════════════════════════════════════════════════════════════════════════════════════════
10 · ★ THE SHORT FORM IS SHORTER, AND KEEPS EVERY DISTINCTION
════════════════════════════════════════════════════════════════════════════════════════════════════
  ✓ all 168 short forms are no longer than their full form
  ✓ every short form is within the 175-character budget — longest 167 — partly/behind/held×1+watching×2/partly scored [Q4]
  ✓ NEGATIVE CONTROL — the FULL form of the longest cell WOULD blow the budget
  ✓ four DISTINCT full state clauses
  ✓ four DISTINCT short state clauses

════════════════════════════════════════════════════════════════════════════════════════════════════
11 · ★ THE SEASON WINDOW, AT EVERY BOUNDARY
════════════════════════════════════════════════════════════════════════════════════════════════════
  ✓ SEASON_EDGE_DAYS IS the stock strip's WINDOW_DAYS — one constant, two surfaces — 7
  ✓ SEASON_SCAN_DAYS clears the widest measured spread (33d) plus an edge — 45
  ✓ earliest → T-7 — 2026-07-15
  ✓ latest → T+7 — 2026-08-18
  ✓ firstDate / lastDate are the member dates themselves
  ✓ a one-date season is a 15-day window
  ✓ an unsorted input gives the same window
  ✓ a stray time component is normalised
  ✓ the day before the window opens → outside
  ✓ the day the window opens (T-7) → inside
  ✓ the earliest member date → inside
  ✓ mid-season → inside
  ✓ the latest member date → inside
  ✓ the day the window closes (T+7) → inside
  ✓ the day after → outside

════════════════════════════════════════════════════════════════════════════════════════════════════
12 · ★ TWO SEASONS IN THE READ BAND ARE SEPARATED, NOT MERGED
════════════════════════════════════════════════════════════════════════════════════════════════════
  ✓ two periods → two seasons — 2026-06-30, 2026-09-30
  ✓ keyed by period END — 2026-06-30, 2026-09-30
  ✓ a July and an August meeting share a season
  ✓ today inside Q1's window → the June season — 2026-06-30
  ✓ today inside Q2's window → the September season — 2026-09-30
  ✓ today between the two → null (outside_window)
  ✓ overlapping windows → the later period wins — 2026-06-30,2026-09-30
  ✓ an empty set → null

════════════════════════════════════════════════════════════════════════════════════════════════════
13 · ★ THE STATE PRECEDENCE — reported === 0 wins over remaining === 1
════════════════════════════════════════════════════════════════════════════════════════════════════
  ✓ nothing filed, ten due → none_reported — none_reported
  ✓ nothing filed, ONE due — still the season ahead, never one_remaining → none_reported — none_reported
  ✓ nothing filed, two due → none_reported — none_reported
  ✓ one filed of ten → partly — partly
  ✓ seven of ten → partly — partly
  ✓ eight of ten → partly — partly
  ✓ nine of ten → one_remaining — one_remaining
  ✓ one of two → one_remaining — one_remaining
  ✓ all ten → all_reported — all_reported
  ✓ the one dated member has filed → all_reported — all_reported
  ✓ one_remaining always implies at least one reporter

════════════════════════════════════════════════════════════════════════════════════════════════════
14 · ★ ORDER CARRIES MEANING — reported is a FEED, pending is a SCHEDULE
════════════════════════════════════════════════════════════════════════════════════════════════════
  ✓ reported — most recent FIRST — POWERINDIA,CUMMINSIND,ABB,THERMAX,HONAUT,LT,BHEL
  ✓ pending — the next reporter FIRST — SIEMENS
  ✓ reported excludes the unfiled
  ✓ pending excludes the filed
  ✓ the two rows partition the roster
  ✓ same filing date → ticker order, stable
  ✓ …and reversing the input does not change it
  ✓ same scheduled date → ticker order, stable
  ✓ …and reversing the input does not change it
  ✓ neither ordering mutates the input

════════════════════════════════════════════════════════════════════════════════════════════════════
15 · ★ CAPSULES — a link IFF a filing exists, and the date basis follows it
════════════════════════════════════════════════════════════════════════════════════════════════════
  ✓ a reported capsule links to the results page — /results/RAMCOCEM?tab=snapshot
  ✓ …and its date basis is the FILING
  ✓ …and its date text is the app's voice — 7 August
  ✓ …with no year
  ✓ …and the ISO date rides along for telemetry — 2026-08-07
  ✓ a pending capsule carries NO link — there is nothing filed to open — null
  ✓ …and its date basis is the MEETING
  ✓ …and it names the scheduled date — 11 August
  ✓ a slipped filing names the publication date, not the meeting — 14 August
  ✓ an UNSCORED reported member still links — /results/MOTHERSON?tab=snapshot
  ✓ the symbol is URL-encoded
  ✓ the capsule carries the company name for its label

════════════════════════════════════════════════════════════════════════════════════════════════════
16 · THE SERVER-BUILT CONTROL
════════════════════════════════════════════════════════════════════════════════════════════════════
  ✓ link label — Open results feed
  ✓ link href is built server-side — /results
  ✓ the label is a CONTROL, not a sentence — it is not scanned as copy

════════════════════════════════════════════════════════════════════════════════════════════════════
17 · ★ EXPOSURE MARKERS — four states, and 'both' is one of them
════════════════════════════════════════════════════════════════════════════════════════════════════
  ✓ a none capsule carries exposure="none" — none
  ✓ a held capsule carries exposure="held" — held
  ✓ a watching capsule carries exposure="watching" — watching
  ✓ a both capsule carries exposure="both" — both
  ✓ 'both' is never collapsed to 'held'
  ✓ a PENDING capsule can be marked too
  ✓ an UNSCORED reported capsule can be marked, and still links
  ✓ ordering ignores the marker

════════════════════════════════════════════════════════════════════════════════════════════════════
18 · ★★ THE SENTENCE AND THE MARKERS AGREE — one fact, one source
════════════════════════════════════════════════════════════════════════════════════════════════════
  ✓ nobody exposed — counts match the marks (held 0, watchlist 0) — counts 0/0 vs drawn 0/0
  ✓ nobody exposed — the sentence carries NO exposure clause — Both have posted results, the last on 6 August. Foundation reads the annual accounts, so a June-quarter filing bears on Momentum alone; both of them are scored.
  ✓ one held — counts match the marks (held 1, watchlist 0) — counts 1/0 vs drawn 1/0
  ✓ one held — the sentence names the holding — Both have posted results, the last on 6 August. You hold one of them. Foundation reads the annual accounts, so a June-quarter filing bears on Momentum alone; both of them are scored.
  ✓ one watched — counts match the marks (held 0, watchlist 1) — counts 0/1 vs drawn 0/1
  ✓ one watched — the sentence names the watchlist — Both have posted results, the last on 6 August. One is on your watchlist. Foundation reads the annual accounts, so a June-quarter filing bears on Momentum alone; both of them are scored.
  ✓ held + watched, different members (the live Capital Goods case) — counts match the marks (held 1, watchlist 1) — counts 1/1 vs drawn 1/1
  ✓ held + watched, different members (the live Capital Goods case) — the sentence names the holding — All three have posted results, the last on 6 August. One is on your watchlist and one you hold. Foundation reads the annual accounts, so a June-quarter filing bears on Momentum alone; all three of them are scored.
  ✓ held + watched, different members (the live Capital Goods case) — the sentence names the watchlist — All three have posted results, the last on 6 August. One is on your watchlist and one you hold. Foundation reads the annual accounts, so a June-quarter filing bears on Momentum alone; all three of them are scored.
  ✓ ★ ONE member both held AND watched — counts match the marks (held 1, watchlist 1) — counts 1/1 vs drawn 1/1
  ✓ ★ ONE member both held AND watched — the sentence names the holding — Both have posted results, the last on 6 August. One is on your watchlist and one you hold. Foundation reads the annual accounts, so a June-quarter filing bears on Momentum alone; both of them are scored.
  ✓ ★ ONE member both held AND watched — the sentence names the watchlist — Both have posted results, the last on 6 August. One is on your watchlist and one you hold. Foundation reads the annual accounts, so a June-quarter filing bears on Momentum alone; both of them are scored.
  ✓ a both-member beside a watch-only one — counts match the marks (held 1, watchlist 2) — counts 1/2 vs drawn 1/2
  ✓ a both-member beside a watch-only one — the sentence names the holding — Both have posted results, the last on 6 August. Two are on your watchlist and one you hold. Foundation reads the annual accounts, so a June-quarter filing bears on Momentum alone; both of them are scored.
  ✓ a both-member beside a watch-only one — the sentence names the watchlist — Both have posted results, the last on 6 August. Two are on your watchlist and one you hold. Foundation reads the annual accounts, so a June-quarter filing bears on Momentum alone; both of them are scored.
  ✓ every member both — counts match the marks (held 2, watchlist 2) — counts 2/2 vs drawn 2/2
  ✓ every member both — the sentence names the holding — Both have posted results, the last on 6 August. Two are on your watchlist and two you hold. Foundation reads the annual accounts, so a June-quarter filing bears on Momentum alone; both of them are scored.
  ✓ every member both — the sentence names the watchlist — Both have posted results, the last on 6 August. Two are on your watchlist and two you hold. Foundation reads the annual accounts, so a June-quarter filing bears on Momentum alone; both of them are scored.
  ✓ NEGATIVE CONTROL — the stock strip's precedence WOULD disagree with the row — precedence would say watching=0; the row draws 1 ring(s)
  ✓ …and the rule actually applied counts the marker — {"held":1,"watching":1}
  ✓ nobody exposed — legend condition matches the presence of a mark
  ✓ one held — legend condition matches the presence of a mark
  ✓ one watched — legend condition matches the presence of a mark
  ✓ held + watched, different members (the live Capital Goods case) — legend condition matches the presence of a mark
  ✓ ★ ONE member both held AND watched — legend condition matches the presence of a mark
  ✓ a both-member beside a watch-only one — legend condition matches the presence of a mark
  ✓ every member both — legend condition matches the presence of a mark
  ✓ anonymous — no marker, no count, no legend, no exposure clause

════════════════════════════════════════════════════════════════════════════════════════════════════
19 · ★ EVERY STATE NAMES ITS SUBJECT IN THE FIRST CLAUSE
════════════════════════════════════════════════════════════════════════════════════════════════════
  ✓ every cell names its subject in the first clause — 336 strings
  ✓ the retired subject-less wording is gone from every cell — clean
  ✓ NEGATIVE CONTROL — the retired wording WOULD be caught
  ✓ NEGATIVE CONTROL — the retired SHORT wording WOULD be caught
  ✓ one-dated-member · all_reported names the subject — The one reporter posted results 6 August. Momentum reads the quarter; it is scored.
  ✓ one-dated-member · none_reported names the subject — Season opens 15 July — one due. Momentum reads the quarter; it is scored.

════════════════════════════════════════════════════════════════════════════════════════════════════
20 · ★★ A NAMED MEMBER IS A CAPSULE, NOT PROSE — and only one state names one
════════════════════════════════════════════════════════════════════════════════════════════════════
  ✓ none_reported/ahead — full and short agree on how many members they name — full 0, short 0
  ✓ none_reported/behind — full and short agree on how many members they name — full 0, short 0
  ✓ partly/ahead — full and short agree on how many members they name — full 0, short 0
  ✓ partly/behind — full and short agree on how many members they name — full 0, short 0
  ✓ one_remaining/ahead — full and short agree on how many members they name — full 1, short 1
  ✓ one_remaining/behind — full and short agree on how many members they name — full 1, short 1
  ✓ all_reported/ahead — full and short agree on how many members they name — full 0, short 0
  ✓ ONLY `one_remaining` names a member — checked across all four states, both branches — one_remaining/ahead, one_remaining/behind
  ✓ …and it names EXACTLY ONE, in both forms and both branches
  ✓ one-dated-member · none_reported names no member
  ✓ one-dated-member · all_reported names no member
  ✓ all 96 stock segments: text IS the ticker, never mono, and carry a name — clean
  ✓ the company NAME appears in no rendered string — the ticker does — clean
  ✓ NEGATIVE CONTROL — the retired prose form WOULD be caught
  ✓ the ticker IS in the rendered sentence, both forms — Nine of ten posted results — ZYDUSLIFE left, 11 August. Momentum reads the quarter; all ten scored.
  ✓ exposure "none" reaches the sentence capsule in both forms — none/none
  ✓ exposure "held" reaches the sentence capsule in both forms — held/held
  ✓ exposure "watching" reaches the sentence capsule in both forms — watching/watching
  ✓ exposure "both" reaches the sentence capsule in both forms — both/both
  ✓ …and it does not change one character of the rendered text — a marker is not a word
  ✓ the remaining member carries no link — it is pending, and there is nothing filed to open
  ✓ …and a threaded href reaches both forms unchanged
  ✓ the ticker survives the join into `sentence` — Nine of the ten have posted results. Only ZYDUSLIFE is left, on 11 August. Foundation reads the annual accounts, so a June-quarter filing bears on Momentum alone; all ten of them are scored.
  ✓ …and into `shortSentence` — Nine of ten posted results — ZYDUSLIFE left, 11 August. Momentum reads the quarter; all ten scored.

────────────────────────────────────────────────────────────────────────────────────────────────────
matrix: 168 cells × 2 forms = 336 rendered strings
PASSED — every state × reader-exposure × scoring cell holds, in both quarter voices and both forms.

════════════════════════════════════════════════════════════════════════════════════════════════════
1 · ★ THE DIRECTION MAP AGREES WITH THE PRIMITIVE — every cell, both anti-mask options
════════════════════════════════════════════════════════════════════════════════════════════════════
  ✅ enumerated the closed cell space (96 cells)
  ✅ every fired face's declared side matches its cell's own L2 state — no disagreement
  ✅ every face the primitive can return is in the map — none missing
  ✅ every id in the map is reachable from some cell — none dead
  ✅ NEGATIVE CONTROL — a wrong side IS detected — LM3 is above; below_peer is below
  ✅ near_peer is NOT a side (LM6 sits AT the field)
  ✅ an unknown id has no side

════════════════════════════════════════════════════════════════════════════════════════════════════
2 · THE TWO ESCALATING METRIC FACES BOTH CARRY A SIDE
════════════════════════════════════════════════════════════════════════════════════════════════════
  ✅ LM3 → above the field
  ✅ LM7 → below the field

════════════════════════════════════════════════════════════════════════════════════════════════════
3 · THE COPY — every sentence the composer can produce, through the existing scans
════════════════════════════════════════════════════════════════════════════════════════════════════
  ✅ composed every sentence in the space (158)
  ✅ all pass scanForwardLanguage (R2/R3) — clean
  ✅ all pass the SHARED movement-promise / lag-number / instruction scans — clean
  ✅ no figure reaches any sentence — clean
  ✅ NEGATIVE CONTROL — a planted instruction IS caught
  ✅ NEGATIVE CONTROL — a planted movement promise IS caught
  ✅ NEGATIVE CONTROL — a planted R2 phrase IS caught

════════════════════════════════════════════════════════════════════════════════════════════════════
4 · ⚠ NUMBER AGREEMENT — baked in, not patched at the join
════════════════════════════════════════════════════════════════════════════════════════════════════
  ✅ n=1 uses 'sits' — One of the eight sits above the field on it, and still below the bar.
  ✅ n>1 uses 'sit' — Four of the seven sit above the field on it, and still below the bar.
  ✅ n=1 possessive is 'its own past readings'
  ✅ n>1 possessive is 'their own past readings'
  ✅ the count is a WORD, not a numeral, at every pond size
  ✅ both sides open with the same clause
  ✅ the two sides are distinct sentences
  ✅ neither side names a quality

════════════════════════════════════════════════════════════════════════════════════════════════════
5 · SHAPE AND ORDER — blocks by members caught, poles inside a block, both directions
════════════════════════════════════════════════════════════════════════════════════════════════════
  ✅ blocks are ordered by members caught, descending
  ✅ a metric caught at both ends is ONE block
  ✅ ★ BOTH DIRECTIONS render, heavier pole first
  ✅ the two-pole block's total spans both poles
  ✅ a member never appears on both poles of one metric
  ✅ every pole carries its own composed sentence
  ✅ outOf is the cross-section size on every block
  ✅ ties break on the metric key
  ✅ a face with no side heads no block
  ✅ empty ⇒ the empty sentence, and only then
  ✅ the boundary is always present
  ✅ a row with no members is dropped

✅ verify-lens-separation: all checks passed
════ RULE THRESHOLDS · EVERY BAR IN A REGISTERED RULE FILE TRACES TO ONE HOME ════

═══════════════════════════════════════════════════════════════════════════════════════════════════════
§0 · NEGATIVE CONTROLS — the extraction + classification, run against known shapes before the real scan
═══════════════════════════════════════════════════════════════════════════════════════════════════════
  ✅ fires on a bare local constant used in a comparison (R1's original shape) — 1 flagged
  ✅ does NOT fire on a constant traced through FACTS/STOCK_FINDINGS — clean
  ✅ does NOT fire on a constant traced through NATIVE_ZONES (findings/thresholds.ts) — clean
  ✅ does NOT fire on a bare constant that is only ever ASSIGNED (magnitude), never compared — clean
  ✅ …but DOES still see it and logs the exclusion (visible, not silent) — 1 logged
  ✅ does NOT fire on a rounding helper whose RHS merely CONTAINS a digit (Math.round(x*100)/100) — clean — the false positive this header describes, closed
  ✅ the scan FIRES on the real unregistered files' own bare constants (P2/P3/C-over-time/G still have them) — 7 bare constants found in the ten unregistered files — confirms §3's exclusion is doing real work

═══════════════════════════════════════════════════════════════════════════════════════════════════════
§3 · SCOPE — every REGISTERED rule file, derived from engine.ts's own imports; unregistered set asserted, not assumed
═══════════════════════════════════════════════════════════════════════════════════════════════════════
  rule files on disk: 53 · registered (engine.ts imports): 43 · unregistered: 10
  ✅ 43 rule files are registered (FILING_RULES + SCORING_RULES) — 43
  ✅ the unregistered set is EXACTLY the ten named in EXPECTED_UNREGISTERED — no fewer, no more — 10/10 match, exactly as retired-findings.ts + types.ts's own header describe
     excluded: p2-distribution-retail.ts — P2 — consolidated into R6 (retired-findings.ts wave 1)
     excluded: p3-promoter-stress.ts — P3 — consolidated into R1 (retired-findings.ts wave 1)
     excluded: c1-divergence.ts — C1 — superseded by D1/D2 (retired-findings.ts wave 2)
     excluded: c2-ownership-divergence.ts — C2 — superseded by D3/D4 (retired-findings.ts wave 2)
     excluded: c3-floor-trajectory-split.ts — C3 — superseded by S2 (retired-findings.ts wave 2)
     excluded: c-over-time.ts — C-over-time — excluded, −1.1%/44% positive (retired-findings.ts wave 2)
     excluded: g-convergence.ts — G — excluded, +0.2%/51% positive, 'indistinguishable from nothing' (wave 2)
     excluded: b-deterioration.ts — old B — superseded by T2/T3/T6/T9 (retired-findings.ts wave 3)
     excluded: d-recovery.ts — old D — superseded by T1/T4/T5/T7/T8 (retired-findings.ts wave 3)
     excluded: i-band-transition.ts — old I — superseded by T3 (retired-findings.ts wave 3)

═══════════════════════════════════════════════════════════════════════════════════════════════════════
§4 · THE SCAN — every registered rule file, every module-scope bare numeric constant
═══════════════════════════════════════════════════════════════════════════════════════════════════════
  43 registered files scanned
     excluded (assigned-only, never compared) src/scoring/findings/rules/p11-margin-compression.ts:25 P11_MAGNITUDE = -8  [momentum_P11_margin_compression]
  ✅ no registered rule file declares a bare, untraced numeric threshold — 43 files clean

═══════════════════════════════════════════════════════════════════════════════════════════════════════
§5 · every registered rule's emitted key resolves to a FINDING_FACTS entry (the gate's first finding, if one is missing)
═══════════════════════════════════════════════════════════════════════════════════════════════════════
  ✅ every registered rule file's emitted key was resolvable from its source — 43/43 resolved
  ✅ every resolved key carries a FINDING_FACTS record — none missing

════ VERDICT: ✅ every registered rule file's numeric thresholds trace to FINDING_FACTS or NATIVE_ZONES; nothing bare, nothing local, nothing silent ════

═══ SCORE-INPUT COLUMN CLASSIFICATION GATE ═══

quarterly_results (QuarterlyResult) — 29 fields: 12 relevant / 16 cosmetic / 1 relation
  ↳ derived from loadMomentumStandalone (src/scoring/metrics/load.ts:76)
  PASS  every field classified exactly once

fundamentals (Fundamental) — 96 fields: 35 relevant / 60 cosmetic / 1 relation
  ↳ derived from loadFoundationStandalone (src/scoring/metrics/load.ts:29)
  PASS  every field classified exactly once

banking_quarterly_results (BankingQuarterlyResult) — 45 fields: 18 relevant / 26 cosmetic / 1 relation
  ↳ derived from loadBankingQuarterlyStandalone (src/scoring/metrics/banking-load.ts:54)
  PASS  every field classified exactly once

banking_fundamentals (BankingFundamental) — 77 fields: 29 relevant / 47 cosmetic / 1 relation
  ↳ derived from loadBankingAnnualStandalone (src/scoring/metrics/banking-load.ts:16)
  PASS  every field classified exactly once

shareholding_patterns (ShareholdingPattern) — 25 fields: 11 relevant / 13 cosmetic / 1 relation
  ↳ derived from the shareholding select in computePgScores (src/scoring/composite/score-pass.ts:234)
  PASS  every field classified exactly once

── per-table asymmetry assertions ──
  PASS  quarterly_results.operatingMargin is cosmetic
  PASS  fundamentals.operatingMargin is relevant
  PASS  banking_quarterly_results.pcr is cosmetic
  PASS  banking_fundamentals.pcr is relevant
  PASS  banking_quarterly_results.nii is cosmetic
  PASS  banking_fundamentals.nii is relevant
  PASS  shareholding_patterns.promoterPledgedPct is cosmetic
  PASS  shareholding_patterns.pledgedShares is relevant

✅ ALL CLASSIFIED — no column can silently default to cosmetic.

── integrated-filing pagination gate ──────────────────────────────────

  ok   walks every page — got 31 rows in 7 pages
  ok   reports pages spent — pages=7 (ceil(31/5))
  ok   reports totalCount — totalCount=31
  ok   requests are 1-based and carry size — ymbol=STUB&size=5&page=1
  ok   no row lost or duplicated
  ok   the ITI case (31 behind a 20-row page) returns 31, not 20 — got 31
  ok   exact-fit page stops immediately — calls=1
  ok   empty result is not an error
  ok   server ignoring `page` throws rather than truncating — threw: integrated-filing-results pagination made no progress for STUB at page 2 (5 rows returned, 0 new seq_Ids). The
  ok   exceeding MAX_PAGES throws rather than returning a partial list — threw: integrated-filing-results: retrieved 200 of 100000 rows for STUB after 200 page(s) (cap 200). Refusing to retu
  ok   non-array `data` throws — threw: Expected { data: [...] } from integrated-filing-results for STUB (page 1), got: object
  ok   a shrinking totalCount cannot end the walk early — got 12

PASS — integrated-filing pagination gate (0 failure(s))


════════════════════════════════════════════════════════════════════════════════════════════════════
§1  EQUITY LANE (sec_bhavdata_full) — the lane that actually corrupted data
════════════════════════════════════════════════════════════════════════════════════════════════════
  ✅ a real session is ACCEPTED
  ✅ …and parses every EQ row — the guard changes nothing on a good day
  ✅ …and stamps the requested date
[NseBhavcopy] REJECTED 2026-05-01 — requested 2026-05-01 but the archive served 2026-04-30 — not a session, no rows written (the archive returns 200 with the PRIOR session's file on a non-session date) [kind=stale, returned=["30-Apr-2026"]]
  ✅ WEEKDAY HOLIDAY (2026-05-01, file says 30-Apr) REJECTED
  ✅ …writes ZERO rows
  ✅ …classified stale
  ✅ …names requested AND returned, for the operator
[NseBhavcopy] REJECTED 2026-07-05 — requested 2026-07-05 but the archive served 2026-07-03 — not a session, no rows written (the archive returns 200 with the PRIOR session's file on a non-session date) [kind=stale, returned=["03-Jul-2026"]]
  ✅ THE SUNDAY CASE (2026-07-05, file says 03-Jul) REJECTED
  ✅ …writes ZERO rows — this is the 504-row corruption, refused
  ✅ ★ BUDGET SATURDAY (2025-02-01) ACCEPTED — a real weekend session
  ✅ …all its rows land
[NseBhavcopy] REJECTED 2022-08-16 — requested 2022-08-16 but the file carries 2 DIFFERENT trading dates [2022-08-16, 2022-08-15] — rejecting the WHOLE file, not the matching subset (a mixed file is a source behaviour we do not understand) [kind=mixed, returned=["16-Aug-2022","15-Aug-2022"]]
  ✅ MIXED-DATE file REJECTED WHOLE
  ✅ …including the 100 rows that DID match — no salvaging
  ✅ …and the distinct set is logged, so a real mixed file teaches us its shape
[NseBhavcopy] REJECTED 2022-08-16 — requested 2022-08-16 but the file's trading date could not be parsed (unreadable: "not-a-date") — refusing to assume it matches [kind=unparseable, returned=["not-a-date"]]
  ✅ UNPARSEABLE date REJECTED — fails closed, never assumes a match

════════════════════════════════════════════════════════════════════════════════════════════════════
§2  INDEX LANE (ind_close_all) — 404s today; the stale-200 is PROVABLE ONLY SYNTHETICALLY
════════════════════════════════════════════════════════════════════════════════════════════════════
  ✅ a real index session is ACCEPTED
  ✅ …all indices land
[NseIndex] REJECTED 2026-08-13 — requested 2026-08-13 but the archive served 2026-08-12 — not a session, no rows written (the archive returns 200 with the PRIOR session's file on a non-session date) [kind=stale, returned=["12-08-2026"]]
  ✅ SIMULATED stale-200 REJECTED
  ✅ …writes ZERO values
[NseIndex] REJECTED 2026-08-13 — requested 2026-08-13 but the file's trading date could not be parsed (unreadable: "13-Aug-2026") — refusing to assume it matches [kind=unparseable, returned=["13-Aug-2026"]]
  ✅ equity-format (DD-MMM-YYYY) date in an INDEX file REJECTED — no format sniffing

════════════════════════════════════════════════════════════════════════════════════════════════════
§3  UDIFF LANE (BhavCopy_NSE_CM) — 404s today; also provable only synthetically
════════════════════════════════════════════════════════════════════════════════════════════════════
  ✅ udiff parses and exposes its TradDt values
  ✅ TradDt is asserted by GUARD 1 (shape)
  ✅ a real udiff session is ACCEPTED
  ✅ SIMULATED stale-200 REJECTED
  ✅ MIXED udiff file REJECTED WHOLE
  ✅ a missing TradDt FAILS GUARD 1 — the date check cannot silently degrade

════════════════════════════════════════════════════════════════════════════════════════════════════
§4  THE WEEKEND SKIP IS GONE — genuine weekend sessions are reachable again
════════════════════════════════════════════════════════════════════════════════════════════════════
  ✅ calendarDaysBack INCLUDES Saturday and Sunday
  ✅ the deprecated weekdaysBack still excludes them — archived recon scripts unchanged

────────────────────────────────────────────────────────────────────────────────────────────────────
  PASS 28   FAIL 0

✅ All six fetch-by-date paths reject a file that is not the session they asked for.

